snapshot_id,Re,Re_label,time,period,cycle,phase,local_snapshot_index
0,500,Re_500p000000,20.0,10.0,2.0,0.0,40
1,500,Re_500p000000,20.5,10.0,2.05,0.04999999999999982,41
2,500,Re_500p000000,21.0,10.0,2.1,0.10000000000000009,42
3,500,Re_500p000000,21.5,10.0,2.15,0.1499999999999999,43
4,500,Re_500p000000,22.0,10.0,2.2,0.20000000000000018,44
5,500,Re_500p000000,22.5,10.0,2.25,0.25,45
6,500,Re_500p000000,23.0,10.0,2.3,0.2999999999999998,46
7,500,Re_500p000000,23.5,10.0,2.35,0.3500000000000001,47
8,500,Re_500p000000,24.0,10.0,2.4,0.3999999999999999,48
9,500,Re_500p000000,24.5,10.0,2.45,0.4500000000000002,49
10,500,Re_500p000000,25.0,10.0,2.5,0.5,50
11,500,Re_500p000000,25.5,10.0,2.55,0.5499999999999998,51
12,500,Re_500p000000,26.0,10.0,2.6,0.6000000000000001,52
13,500,Re_500p000000,26.5,10.0,2.65,0.6499999999999999,53
14,500,Re_500p000000,27.0,10.0,2.7,0.7000000000000002,54
15,500,Re_500p000000,27.5,10.0,2.75,0.75,55
16,500,Re_500p000000,28.0,10.0,2.8,0.7999999999999998,56
17,500,Re_500p000000,28.5,10.0,2.85,0.8500000000000001,57
18,500,Re_500p000000,29.0,10.0,2.9,0.8999999999999999,58
19,500,Re_500p000000,29.5,10.0,2.95,0.9500000000000002,59
20,500,Re_500p000000,30.0,10.0,3.0,0.0,60
21,500,Re_500p000000,30.5,10.0,3.05,0.04999999999999982,61
22,500,Re_500p000000,31.0,10.0,3.1,0.10000000000000009,62
23,500,Re_500p000000,31.5,10.0,3.15,0.1499999999999999,63
24,500,Re_500p000000,32.0,10.0,3.2,0.20000000000000018,64
25,500,Re_500p000000,32.5,10.0,3.25,0.25,65
26,500,Re_500p000000,33.0,10.0,3.3,0.2999999999999998,66
27,500,Re_500p000000,33.5,10.0,3.35,0.3500000000000001,67
28,500,Re_500p000000,34.0,10.0,3.4,0.3999999999999999,68
29,500,Re_500p000000,34.5,10.0,3.45,0.4500000000000002,69
30,500,Re_500p000000,35.0,10.0,3.5,0.5,70
31,500,Re_500p000000,35.5,10.0,3.55,0.5499999999999998,71
32,500,Re_500p000000,36.0,10.0,3.6,0.6000000000000001,72
33,500,Re_500p000000,36.5,10.0,3.65,0.6499999999999999,73
34,500,Re_500p000000,37.0,10.0,3.7,0.7000000000000002,74
35,500,Re_500p000000,37.5,10.0,3.75,0.75,75
36,500,Re_500p000000,38.0,10.0,3.8,0.7999999999999998,76
37,500,Re_500p000000,38.5,10.0,3.85,0.8500000000000001,77
38,500,Re_500p000000,39.0,10.0,3.9,0.8999999999999999,78
39,500,Re_500p000000,39.5,10.0,3.95,0.9500000000000002,79
40,500,Re_500p000000,40.0,10.0,4.0,0.0,80
41,500,Re_500p000000,40.5,10.0,4.05,0.04999999999999982,81
42,500,Re_500p000000,41.0,10.0,4.1,0.09999999999999964,82
43,500,Re_500p000000,41.5,10.0,4.15,0.15000000000000036,83
44,500,Re_500p000000,42.0,10.0,4.2,0.20000000000000018,84
45,500,Re_500p000000,42.5,10.0,4.25,0.25,85
46,500,Re_500p000000,43.0,10.0,4.3,0.2999999999999998,86
47,500,Re_500p000000,43.5,10.0,4.35,0.34999999999999964,87
48,500,Re_500p000000,44.0,10.0,4.4,0.40000000000000036,88
49,500,Re_500p000000,44.5,10.0,4.45,0.4500000000000002,89
50,500,Re_500p000000,45.0,10.0,4.5,0.5,90
51,500,Re_500p000000,45.5,10.0,4.55,0.5499999999999998,91
52,500,Re_500p000000,46.0,10.0,4.6,0.5999999999999996,92
53,500,Re_500p000000,46.5,10.0,4.65,0.6500000000000004,93
54,500,Re_500p000000,47.0,10.0,4.7,0.7000000000000002,94
55,500,Re_500p000000,47.5,10.0,4.75,0.75,95
56,500,Re_500p000000,48.0,10.0,4.8,0.7999999999999998,96
57,500,Re_500p000000,48.5,10.0,4.85,0.8499999999999996,97
58,500,Re_500p000000,49.0,10.0,4.9,0.9000000000000004,98
59,500,Re_500p000000,49.5,10.0,4.95,0.9500000000000002,99
60,500,Re_500p000000,50.0,10.0,5.0,0.0,100
61,500,Re_500p000000,50.5,10.0,5.05,0.04999999999999982,101
62,500,Re_500p000000,51.0,10.0,5.1,0.09999999999999964,102
63,500,Re_500p000000,51.5,10.0,5.15,0.15000000000000036,103
64,500,Re_500p000000,52.0,10.0,5.2,0.20000000000000018,104
65,500,Re_500p000000,52.5,10.0,5.25,0.25,105
66,500,Re_500p000000,53.0,10.0,5.3,0.2999999999999998,106
67,500,Re_500p000000,53.5,10.0,5.35,0.34999999999999964,107
68,500,Re_500p000000,54.0,10.0,5.4,0.40000000000000036,108
69,500,Re_500p000000,54.5,10.0,5.45,0.4500000000000002,109
70,500,Re_500p000000,55.0,10.0,5.5,0.5,110
71,500,Re_500p000000,55.5,10.0,5.55,0.5499999999999998,111
72,500,Re_500p000000,56.0,10.0,5.6,0.5999999999999996,112
73,500,Re_500p000000,56.5,10.0,5.65,0.6500000000000004,113
74,500,Re_500p000000,57.0,10.0,5.7,0.7000000000000002,114
75,500,Re_500p000000,57.5,10.0,5.75,0.75,115
76,500,Re_500p000000,58.0,10.0,5.8,0.7999999999999998,116
77,500,Re_500p000000,58.5,10.0,5.85,0.8499999999999996,117
78,500,Re_500p000000,59.0,10.0,5.9,0.9000000000000004,118
79,500,Re_500p000000,59.5,10.0,5.95,0.9500000000000002,119
80,500,Re_500p000000,60.0,10.0,6.0,0.0,120
81,500,Re_500p000000,60.5,10.0,6.05,0.04999999999999982,121
82,500,Re_500p000000,61.0,10.0,6.1,0.09999999999999964,122
83,500,Re_500p000000,61.5,10.0,6.15,0.15000000000000036,123
84,500,Re_500p000000,62.0,10.0,6.2,0.20000000000000018,124
85,500,Re_500p000000,62.5,10.0,6.25,0.25,125
86,500,Re_500p000000,63.0,10.0,6.3,0.2999999999999998,126
87,500,Re_500p000000,63.5,10.0,6.35,0.34999999999999964,127
88,500,Re_500p000000,64.0,10.0,6.4,0.40000000000000036,128
89,500,Re_500p000000,64.5,10.0,6.45,0.4500000000000002,129
90,500,Re_500p000000,65.0,10.0,6.5,0.5,130
91,500,Re_500p000000,65.5,10.0,6.55,0.5499999999999998,131
92,500,Re_500p000000,66.0,10.0,6.6,0.5999999999999996,132
93,500,Re_500p000000,66.5,10.0,6.65,0.6500000000000004,133
94,500,Re_500p000000,67.0,10.0,6.7,0.7000000000000002,134
95,500,Re_500p000000,67.5,10.0,6.75,0.75,135
96,500,Re_500p000000,68.0,10.0,6.8,0.7999999999999998,136
97,500,Re_500p000000,68.5,10.0,6.85,0.8499999999999996,137
98,500,Re_500p000000,69.0,10.0,6.9,0.9000000000000004,138
99,500,Re_500p000000,69.5,10.0,6.95,0.9500000000000002,139
100,500,Re_500p000000,70.0,10.0,7.0,0.0,140
101,500,Re_500p000000,70.5,10.0,7.05,0.04999999999999982,141
102,500,Re_500p000000,71.0,10.0,7.1,0.09999999999999964,142
103,500,Re_500p000000,71.5,10.0,7.15,0.15000000000000036,143
104,500,Re_500p000000,72.0,10.0,7.2,0.20000000000000018,144
105,500,Re_500p000000,72.5,10.0,7.25,0.25,145
106,500,Re_500p000000,73.0,10.0,7.3,0.2999999999999998,146
107,500,Re_500p000000,73.5,10.0,7.35,0.34999999999999964,147
108,500,Re_500p000000,74.0,10.0,7.4,0.40000000000000036,148
109,500,Re_500p000000,74.5,10.0,7.45,0.4500000000000002,149
110,500,Re_500p000000,75.0,10.0,7.5,0.5,150
111,500,Re_500p000000,75.5,10.0,7.55,0.5499999999999998,151
112,500,Re_500p000000,76.0,10.0,7.6,0.5999999999999996,152
113,500,Re_500p000000,76.5,10.0,7.65,0.6500000000000004,153
114,500,Re_500p000000,77.0,10.0,7.7,0.7000000000000002,154
115,500,Re_500p000000,77.5,10.0,7.75,0.75,155
116,500,Re_500p000000,78.0,10.0,7.8,0.7999999999999998,156
117,500,Re_500p000000,78.5,10.0,7.85,0.8499999999999996,157
118,500,Re_500p000000,79.0,10.0,7.9,0.9000000000000004,158
119,500,Re_500p000000,79.5,10.0,7.95,0.9500000000000002,159
120,500,Re_500p000000,80.0,10.0,8.0,0.0,160
121,500,Re_500p000000,80.5,10.0,8.05,0.05000000000000071,161
122,500,Re_500p000000,81.0,10.0,8.1,0.09999999999999964,162
123,500,Re_500p000000,81.5,10.0,8.15,0.15000000000000036,163
124,500,Re_500p000000,82.0,10.0,8.2,0.1999999999999993,164
125,500,Re_500p000000,82.5,10.0,8.25,0.25,165
126,500,Re_500p000000,83.0,10.0,8.3,0.3000000000000007,166
127,500,Re_500p000000,83.5,10.0,8.35,0.34999999999999964,167
128,500,Re_500p000000,84.0,10.0,8.4,0.40000000000000036,168
129,500,Re_500p000000,84.5,10.0,8.45,0.4499999999999993,169
130,500,Re_500p000000,85.0,10.0,8.5,0.5,170
131,500,Re_500p000000,85.5,10.0,8.55,0.5500000000000007,171
132,500,Re_500p000000,86.0,10.0,8.6,0.5999999999999996,172
133,500,Re_500p000000,86.5,10.0,8.65,0.6500000000000004,173
134,500,Re_500p000000,87.0,10.0,8.7,0.6999999999999993,174
135,500,Re_500p000000,87.5,10.0,8.75,0.75,175
136,500,Re_500p000000,88.0,10.0,8.8,0.8000000000000007,176
137,500,Re_500p000000,88.5,10.0,8.85,0.8499999999999996,177
138,500,Re_500p000000,89.0,10.0,8.9,0.9000000000000004,178
139,500,Re_500p000000,89.5,10.0,8.95,0.9499999999999993,179
140,500,Re_500p000000,90.0,10.0,9.0,0.0,180
141,500,Re_500p000000,90.5,10.0,9.05,0.05000000000000071,181
142,500,Re_500p000000,91.0,10.0,9.1,0.09999999999999964,182
143,500,Re_500p000000,91.5,10.0,9.15,0.15000000000000036,183
144,500,Re_500p000000,92.0,10.0,9.2,0.1999999999999993,184
145,500,Re_500p000000,92.5,10.0,9.25,0.25,185
146,500,Re_500p000000,93.0,10.0,9.3,0.3000000000000007,186
147,500,Re_500p000000,93.5,10.0,9.35,0.34999999999999964,187
148,500,Re_500p000000,94.0,10.0,9.4,0.40000000000000036,188
149,500,Re_500p000000,94.5,10.0,9.45,0.4499999999999993,189
150,500,Re_500p000000,95.0,10.0,9.5,0.5,190
151,500,Re_500p000000,95.5,10.0,9.55,0.5500000000000007,191
152,500,Re_500p000000,96.0,10.0,9.6,0.5999999999999996,192
153,500,Re_500p000000,96.5,10.0,9.65,0.6500000000000004,193
154,500,Re_500p000000,97.0,10.0,9.7,0.6999999999999993,194
155,500,Re_500p000000,97.5,10.0,9.75,0.75,195
156,500,Re_500p000000,98.0,10.0,9.8,0.8000000000000007,196
157,500,Re_500p000000,98.5,10.0,9.85,0.8499999999999996,197
158,500,Re_500p000000,99.0,10.0,9.9,0.9000000000000004,198
159,500,Re_500p000000,99.5,10.0,9.95,0.9499999999999993,199
160,500,Re_500p000000,100.0,10.0,10.0,0.0,200
161,500,Re_500p000000,100.5,10.0,10.05,0.05000000000000071,201
162,500,Re_500p000000,101.0,10.0,10.1,0.09999999999999964,202
163,500,Re_500p000000,101.5,10.0,10.15,0.15000000000000036,203
164,500,Re_500p000000,102.0,10.0,10.2,0.1999999999999993,204
165,500,Re_500p000000,102.5,10.0,10.25,0.25,205
166,500,Re_500p000000,103.0,10.0,10.3,0.3000000000000007,206
167,500,Re_500p000000,103.5,10.0,10.35,0.34999999999999964,207
168,500,Re_500p000000,104.0,10.0,10.4,0.40000000000000036,208
169,500,Re_500p000000,104.5,10.0,10.45,0.4499999999999993,209
170,500,Re_500p000000,105.0,10.0,10.5,0.5,210
171,500,Re_500p000000,105.5,10.0,10.55,0.5500000000000007,211
172,500,Re_500p000000,106.0,10.0,10.6,0.5999999999999996,212
173,500,Re_500p000000,106.5,10.0,10.65,0.6500000000000004,213
174,500,Re_500p000000,107.0,10.0,10.7,0.6999999999999993,214
175,500,Re_500p000000,107.5,10.0,10.75,0.75,215
176,500,Re_500p000000,108.0,10.0,10.8,0.8000000000000007,216
177,500,Re_500p000000,108.5,10.0,10.85,0.8499999999999996,217
178,500,Re_500p000000,109.0,10.0,10.9,0.9000000000000004,218
179,500,Re_500p000000,109.5,10.0,10.95,0.9499999999999993,219
180,500,Re_500p000000,110.0,10.0,11.0,0.0,220
181,500,Re_500p000000,110.5,10.0,11.05,0.05000000000000071,221
182,500,Re_500p000000,111.0,10.0,11.1,0.09999999999999964,222
183,500,Re_500p000000,111.5,10.0,11.15,0.15000000000000036,223
184,500,Re_500p000000,112.0,10.0,11.2,0.1999999999999993,224
185,500,Re_500p000000,112.5,10.0,11.25,0.25,225
186,500,Re_500p000000,113.0,10.0,11.3,0.3000000000000007,226
187,500,Re_500p000000,113.5,10.0,11.35,0.34999999999999964,227
188,500,Re_500p000000,114.0,10.0,11.4,0.40000000000000036,228
189,500,Re_500p000000,114.5,10.0,11.45,0.4499999999999993,229
190,500,Re_500p000000,115.0,10.0,11.5,0.5,230
191,500,Re_500p000000,115.5,10.0,11.55,0.5500000000000007,231
192,500,Re_500p000000,116.0,10.0,11.6,0.5999999999999996,232
193,500,Re_500p000000,116.5,10.0,11.65,0.6500000000000004,233
194,500,Re_500p000000,117.0,10.0,11.7,0.6999999999999993,234
195,500,Re_500p000000,117.5,10.0,11.75,0.75,235
196,500,Re_500p000000,118.0,10.0,11.8,0.8000000000000007,236
197,500,Re_500p000000,118.5,10.0,11.85,0.8499999999999996,237
198,500,Re_500p000000,119.0,10.0,11.9,0.9000000000000004,238
199,500,Re_500p000000,119.5,10.0,11.95,0.9499999999999993,239
200,500,Re_500p000000,120.0,10.0,12.0,0.0,240
201,517.24137931,Re_517p241379,19.33333333,9.666666666666666,1.9999999996551723,0.9999999996551723,40
202,517.24137931,Re_517p241379,19.81666667,9.666666666666666,2.0500000003448275,0.050000000344827544,41
203,517.24137931,Re_517p241379,20.3,9.666666666666666,2.1,0.10000000000000009,42
204,517.24137931,Re_517p241379,20.78333333,9.666666666666666,2.1499999996551726,0.14999999965517263,43
205,517.24137931,Re_517p241379,21.26666667,9.666666666666666,2.2000000003448275,0.20000000034482746,44
206,517.24137931,Re_517p241379,21.75,9.666666666666666,2.25,0.25,45
207,517.24137931,Re_517p241379,22.23333333,9.666666666666666,2.2999999996551725,0.29999999965517254,46
208,517.24137931,Re_517p241379,22.71666667,9.666666666666666,2.3500000003448274,0.35000000034482737,47
209,517.24137931,Re_517p241379,23.2,9.666666666666666,2.4,0.3999999999999999,48
210,517.24137931,Re_517p241379,23.68333333,9.666666666666666,2.4499999996551725,0.44999999965517246,49
211,517.24137931,Re_517p241379,24.16666667,9.666666666666666,2.5000000003448277,0.5000000003448277,50
212,517.24137931,Re_517p241379,24.65,9.666666666666666,2.55,0.5499999999999998,51
213,517.24137931,Re_517p241379,25.13333333,9.666666666666666,2.5999999996551724,0.5999999996551724,52
214,517.24137931,Re_517p241379,25.61666667,9.666666666666666,2.6500000003448276,0.6500000003448276,53
215,517.24137931,Re_517p241379,26.1,9.666666666666666,2.7,0.7000000000000002,54
216,517.24137931,Re_517p241379,26.58333333,9.666666666666666,2.7499999996551723,0.7499999996551723,55
217,517.24137931,Re_517p241379,27.06666667,9.666666666666666,2.8000000003448275,0.8000000003448275,56
218,517.24137931,Re_517p241379,27.55,9.666666666666666,2.85,0.8500000000000001,57
219,517.24137931,Re_517p241379,28.03333333,9.666666666666666,2.8999999996551726,0.8999999996551726,58
220,517.24137931,Re_517p241379,28.51666667,9.666666666666666,2.950000000344828,0.9500000003448279,59
221,517.24137931,Re_517p241379,29.0,9.666666666666666,3.0,0.0,60
222,517.24137931,Re_517p241379,29.48333333,9.666666666666666,3.0499999996551725,0.049999999655172545,61
223,517.24137931,Re_517p241379,29.96666667,9.666666666666666,3.100000000344828,0.10000000034482781,62
224,517.24137931,Re_517p241379,30.45,9.666666666666666,3.15,0.1499999999999999,63
225,517.24137931,Re_517p241379,30.93333333,9.666666666666666,3.1999999996551725,0.19999999965517246,64
226,517.24137931,Re_517p241379,31.41666667,9.666666666666666,3.2500000003448277,0.2500000003448277,65
227,517.24137931,Re_517p241379,31.9,9.666666666666666,3.3000000000000003,0.30000000000000027,66
228,517.24137931,Re_517p241379,32.38333333,9.666666666666666,3.3499999996551724,0.34999999965517237,67
229,517.24137931,Re_517p241379,32.86666667,9.666666666666666,3.400000000344828,0.4000000003448281,68
230,517.24137931,Re_517p241379,33.35,9.666666666666666,3.45,0.4500000000000002,69
231,517.24137931,Re_517p241379,33.83333333,9.666666666666666,3.4999999996551727,0.4999999996551727,70
232,517.24137931,Re_517p241379,34.31666667,9.666666666666666,3.5500000003448275,0.5500000003448275,71
233,517.24137931,Re_517p241379,34.8,9.666666666666666,3.6,0.6000000000000001,72
234,517.24137931,Re_517p241379,35.28333333,9.666666666666666,3.6499999996551726,0.6499999996551726,73
235,517.24137931,Re_517p241379,35.76666667,9.666666666666666,3.700000000344828,0.7000000003448279,74
236,517.24137931,Re_517p241379,36.25,9.666666666666666,3.7500000000000004,0.7500000000000004,75
237,517.24137931,Re_517p241379,36.73333333,9.666666666666666,3.7999999996551725,0.7999999996551725,76
238,517.24137931,Re_517p241379,37.21666667,9.666666666666666,3.8500000003448283,0.8500000003448283,77
239,517.24137931,Re_517p241379,37.7,9.666666666666666,3.9000000000000004,0.9000000000000004,78
240,517.24137931,Re_517p241379,38.18333333,9.666666666666666,3.949999999655173,0.9499999996551729,79
241,517.24137931,Re_517p241379,38.66666667,9.666666666666666,4.000000000344827,3.448272778427963e-10,80
242,517.24137931,Re_517p241379,39.15,9.666666666666666,4.05,0.04999999999999982,81
243,517.24137931,Re_517p241379,39.63333333,9.666666666666666,4.099999999655172,0.09999999965517237,82
244,517.24137931,Re_517p241379,40.11666667,9.666666666666666,4.150000000344828,0.15000000034482763,83
245,517.24137931,Re_517p241379,40.6,9.666666666666666,4.2,0.20000000000000018,84
246,517.24137931,Re_517p241379,41.08333333,9.666666666666666,4.249999999655173,0.24999999965517272,85
247,517.24137931,Re_517p241379,41.56666667,9.666666666666666,4.300000000344827,0.3000000003448271,86
248,517.24137931,Re_517p241379,42.05,9.666666666666666,4.35,0.34999999999999964,87
249,517.24137931,Re_517p241379,42.53333333,9.666666666666666,4.399999999655172,0.3999999996551722,88
250,517.24137931,Re_517p241379,43.01666667,9.666666666666666,4.4500000003448275,0.45000000034482746,89
251,517.24137931,Re_517p241379,43.5,9.666666666666666,4.5,0.5,90
252,517.24137931,Re_517p241379,43.98333333,9.666666666666666,4.5499999996551725,0.5499999996551725,91
253,517.24137931,Re_517p241379,44.46666667,9.666666666666666,4.600000000344828,0.6000000003448278,92
254,517.24137931,Re_517p241379,44.95,9.666666666666666,4.65,0.6500000000000004,93
255,517.24137931,Re_517p241379,45.43333333,9.666666666666666,4.699999999655173,0.6999999996551729,94
256,517.24137931,Re_517p241379,45.91666667,9.666666666666666,4.750000000344827,0.7500000003448273,95
257,517.24137931,Re_517p241379,46.4,9.666666666666666,4.8,0.7999999999999998,96
258,517.24137931,Re_517p241379,46.88333333,9.666666666666666,4.849999999655172,0.8499999996551724,97
259,517.24137931,Re_517p241379,47.36666667,9.666666666666666,4.900000000344828,0.9000000003448276,98
260,517.24137931,Re_517p241379,47.85,9.666666666666666,4.95,0.9500000000000002,99
261,517.24137931,Re_517p241379,48.33333333,9.666666666666666,4.999999999655173,0.9999999996551727,100
262,517.24137931,Re_517p241379,48.81666667,9.666666666666666,5.050000000344827,0.0500000003448271,101
263,517.24137931,Re_517p241379,49.3,9.666666666666666,5.1,0.09999999999999964,102
264,517.24137931,Re_517p241379,49.78333333,9.666666666666666,5.149999999655172,0.1499999996551722,103
265,517.24137931,Re_517p241379,50.26666667,9.666666666666666,5.2000000003448275,0.20000000034482746,104
266,517.24137931,Re_517p241379,50.75,9.666666666666666,5.25,0.25,105
267,517.24137931,Re_517p241379,51.23333333,9.666666666666666,5.2999999996551725,0.29999999965517254,106
268,517.24137931,Re_517p241379,51.71666667,9.666666666666666,5.350000000344828,0.3500000003448278,107
269,517.24137931,Re_517p241379,52.2,9.666666666666666,5.4,0.40000000000000036,108
270,517.24137931,Re_517p241379,52.68333333,9.666666666666666,5.449999999655173,0.4499999996551729,109
271,517.24137931,Re_517p241379,53.16666667,9.666666666666666,5.500000000344827,0.5000000003448273,110
272,517.24137931,Re_517p241379,53.65,9.666666666666666,5.55,0.5499999999999998,111
273,517.24137931,Re_517p241379,54.13333333,9.666666666666666,5.599999999655172,0.5999999996551724,112
274,517.24137931,Re_517p241379,54.61666667,9.666666666666666,5.650000000344828,0.6500000003448276,113
275,517.24137931,Re_517p241379,55.1,9.666666666666666,5.7,0.7000000000000002,114
276,517.24137931,Re_517p241379,55.58333333,9.666666666666666,5.749999999655173,0.7499999996551727,115
277,517.24137931,Re_517p241379,56.06666667,9.666666666666666,5.800000000344828,0.800000000344828,116
278,517.24137931,Re_517p241379,56.55,9.666666666666666,5.85,0.8499999999999996,117
279,517.24137931,Re_517p241379,57.03333333,9.666666666666666,5.899999999655172,0.8999999996551722,118
280,517.24137931,Re_517p241379,57.51666667,9.666666666666666,5.9500000003448275,0.9500000003448275,119
281,517.24137931,Re_517p241379,58.0,9.666666666666666,6.0,0.0,120
282,517.24137931,Re_517p241379,58.48333333,9.666666666666666,6.0499999996551725,0.049999999655172545,121
283,517.24137931,Re_517p241379,58.96666667,9.666666666666666,6.100000000344828,0.10000000034482781,122
284,517.24137931,Re_517p241379,59.45,9.666666666666666,6.15,0.15000000000000036,123
285,517.24137931,Re_517p241379,59.93333333,9.666666666666666,6.199999999655173,0.1999999996551729,124
286,517.24137931,Re_517p241379,60.41666667,9.666666666666666,6.250000000344828,0.25000000034482817,125
287,517.24137931,Re_517p241379,60.9,9.666666666666666,6.3,0.2999999999999998,126
288,517.24137931,Re_517p241379,61.38333333,9.666666666666666,6.349999999655172,0.34999999965517237,127
289,517.24137931,Re_517p241379,61.86666667,9.666666666666666,6.400000000344828,0.40000000034482763,128
290,517.24137931,Re_517p241379,62.35,9.666666666666666,6.45,0.4500000000000002,129
291,517.24137931,Re_517p241379,62.83333333,9.666666666666666,6.499999999655173,0.4999999996551727,130
292,517.24137931,Re_517p241379,63.31666667,9.666666666666666,6.550000000344828,0.550000000344828,131
293,517.24137931,Re_517p241379,63.8,9.666666666666666,6.6000000000000005,0.6000000000000005,132
294,517.24137931,Re_517p241379,64.28333333,9.666666666666666,6.649999999655173,0.6499999996551731,133
295,517.24137931,Re_517p241379,64.76666667,9.666666666666666,6.700000000344828,0.7000000003448283,134
296,517.24137931,Re_517p241379,65.25,9.666666666666666,6.75,0.75,135
297,517.24137931,Re_517p241379,65.73333333,9.666666666666666,6.7999999996551725,0.7999999996551725,136
298,517.24137931,Re_517p241379,66.21666667,9.666666666666666,6.850000000344828,0.8500000003448278,137
299,517.24137931,Re_517p241379,66.7,9.666666666666666,6.9,0.9000000000000004,138
300,517.24137931,Re_517p241379,67.18333333,9.666666666666666,6.949999999655173,0.9499999996551729,139
301,517.24137931,Re_517p241379,67.66666667,9.666666666666666,7.000000000344828,3.44828166021216e-10,140
302,517.24137931,Re_517p241379,68.15,9.666666666666666,7.050000000000001,0.05000000000000071,141
303,517.24137931,Re_517p241379,68.63333333,9.666666666666666,7.099999999655172,0.09999999965517237,142
304,517.24137931,Re_517p241379,69.11666667,9.666666666666666,7.1500000003448285,0.15000000034482852,143
305,517.24137931,Re_517p241379,69.6,9.666666666666666,7.2,0.20000000000000018,144
306,517.24137931,Re_517p241379,70.08333333,9.666666666666666,7.249999999655173,0.24999999965517272,145
307,517.24137931,Re_517p241379,70.56666667,9.666666666666666,7.300000000344828,0.300000000344828,146
308,517.24137931,Re_517p241379,71.05,9.666666666666666,7.3500000000000005,0.35000000000000053,147
309,517.24137931,Re_517p241379,71.53333333,9.666666666666666,7.399999999655173,0.3999999996551731,148
310,517.24137931,Re_517p241379,72.01666667,9.666666666666666,7.450000000344828,0.45000000034482834,149
311,517.24137931,Re_517p241379,72.5,9.666666666666666,7.500000000000001,0.5000000000000009,150
312,517.24137931,Re_517p241379,72.98333333,9.666666666666666,7.5499999996551725,0.5499999996551725,151
313,517.24137931,Re_517p241379,73.46666667,9.666666666666666,7.600000000344828,0.6000000003448278,152
314,517.24137931,Re_517p241379,73.95,9.666666666666666,7.65,0.6500000000000004,153
315,517.24137931,Re_517p241379,74.43333333,9.666666666666666,7.699999999655173,0.6999999996551729,154
316,517.24137931,Re_517p241379,74.91666667,9.666666666666666,7.750000000344828,0.7500000003448282,155
317,517.24137931,Re_517p241379,75.4,9.666666666666666,7.800000000000001,0.8000000000000007,156
318,517.24137931,Re_517p241379,75.88333333,9.666666666666666,7.849999999655173,0.8499999996551733,157
319,517.24137931,Re_517p241379,76.36666667,9.666666666666666,7.9000000003448285,0.9000000003448285,158
320,517.24137931,Re_517p241379,76.85,9.666666666666666,7.95,0.9500000000000002,159
321,517.24137931,Re_517p241379,77.33333333,9.666666666666666,7.999999999655173,0.9999999996551727,160
322,517.24137931,Re_517p241379,77.81666667,9.666666666666666,8.050000000344829,0.05000000034482888,161
323,517.24137931,Re_517p241379,78.3,9.666666666666666,8.1,0.09999999999999964,162
324,517.24137931,Re_517p241379,78.78333333,9.666666666666666,8.149999999655174,0.14999999965517397,163
325,517.24137931,Re_517p241379,79.26666667,9.666666666666666,8.20000000034483,0.20000000034482923,164
326,517.24137931,Re_517p241379,79.75,9.666666666666666,8.25,0.25,165
327,517.24137931,Re_517p241379,80.23333333,9.666666666666666,8.299999999655173,0.29999999965517254,166
328,517.24137931,Re_517p241379,80.71666667,9.666666666666666,8.350000000344828,0.3500000003448278,167
329,517.24137931,Re_517p241379,81.2,9.666666666666666,8.4,0.40000000000000036,168
330,517.24137931,Re_517p241379,81.68333333,9.666666666666666,8.449999999655173,0.4499999996551729,169
331,517.24137931,Re_517p241379,82.16666667,9.666666666666666,8.500000000344828,0.5000000003448282,170
332,517.24137931,Re_517p241379,82.65,9.666666666666666,8.55,0.5500000000000007,171
333,517.24137931,Re_517p241379,83.13333333,9.666666666666666,8.599999999655173,0.5999999996551733,172
334,517.24137931,Re_517p241379,83.61666667,9.666666666666666,8.650000000344829,0.6500000003448285,173
335,517.24137931,Re_517p241379,84.1,9.666666666666666,8.7,0.6999999999999993,174
336,517.24137931,Re_517p241379,84.58333333,9.666666666666666,8.749999999655174,0.7499999996551736,175
337,517.24137931,Re_517p241379,85.06666667,9.666666666666666,8.800000000344829,0.8000000003448289,176
338,517.24137931,Re_517p241379,85.55,9.666666666666666,8.85,0.8499999999999996,177
339,517.24137931,Re_517p241379,86.03333333,9.666666666666666,8.899999999655174,0.899999999655174,178
340,517.24137931,Re_517p241379,86.51666667,9.666666666666666,8.95000000034483,0.9500000003448292,179
341,517.24137931,Re_517p241379,87.0,9.666666666666666,9.0,0.0,180
342,517.24137931,Re_517p241379,87.48333333,9.666666666666666,9.049999999655173,0.049999999655172545,181
343,517.24137931,Re_517p241379,87.96666667,9.666666666666666,9.100000000344828,0.10000000034482781,182
344,517.24137931,Re_517p241379,88.45,9.666666666666666,9.15,0.15000000000000036,183
345,517.24137931,Re_517p241379,88.93333333,9.666666666666666,9.199999999655173,0.1999999996551729,184
346,517.24137931,Re_517p241379,89.41666667,9.666666666666666,9.250000000344828,0.25000000034482817,185
347,517.24137931,Re_517p241379,89.9,9.666666666666666,9.3,0.3000000000000007,186
348,517.24137931,Re_517p241379,90.38333333,9.666666666666666,9.349999999655173,0.34999999965517326,187
349,517.24137931,Re_517p241379,90.86666667,9.666666666666666,9.400000000344829,0.4000000003448285,188
350,517.24137931,Re_517p241379,91.35,9.666666666666666,9.45,0.4499999999999993,189
351,517.24137931,Re_517p241379,91.83333333,9.666666666666666,9.499999999655174,0.4999999996551736,190
352,517.24137931,Re_517p241379,92.31666667,9.666666666666666,9.550000000344829,0.5500000003448289,191
353,517.24137931,Re_517p241379,92.8,9.666666666666666,9.6,0.5999999999999996,192
354,517.24137931,Re_517p241379,93.28333333,9.666666666666666,9.649999999655174,0.649999999655174,193
355,517.24137931,Re_517p241379,93.76666667,9.666666666666666,9.70000000034483,0.7000000003448292,194
356,517.24137931,Re_517p241379,94.25,9.666666666666666,9.75,0.75,195
357,517.24137931,Re_517p241379,94.73333333,9.666666666666666,9.799999999655173,0.7999999996551725,196
358,517.24137931,Re_517p241379,95.21666667,9.666666666666666,9.850000000344828,0.8500000003448278,197
359,517.24137931,Re_517p241379,95.7,9.666666666666666,9.9,0.9000000000000004,198
360,517.24137931,Re_517p241379,96.18333333,9.666666666666666,9.949999999655173,0.9499999996551729,199
361,517.24137931,Re_517p241379,96.66666667,9.666666666666666,10.000000000344828,3.44828166021216e-10,200
362,517.24137931,Re_517p241379,97.15,9.666666666666666,10.05,0.05000000000000071,201
363,517.24137931,Re_517p241379,97.63333333,9.666666666666666,10.099999999655173,0.09999999965517326,202
364,517.24137931,Re_517p241379,98.11666667,9.666666666666666,10.150000000344829,0.15000000034482852,203
365,517.24137931,Re_517p241379,98.6,9.666666666666666,10.2,0.1999999999999993,204
366,517.24137931,Re_517p241379,99.08333333,9.666666666666666,10.249999999655174,0.2499999996551736,205
367,517.24137931,Re_517p241379,99.56666667,9.666666666666666,10.300000000344829,0.3000000003448289,206
368,517.24137931,Re_517p241379,100.05,9.666666666666666,10.35,0.34999999999999964,207
369,517.24137931,Re_517p241379,100.53333333,9.666666666666666,10.399999999655174,0.39999999965517397,208
370,517.24137931,Re_517p241379,101.01666667,9.666666666666666,10.45000000034483,0.45000000034482923,209
371,517.24137931,Re_517p241379,101.5,9.666666666666666,10.5,0.5,210
372,517.24137931,Re_517p241379,101.98333333,9.666666666666666,10.549999999655173,0.5499999996551725,211
373,517.24137931,Re_517p241379,102.46666667,9.666666666666666,10.600000000344828,0.6000000003448278,212
374,517.24137931,Re_517p241379,102.95,9.666666666666666,10.65,0.6500000000000004,213
375,517.24137931,Re_517p241379,103.43333333,9.666666666666666,10.699999999655173,0.6999999996551729,214
376,517.24137931,Re_517p241379,103.91666667,9.666666666666666,10.750000000344828,0.7500000003448282,215
377,517.24137931,Re_517p241379,104.4,9.666666666666666,10.8,0.8000000000000007,216
378,517.24137931,Re_517p241379,104.88333333,9.666666666666666,10.849999999655173,0.8499999996551733,217
379,517.24137931,Re_517p241379,105.36666667,9.666666666666666,10.900000000344829,0.9000000003448285,218
380,517.24137931,Re_517p241379,105.85,9.666666666666666,10.95,0.9499999999999993,219
381,517.24137931,Re_517p241379,106.33333333,9.666666666666666,10.999999999655174,0.9999999996551736,220
382,517.24137931,Re_517p241379,106.81666667,9.666666666666666,11.050000000344829,0.05000000034482888,221
383,517.24137931,Re_517p241379,107.3,9.666666666666666,11.1,0.09999999999999964,222
384,517.24137931,Re_517p241379,107.78333333,9.666666666666666,11.149999999655174,0.14999999965517397,223
385,517.24137931,Re_517p241379,108.26666667,9.666666666666666,11.20000000034483,0.20000000034482923,224
386,517.24137931,Re_517p241379,108.75,9.666666666666666,11.25,0.25,225
387,517.24137931,Re_517p241379,109.23333333,9.666666666666666,11.299999999655173,0.29999999965517254,226
388,517.24137931,Re_517p241379,109.71666667,9.666666666666666,11.350000000344828,0.3500000003448278,227
389,517.24137931,Re_517p241379,110.2,9.666666666666666,11.4,0.40000000000000036,228
390,517.24137931,Re_517p241379,110.68333333,9.666666666666666,11.449999999655173,0.4499999996551729,229
391,517.24137931,Re_517p241379,111.16666667,9.666666666666666,11.500000000344828,0.5000000003448282,230
392,517.24137931,Re_517p241379,111.65,9.666666666666666,11.55,0.5500000000000007,231
393,517.24137931,Re_517p241379,112.13333333,9.666666666666666,11.599999999655173,0.5999999996551733,232
394,517.24137931,Re_517p241379,112.61666667,9.666666666666666,11.650000000344829,0.6500000003448285,233
395,517.24137931,Re_517p241379,113.1,9.666666666666666,11.7,0.6999999999999993,234
396,517.24137931,Re_517p241379,113.58333333,9.666666666666666,11.749999999655174,0.7499999996551736,235
397,517.24137931,Re_517p241379,114.06666667,9.666666666666666,11.800000000344829,0.8000000003448289,236
398,517.24137931,Re_517p241379,114.55,9.666666666666666,11.85,0.8499999999999996,237
399,517.24137931,Re_517p241379,115.03333333,9.666666666666666,11.899999999655174,0.899999999655174,238
400,517.24137931,Re_517p241379,115.51666667,9.666666666666666,11.95000000034483,0.9500000003448292,239
401,517.24137931,Re_517p241379,116.0,9.666666666666666,12.0,0.0,240
402,534.482758621,Re_534p482759,18.70967742,9.35483870967742,2.0000000000689653,6.896527793287532e-11,40
403,534.482758621,Re_534p482759,19.17741935,9.35483870967742,2.0499999994827585,0.04999999948275846,41
404,534.482758621,Re_534p482759,19.64516129,9.35483870967742,2.099999999965517,0.099999999965517,42
405,534.482758621,Re_534p482759,20.11290323,9.35483870967742,2.150000000448276,0.150000000448276,43
406,534.482758621,Re_534p482759,20.58064516,9.35483870967742,2.1999999998620687,0.19999999986206873,44
407,534.482758621,Re_534p482759,21.0483871,9.35483870967742,2.2500000003448273,0.2500000003448273,45
408,534.482758621,Re_534p482759,21.51612903,9.35483870967742,2.2999999997586205,0.29999999975862046,46
409,534.482758621,Re_534p482759,21.98387097,9.35483870967742,2.3500000002413794,0.35000000024137945,47
410,534.482758621,Re_534p482759,22.4516129,9.35483870967742,2.399999999655172,0.3999999996551722,48
411,534.482758621,Re_534p482759,22.91935484,9.35483870967742,2.4500000001379307,0.45000000013793073,49
412,534.482758621,Re_534p482759,23.38709677,9.35483870967742,2.499999999551724,0.4999999995517239,50
413,534.482758621,Re_534p482759,23.85483871,9.35483870967742,2.5500000000344825,0.5500000000344825,51
414,534.482758621,Re_534p482759,24.32258065,9.35483870967742,2.600000000517241,0.600000000517241,52
415,534.482758621,Re_534p482759,24.79032258,9.35483870967742,2.6499999999310346,0.6499999999310346,53
416,534.482758621,Re_534p482759,25.25806452,9.35483870967742,2.700000000413793,0.7000000004137932,54
417,534.482758621,Re_534p482759,25.72580645,9.35483870967742,2.749999999827586,0.7499999998275859,55
418,534.482758621,Re_534p482759,26.19354839,9.35483870967742,2.8000000003103445,0.8000000003103445,56
419,534.482758621,Re_534p482759,26.66129032,9.35483870967742,2.8499999997241376,0.8499999997241376,57
420,534.482758621,Re_534p482759,27.12903226,9.35483870967742,2.900000000206896,0.9000000002068962,58
421,534.482758621,Re_534p482759,27.59677419,9.35483870967742,2.94999999962069,0.9499999996206898,59
422,534.482758621,Re_534p482759,28.06451613,9.35483870967742,3.0000000001034484,1.0344836098852284e-10,60
423,534.482758621,Re_534p482759,28.53225806,9.35483870967742,3.049999999517241,0.0499999995172411,61
424,534.482758621,Re_534p482759,29.0,9.35483870967742,3.0999999999999996,0.09999999999999964,62
425,534.482758621,Re_534p482759,29.46774194,9.35483870967742,3.150000000482758,0.1500000004827582,63
426,534.482758621,Re_534p482759,29.93548387,9.35483870967742,3.1999999998965514,0.19999999989655137,64
427,534.482758621,Re_534p482759,30.40322581,9.35483870967742,3.25000000037931,0.2500000003793099,65
428,534.482758621,Re_534p482759,30.87096774,9.35483870967742,3.2999999997931035,0.29999999979310354,66
429,534.482758621,Re_534p482759,31.33870968,9.35483870967742,3.350000000275862,0.3500000002758621,67
430,534.482758621,Re_534p482759,31.80645161,9.35483870967742,3.399999999689655,0.39999999968965483,68
431,534.482758621,Re_534p482759,32.27419355,9.35483870967742,3.4500000001724134,0.4500000001724134,69
432,534.482758621,Re_534p482759,32.74193548,9.35483870967742,3.499999999586207,0.499999999586207,70
433,534.482758621,Re_534p482759,33.20967742,9.35483870967742,3.550000000068965,0.5500000000689651,71
434,534.482758621,Re_534p482759,33.67741935,9.35483870967742,3.5999999994827583,0.5999999994827583,72
435,534.482758621,Re_534p482759,34.14516129,9.35483870967742,3.649999999965517,0.6499999999655168,73
436,534.482758621,Re_534p482759,34.61290323,9.35483870967742,3.700000000448276,0.7000000004482758,74
437,534.482758621,Re_534p482759,35.08064516,9.35483870967742,3.749999999862069,0.749999999862069,75
438,534.482758621,Re_534p482759,35.5483871,9.35483870967742,3.800000000344827,0.8000000003448271,76
439,534.482758621,Re_534p482759,36.01612903,9.35483870967742,3.8499999997586207,0.8499999997586207,77
440,534.482758621,Re_534p482759,36.48387097,9.35483870967742,3.900000000241379,0.9000000002413788,78
441,534.482758621,Re_534p482759,36.9516129,9.35483870967742,3.9499999996551725,0.9499999996551725,79
442,534.482758621,Re_534p482759,37.41935484,9.35483870967742,4.0000000001379306,1.3793055586575065e-10,80
443,534.482758621,Re_534p482759,37.88709677,9.35483870967742,4.049999999551724,0.04999999955172374,81
444,534.482758621,Re_534p482759,38.35483871,9.35483870967742,4.100000000034483,0.10000000003448317,82
445,534.482758621,Re_534p482759,38.82258065,9.35483870967742,4.150000000517241,0.15000000051724083,83
446,534.482758621,Re_534p482759,39.29032258,9.35483870967742,4.199999999931034,0.199999999931034,84
447,534.482758621,Re_534p482759,39.75806452,9.35483870967742,4.2500000004137926,0.25000000041379256,85
448,534.482758621,Re_534p482759,40.22580645,9.35483870967742,4.299999999827586,0.29999999982758574,86
449,534.482758621,Re_534p482759,40.69354839,9.35483870967742,4.350000000310344,0.3500000003103443,87
450,534.482758621,Re_534p482759,41.16129032,9.35483870967742,4.3999999997241375,0.39999999972413747,88
451,534.482758621,Re_534p482759,41.62903226,9.35483870967742,4.450000000206897,0.4500000002068969,89
452,534.482758621,Re_534p482759,42.09677419,9.35483870967742,4.499999999620689,0.4999999996206892,90
453,534.482758621,Re_534p482759,42.56451613,9.35483870967742,4.550000000103448,0.5500000001034477,91
454,534.482758621,Re_534p482759,43.03225806,9.35483870967742,4.599999999517241,0.5999999995172409,92
455,534.482758621,Re_534p482759,43.5,9.35483870967742,4.6499999999999995,0.6499999999999995,93
456,534.482758621,Re_534p482759,43.96774194,9.35483870967742,4.700000000482759,0.7000000004827589,94
457,534.482758621,Re_534p482759,44.43548387,9.35483870967742,4.749999999896551,0.7499999998965512,95
458,534.482758621,Re_534p482759,44.90322581,9.35483870967742,4.800000000379311,0.8000000003793106,96
459,534.482758621,Re_534p482759,45.37096774,9.35483870967742,4.849999999793103,0.8499999997931029,97
460,534.482758621,Re_534p482759,45.83870968,9.35483870967742,4.9000000002758615,0.9000000002758615,98
461,534.482758621,Re_534p482759,46.30645161,9.35483870967742,4.9499999996896555,0.9499999996896555,99
462,534.482758621,Re_534p482759,46.77419355,9.35483870967742,5.000000000172413,1.724131948321883e-10,100
463,534.482758621,Re_534p482759,47.24193548,9.35483870967742,5.049999999586207,0.04999999958620727,101
464,534.482758621,Re_534p482759,47.70967742,9.35483870967742,5.100000000068965,0.10000000006896492,102
465,534.482758621,Re_534p482759,48.17741935,9.35483870967742,5.149999999482758,0.1499999994827581,103
466,534.482758621,Re_534p482759,48.64516129,9.35483870967742,5.199999999965517,0.19999999996551665,104
467,534.482758621,Re_534p482759,49.11290323,9.35483870967742,5.250000000448275,0.2500000004482752,105
468,534.482758621,Re_534p482759,49.58064516,9.35483870967742,5.299999999862069,0.29999999986206927,106
469,534.482758621,Re_534p482759,50.0483871,9.35483870967742,5.350000000344827,0.3500000003448269,107
470,534.482758621,Re_534p482759,50.51612903,9.35483870967742,5.399999999758621,0.399999999758621,108
471,534.482758621,Re_534p482759,50.98387097,9.35483870967742,5.450000000241379,0.45000000024137865,109
472,534.482758621,Re_534p482759,51.4516129,9.35483870967742,5.499999999655172,0.49999999965517183,110
473,534.482758621,Re_534p482759,51.91935484,9.35483870967742,5.55000000013793,0.5500000001379304,111
474,534.482758621,Re_534p482759,52.38709677,9.35483870967742,5.599999999551724,0.5999999995517236,112
475,534.482758621,Re_534p482759,52.85483871,9.35483870967742,5.650000000034483,0.650000000034483,113
476,534.482758621,Re_534p482759,53.32258065,9.35483870967742,5.700000000517241,0.7000000005172407,114
477,534.482758621,Re_534p482759,53.79032258,9.35483870967742,5.749999999931035,0.7499999999310347,115
478,534.482758621,Re_534p482759,54.25806452,9.35483870967742,5.800000000413792,0.8000000004137924,116
479,534.482758621,Re_534p482759,54.72580645,9.35483870967742,5.849999999827586,0.8499999998275856,117
480,534.482758621,Re_534p482759,55.19354839,9.35483870967742,5.900000000310344,0.9000000003103441,118
481,534.482758621,Re_534p482759,55.66129032,9.35483870967742,5.949999999724137,0.9499999997241373,119
482,534.482758621,Re_534p482759,56.12903226,9.35483870967742,6.000000000206897,2.0689672197704567e-10,120
483,534.482758621,Re_534p482759,56.59677419,9.35483870967742,6.049999999620689,0.04999999962068902,121
484,534.482758621,Re_534p482759,57.06451613,9.35483870967742,6.1000000001034484,0.10000000010344845,122
485,534.482758621,Re_534p482759,57.53225806,9.35483870967742,6.149999999517241,0.14999999951724075,123
486,534.482758621,Re_534p482759,58.0,9.35483870967742,6.199999999999999,0.1999999999999993,124
487,534.482758621,Re_534p482759,58.46774194,9.35483870967742,6.250000000482759,0.2500000004827587,125
488,534.482758621,Re_534p482759,58.93548387,9.35483870967742,6.299999999896551,0.299999999896551,126
489,534.482758621,Re_534p482759,59.40322581,9.35483870967742,6.3500000003793104,0.35000000037931045,127
490,534.482758621,Re_534p482759,59.87096774,9.35483870967742,6.399999999793103,0.39999999979310275,128
491,534.482758621,Re_534p482759,60.33870968,9.35483870967742,6.450000000275862,0.4500000002758622,129
492,534.482758621,Re_534p482759,60.80645161,9.35483870967742,6.499999999689655,0.49999999968965536,130
493,534.482758621,Re_534p482759,61.27419355,9.35483870967742,6.550000000172413,0.550000000172413,131
494,534.482758621,Re_534p482759,61.74193548,9.35483870967742,6.599999999586207,0.5999999995862071,132
495,534.482758621,Re_534p482759,62.20967742,9.35483870967742,6.650000000068965,0.6500000000689647,133
496,534.482758621,Re_534p482759,62.67741935,9.35483870967742,6.699999999482758,0.6999999994827579,134
497,534.482758621,Re_534p482759,63.14516129,9.35483870967742,6.7499999999655165,0.7499999999655165,135
498,534.482758621,Re_534p482759,63.61290323,9.35483870967742,6.800000000448276,0.8000000004482759,136
499,534.482758621,Re_534p482759,64.08064516,9.35483870967742,6.849999999862069,0.8499999998620691,137
500,534.482758621,Re_534p482759,64.5483871,9.35483870967742,6.900000000344827,0.9000000003448267,138
501,534.482758621,Re_534p482759,65.01612903,9.35483870967742,6.949999999758621,0.9499999997586208,139
502,534.482758621,Re_534p482759,65.48387097,9.35483870967742,7.0000000002413785,2.4137847276506363e-10,140
503,534.482758621,Re_534p482759,65.9516129,9.35483870967742,7.049999999655172,0.049999999655171656,141
504,534.482758621,Re_534p482759,66.41935484,9.35483870967742,7.10000000013793,0.1000000001379302,142
505,534.482758621,Re_534p482759,66.88709677,9.35483870967742,7.149999999551723,0.14999999955172338,143
506,534.482758621,Re_534p482759,67.35483871,9.35483870967742,7.200000000034482,0.20000000003448193,144
507,534.482758621,Re_534p482759,67.82258065,9.35483870967742,7.250000000517241,0.25000000051724136,145
508,534.482758621,Re_534p482759,68.29032258,9.35483870967742,7.299999999931034,0.29999999993103366,146
509,534.482758621,Re_534p482759,68.75806452,9.35483870967742,7.350000000413793,0.3500000004137931,147
510,534.482758621,Re_534p482759,69.22580645,9.35483870967742,7.399999999827585,0.3999999998275854,148
511,534.482758621,Re_534p482759,69.69354839,9.35483870967742,7.450000000310345,0.4500000003103448,149
512,534.482758621,Re_534p482759,70.16129032,9.35483870967742,7.499999999724138,0.499999999724138,150
513,534.482758621,Re_534p482759,70.62903226,9.35483870967742,7.5500000002068965,0.5500000002068965,151
514,534.482758621,Re_534p482759,71.09677419,9.35483870967742,7.59999999962069,0.5999999996206897,152
515,534.482758621,Re_534p482759,71.56451613,9.35483870967742,7.650000000103448,0.6500000001034483,153
516,534.482758621,Re_534p482759,72.03225806,9.35483870967742,7.6999999995172415,0.6999999995172415,154
517,534.482758621,Re_534p482759,72.5,9.35483870967742,7.749999999999999,0.7499999999999991,155
518,534.482758621,Re_534p482759,72.96774194,9.35483870967742,7.800000000482758,0.8000000004827577,156
519,534.482758621,Re_534p482759,73.43548387,9.35483870967742,7.849999999896551,0.8499999998965508,157
520,534.482758621,Re_534p482759,73.90322581,9.35483870967742,7.900000000379309,0.9000000003793094,158
521,534.482758621,Re_534p482759,74.37096774,9.35483870967742,7.949999999793103,0.9499999997931026,159
522,534.482758621,Re_534p482759,74.83870968,9.35483870967742,8.000000000275861,2.758611117315013e-10,160
523,534.482758621,Re_534p482759,75.30645161,9.35483870967742,8.049999999689653,0.04999999968965341,161
524,534.482758621,Re_534p482759,75.77419355,9.35483870967742,8.100000000172415,0.10000000017241462,162
525,534.482758621,Re_534p482759,76.24193548,9.35483870967742,8.149999999586205,0.14999999958620513,163
526,534.482758621,Re_534p482759,76.70967742,9.35483870967742,8.200000000068966,0.20000000006896634,164
527,534.482758621,Re_534p482759,77.17741935,9.35483870967742,8.249999999482757,0.24999999948275686,165
528,534.482758621,Re_534p482759,77.64516129,9.35483870967742,8.299999999965518,0.29999999996551807,166
529,534.482758621,Re_534p482759,78.11290323,9.35483870967742,8.350000000448276,0.3500000004482757,167
530,534.482758621,Re_534p482759,78.58064516,9.35483870967742,8.399999999862068,0.399999999862068,168
531,534.482758621,Re_534p482759,79.0483871,9.35483870967742,8.450000000344827,0.45000000034482746,169
532,534.482758621,Re_534p482759,79.51612903,9.35483870967742,8.49999999975862,0.49999999975861975,170
533,534.482758621,Re_534p482759,79.98387097,9.35483870967742,8.55000000024138,0.5500000002413792,171
534,534.482758621,Re_534p482759,80.4516129,9.35483870967742,8.599999999655171,0.5999999996551715,172
535,534.482758621,Re_534p482759,80.91935484,9.35483870967742,8.650000000137931,0.6500000001379309,173
536,534.482758621,Re_534p482759,81.38709677,9.35483870967742,8.699999999551723,0.6999999995517232,174
537,534.482758621,Re_534p482759,81.85483871,9.35483870967742,8.750000000034483,0.7500000000344826,175
538,534.482758621,Re_534p482759,82.32258065,9.35483870967742,8.800000000517242,0.8000000005172421,176
539,534.482758621,Re_534p482759,82.79032258,9.35483870967742,8.849999999931033,0.8499999999310326,177
540,534.482758621,Re_534p482759,83.25806452,9.35483870967742,8.900000000413794,0.9000000004137938,178
541,534.482758621,Re_534p482759,83.72580645,9.35483870967742,8.949999999827584,0.9499999998275843,179
542,534.482758621,Re_534p482759,84.19354839,9.35483870967742,9.000000000310346,3.1034552705477836e-10,180
543,534.482758621,Re_534p482759,84.66129032,9.35483870967742,9.049999999724138,0.04999999972413782,181
544,534.482758621,Re_534p482759,85.12903226,9.35483870967742,9.100000000206895,0.10000000020689548,182
545,534.482758621,Re_534p482759,85.59677419,9.35483870967742,9.14999999962069,0.14999999962068955,183
546,534.482758621,Re_534p482759,86.06451613,9.35483870967742,9.200000000103447,0.2000000001034472,184
547,534.482758621,Re_534p482759,86.53225806,9.35483870967742,9.249999999517241,0.24999999951724128,185
548,534.482758621,Re_534p482759,87.0,9.35483870967742,9.299999999999999,0.29999999999999893,186
549,534.482758621,Re_534p482759,87.46774194,9.35483870967742,9.350000000482758,0.35000000048275837,187
550,534.482758621,Re_534p482759,87.93548387,9.35483870967742,9.39999999989655,0.39999999989655066,188
551,534.482758621,Re_534p482759,88.40322581,9.35483870967742,9.45000000037931,0.4500000003793101,189
552,534.482758621,Re_534p482759,88.87096774,9.35483870967742,9.499999999793102,0.4999999997931024,190
553,534.482758621,Re_534p482759,89.33870968,9.35483870967742,9.55000000027586,0.55000000027586,191
554,534.482758621,Re_534p482759,89.80645161,9.35483870967742,9.599999999689654,0.5999999996896541,192
555,534.482758621,Re_534p482759,90.27419355,9.35483870967742,9.650000000172414,0.6500000001724136,193
556,534.482758621,Re_534p482759,90.74193548,9.35483870967742,9.699999999586206,0.6999999995862058,194
557,534.482758621,Re_534p482759,91.20967742,9.35483870967742,9.750000000068965,0.7500000000689653,195
558,534.482758621,Re_534p482759,91.67741935,9.35483870967742,9.799999999482758,0.7999999994827576,196
559,534.482758621,Re_534p482759,92.14516129,9.35483870967742,9.849999999965517,0.849999999965517,197
560,534.482758621,Re_534p482759,92.61290323,9.35483870967742,9.900000000448275,0.9000000004482747,198
561,534.482758621,Re_534p482759,93.08064516,9.35483870967742,9.949999999862069,0.9499999998620687,199
562,534.482758621,Re_534p482759,93.5483871,9.35483870967742,10.000000000344826,3.448263896643766e-10,200
563,534.482758621,Re_534p482759,94.01612903,9.35483870967742,10.04999999975862,0.04999999975862046,201
564,534.482758621,Re_534p482759,94.48387097,9.35483870967742,10.100000000241378,0.10000000024137812,202
565,534.482758621,Re_534p482759,94.9516129,9.35483870967742,10.149999999655172,0.1499999996551722,203
566,534.482758621,Re_534p482759,95.41935484,9.35483870967742,10.20000000013793,0.20000000013792985,204
567,534.482758621,Re_534p482759,95.88709677,9.35483870967742,10.249999999551724,0.24999999955172392,205
568,534.482758621,Re_534p482759,96.35483871,9.35483870967742,10.300000000034482,0.3000000000344816,206
569,534.482758621,Re_534p482759,96.82258065,9.35483870967742,10.350000000517241,0.350000000517241,207
570,534.482758621,Re_534p482759,97.29032258,9.35483870967742,10.399999999931033,0.3999999999310333,208
571,534.482758621,Re_534p482759,97.75806452,9.35483870967742,10.450000000413793,0.45000000041379273,209
572,534.482758621,Re_534p482759,98.22580645,9.35483870967742,10.499999999827585,0.49999999982758503,210
573,534.482758621,Re_534p482759,98.69354839,9.35483870967742,10.550000000310344,0.5500000003103445,211
574,534.482758621,Re_534p482759,99.16129032,9.35483870967742,10.599999999724139,0.5999999997241385,212
575,534.482758621,Re_534p482759,99.62903226,9.35483870967742,10.650000000206896,0.6500000002068962,213
576,534.482758621,Re_534p482759,100.09677419,9.35483870967742,10.69999999962069,0.6999999996206903,214
577,534.482758621,Re_534p482759,100.56451613,9.35483870967742,10.750000000103448,0.7500000001034479,215
578,534.482758621,Re_534p482759,101.03225806,9.35483870967742,10.799999999517242,0.799999999517242,216
579,534.482758621,Re_534p482759,101.5,9.35483870967742,10.85,0.8499999999999996,217
580,534.482758621,Re_534p482759,101.96774194,9.35483870967742,10.900000000482757,0.9000000004827573,218
581,534.482758621,Re_534p482759,102.43548387,9.35483870967742,10.949999999896551,0.9499999998965514,219
582,534.482758621,Re_534p482759,102.90322581,9.35483870967742,11.000000000379309,3.793090286308143e-10,220
583,534.482758621,Re_534p482759,103.37096774,9.35483870967742,11.049999999793103,0.0499999997931031,221
584,534.482758621,Re_534p482759,103.83870968,9.35483870967742,11.10000000027586,0.10000000027586076,222
585,534.482758621,Re_534p482759,104.30645161,9.35483870967742,11.149999999689655,0.14999999968965483,223
586,534.482758621,Re_534p482759,104.77419355,9.35483870967742,11.200000000172414,0.20000000017241426,224
587,534.482758621,Re_534p482759,105.24193548,9.35483870967742,11.249999999586207,0.24999999958620656,225
588,534.482758621,Re_534p482759,105.70967742,9.35483870967742,11.300000000068966,0.300000000068966,226
589,534.482758621,Re_534p482759,106.17741935,9.35483870967742,11.349999999482757,0.3499999994827565,227
590,534.482758621,Re_534p482759,106.64516129,9.35483870967742,11.399999999965518,0.3999999999655177,228
591,534.482758621,Re_534p482759,107.11290323,9.35483870967742,11.450000000448275,0.4500000004482754,229
592,534.482758621,Re_534p482759,107.58064516,9.35483870967742,11.49999999986207,0.49999999986206944,230
593,534.482758621,Re_534p482759,108.0483871,9.35483870967742,11.550000000344827,0.5500000003448271,231
594,534.482758621,Re_534p482759,108.51612903,9.35483870967742,11.59999999975862,0.5999999997586194,232
595,534.482758621,Re_534p482759,108.98387097,9.35483870967742,11.650000000241379,0.6500000002413788,233
596,534.482758621,Re_534p482759,109.4516129,9.35483870967742,11.699999999655171,0.6999999996551711,234
597,534.482758621,Re_534p482759,109.91935484,9.35483870967742,11.75000000013793,0.7500000001379306,235
598,534.482758621,Re_534p482759,110.38709677,9.35483870967742,11.799999999551723,0.7999999995517229,236
599,534.482758621,Re_534p482759,110.85483871,9.35483870967742,11.850000000034482,0.8500000000344823,237
600,534.482758621,Re_534p482759,111.32258065,9.35483870967742,11.900000000517242,0.9000000005172417,238
601,534.482758621,Re_534p482759,111.79032258,9.35483870967742,11.949999999931034,0.949999999931034,239
602,534.482758621,Re_534p482759,112.25806452,9.35483870967742,12.000000000413793,4.1379344395409134e-10,240
603,551.724137931,Re_551p724138,18.125,9.062499999999998,2.0000000000000004,4.440892098500626e-16,40
604,551.724137931,Re_551p724138,18.578125,9.062499999999998,2.0500000000000003,0.050000000000000266,41
605,551.724137931,Re_551p724138,19.03125,9.062499999999998,2.1000000000000005,0.10000000000000053,42
606,551.724137931,Re_551p724138,19.484375,9.062499999999998,2.1500000000000004,0.15000000000000036,43
607,551.724137931,Re_551p724138,19.9375,9.062499999999998,2.2000000000000006,0.20000000000000062,44
608,551.724137931,Re_551p724138,20.390625,9.062499999999998,2.2500000000000004,0.25000000000000044,45
609,551.724137931,Re_551p724138,20.84375,9.062499999999998,2.3000000000000003,0.30000000000000027,46
610,551.724137931,Re_551p724138,21.296875,9.062499999999998,2.3500000000000005,0.35000000000000053,47
611,551.724137931,Re_551p724138,21.75,9.062499999999998,2.4000000000000004,0.40000000000000036,48
612,551.724137931,Re_551p724138,22.203125,9.062499999999998,2.4500000000000006,0.4500000000000006,49
613,551.724137931,Re_551p724138,22.65625,9.062499999999998,2.5000000000000004,0.5000000000000004,50
614,551.724137931,Re_551p724138,23.109375,9.062499999999998,2.5500000000000007,0.5500000000000007,51
615,551.724137931,Re_551p724138,23.5625,9.062499999999998,2.6000000000000005,0.6000000000000005,52
616,551.724137931,Re_551p724138,24.015625,9.062499999999998,2.6500000000000004,0.6500000000000004,53
617,551.724137931,Re_551p724138,24.46875,9.062499999999998,2.7000000000000006,0.7000000000000006,54
618,551.724137931,Re_551p724138,24.921875,9.062499999999998,2.7500000000000004,0.7500000000000004,55
619,551.724137931,Re_551p724138,25.375,9.062499999999998,2.8000000000000007,0.8000000000000007,56
620,551.724137931,Re_551p724138,25.828125,9.062499999999998,2.8500000000000005,0.8500000000000005,57
621,551.724137931,Re_551p724138,26.28125,9.062499999999998,2.9000000000000004,0.9000000000000004,58
622,551.724137931,Re_551p724138,26.734375,9.062499999999998,2.9500000000000006,0.9500000000000006,59
623,551.724137931,Re_551p724138,27.1875,9.062499999999998,3.0000000000000004,4.440892098500626e-16,60
624,551.724137931,Re_551p724138,27.640625,9.062499999999998,3.0500000000000007,0.05000000000000071,61
625,551.724137931,Re_551p724138,28.09375,9.062499999999998,3.1000000000000005,0.10000000000000053,62
626,551.724137931,Re_551p724138,28.546875,9.062499999999998,3.150000000000001,0.1500000000000008,63
627,551.724137931,Re_551p724138,29.0,9.062499999999998,3.2000000000000006,0.20000000000000062,64
628,551.724137931,Re_551p724138,29.453125,9.062499999999998,3.2500000000000004,0.25000000000000044,65
629,551.724137931,Re_551p724138,29.90625,9.062499999999998,3.3000000000000007,0.3000000000000007,66
630,551.724137931,Re_551p724138,30.359375,9.062499999999998,3.3500000000000005,0.35000000000000053,67
631,551.724137931,Re_551p724138,30.8125,9.062499999999998,3.400000000000001,0.4000000000000008,68
632,551.724137931,Re_551p724138,31.265625,9.062499999999998,3.4500000000000006,0.4500000000000006,69
633,551.724137931,Re_551p724138,31.71875,9.062499999999998,3.500000000000001,0.5000000000000009,70
634,551.724137931,Re_551p724138,32.171875,9.062499999999998,3.5500000000000007,0.5500000000000007,71
635,551.724137931,Re_551p724138,32.625,9.062499999999998,3.6000000000000005,0.6000000000000005,72
636,551.724137931,Re_551p724138,33.078125,9.062499999999998,3.650000000000001,0.6500000000000008,73
637,551.724137931,Re_551p724138,33.53125,9.062499999999998,3.7000000000000006,0.7000000000000006,74
638,551.724137931,Re_551p724138,33.984375,9.062499999999998,3.750000000000001,0.7500000000000009,75
639,551.724137931,Re_551p724138,34.4375,9.062499999999998,3.8000000000000007,0.8000000000000007,76
640,551.724137931,Re_551p724138,34.890625,9.062499999999998,3.8500000000000005,0.8500000000000005,77
641,551.724137931,Re_551p724138,35.34375,9.062499999999998,3.900000000000001,0.9000000000000008,78
642,551.724137931,Re_551p724138,35.796875,9.062499999999998,3.9500000000000006,0.9500000000000006,79
643,551.724137931,Re_551p724138,36.25,9.062499999999998,4.000000000000001,8.881784197001252e-16,80
644,551.724137931,Re_551p724138,36.703125,9.062499999999998,4.050000000000001,0.05000000000000071,81
645,551.724137931,Re_551p724138,37.15625,9.062499999999998,4.1000000000000005,0.10000000000000053,82
646,551.724137931,Re_551p724138,37.609375,9.062499999999998,4.150000000000001,0.15000000000000124,83
647,551.724137931,Re_551p724138,38.0625,9.062499999999998,4.200000000000001,0.20000000000000107,84
648,551.724137931,Re_551p724138,38.515625,9.062499999999998,4.250000000000001,0.2500000000000009,85
649,551.724137931,Re_551p724138,38.96875,9.062499999999998,4.300000000000001,0.3000000000000007,86
650,551.724137931,Re_551p724138,39.421875,9.062499999999998,4.3500000000000005,0.35000000000000053,87
651,551.724137931,Re_551p724138,39.875,9.062499999999998,4.400000000000001,0.40000000000000124,88
652,551.724137931,Re_551p724138,40.328125,9.062499999999998,4.450000000000001,0.45000000000000107,89
653,551.724137931,Re_551p724138,40.78125,9.062499999999998,4.500000000000001,0.5000000000000009,90
654,551.724137931,Re_551p724138,41.234375,9.062499999999998,4.550000000000001,0.5500000000000007,91
655,551.724137931,Re_551p724138,41.6875,9.062499999999998,4.6000000000000005,0.6000000000000005,92
656,551.724137931,Re_551p724138,42.140625,9.062499999999998,4.650000000000001,0.6500000000000012,93
657,551.724137931,Re_551p724138,42.59375,9.062499999999998,4.700000000000001,0.7000000000000011,94
658,551.724137931,Re_551p724138,43.046875,9.062499999999998,4.750000000000001,0.7500000000000009,95
659,551.724137931,Re_551p724138,43.5,9.062499999999998,4.800000000000001,0.8000000000000007,96
660,551.724137931,Re_551p724138,43.953125,9.062499999999998,4.8500000000000005,0.8500000000000005,97
661,551.724137931,Re_551p724138,44.40625,9.062499999999998,4.900000000000001,0.9000000000000012,98
662,551.724137931,Re_551p724138,44.859375,9.062499999999998,4.950000000000001,0.9500000000000011,99
663,551.724137931,Re_551p724138,45.3125,9.062499999999998,5.000000000000001,8.881784197001252e-16,100
664,551.724137931,Re_551p724138,45.765625,9.062499999999998,5.050000000000001,0.05000000000000071,101
665,551.724137931,Re_551p724138,46.21875,9.062499999999998,5.100000000000001,0.10000000000000142,102
666,551.724137931,Re_551p724138,46.671875,9.062499999999998,5.150000000000001,0.15000000000000124,103
667,551.724137931,Re_551p724138,47.125,9.062499999999998,5.200000000000001,0.20000000000000107,104
668,551.724137931,Re_551p724138,47.578125,9.062499999999998,5.250000000000001,0.2500000000000009,105
669,551.724137931,Re_551p724138,48.03125,9.062499999999998,5.300000000000001,0.3000000000000007,106
670,551.724137931,Re_551p724138,48.484375,9.062499999999998,5.350000000000001,0.3500000000000014,107
671,551.724137931,Re_551p724138,48.9375,9.062499999999998,5.400000000000001,0.40000000000000124,108
672,551.724137931,Re_551p724138,49.390625,9.062499999999998,5.450000000000001,0.45000000000000107,109
673,551.724137931,Re_551p724138,49.84375,9.062499999999998,5.500000000000001,0.5000000000000009,110
674,551.724137931,Re_551p724138,50.296875,9.062499999999998,5.550000000000001,0.5500000000000007,111
675,551.724137931,Re_551p724138,50.75,9.062499999999998,5.600000000000001,0.6000000000000014,112
676,551.724137931,Re_551p724138,51.203125,9.062499999999998,5.650000000000001,0.6500000000000012,113
677,551.724137931,Re_551p724138,51.65625,9.062499999999998,5.700000000000001,0.7000000000000011,114
678,551.724137931,Re_551p724138,52.109375,9.062499999999998,5.750000000000001,0.7500000000000009,115
679,551.724137931,Re_551p724138,52.5625,9.062499999999998,5.800000000000001,0.8000000000000007,116
680,551.724137931,Re_551p724138,53.015625,9.062499999999998,5.850000000000001,0.8500000000000014,117
681,551.724137931,Re_551p724138,53.46875,9.062499999999998,5.900000000000001,0.9000000000000012,118
682,551.724137931,Re_551p724138,53.921875,9.062499999999998,5.950000000000001,0.9500000000000011,119
683,551.724137931,Re_551p724138,54.375,9.062499999999998,6.000000000000001,8.881784197001252e-16,120
684,551.724137931,Re_551p724138,54.828125,9.062499999999998,6.050000000000002,0.0500000000000016,121
685,551.724137931,Re_551p724138,55.28125,9.062499999999998,6.100000000000001,0.10000000000000142,122
686,551.724137931,Re_551p724138,55.734375,9.062499999999998,6.150000000000001,0.15000000000000124,123
687,551.724137931,Re_551p724138,56.1875,9.062499999999998,6.200000000000001,0.20000000000000107,124
688,551.724137931,Re_551p724138,56.640625,9.062499999999998,6.250000000000001,0.2500000000000009,125
689,551.724137931,Re_551p724138,57.09375,9.062499999999998,6.300000000000002,0.3000000000000016,126
690,551.724137931,Re_551p724138,57.546875,9.062499999999998,6.350000000000001,0.3500000000000014,127
691,551.724137931,Re_551p724138,58.0,9.062499999999998,6.400000000000001,0.40000000000000124,128
692,551.724137931,Re_551p724138,58.453125,9.062499999999998,6.450000000000001,0.45000000000000107,129
693,551.724137931,Re_551p724138,58.90625,9.062499999999998,6.500000000000001,0.5000000000000009,130
694,551.724137931,Re_551p724138,59.359375,9.062499999999998,6.550000000000002,0.5500000000000016,131
695,551.724137931,Re_551p724138,59.8125,9.062499999999998,6.600000000000001,0.6000000000000014,132
696,551.724137931,Re_551p724138,60.265625,9.062499999999998,6.650000000000001,0.6500000000000012,133
697,551.724137931,Re_551p724138,60.71875,9.062499999999998,6.700000000000001,0.7000000000000011,134
698,551.724137931,Re_551p724138,61.171875,9.062499999999998,6.750000000000001,0.7500000000000009,135
699,551.724137931,Re_551p724138,61.625,9.062499999999998,6.800000000000002,0.8000000000000016,136
700,551.724137931,Re_551p724138,62.078125,9.062499999999998,6.850000000000001,0.8500000000000014,137
701,551.724137931,Re_551p724138,62.53125,9.062499999999998,6.900000000000001,0.9000000000000012,138
702,551.724137931,Re_551p724138,62.984375,9.062499999999998,6.950000000000001,0.9500000000000011,139
703,551.724137931,Re_551p724138,63.4375,9.062499999999998,7.000000000000002,1.7763568394002505e-15,140
704,551.724137931,Re_551p724138,63.890625,9.062499999999998,7.050000000000002,0.0500000000000016,141
705,551.724137931,Re_551p724138,64.34375,9.062499999999998,7.100000000000001,0.10000000000000142,142
706,551.724137931,Re_551p724138,64.796875,9.062499999999998,7.150000000000001,0.15000000000000124,143
707,551.724137931,Re_551p724138,65.25,9.062499999999998,7.200000000000001,0.20000000000000107,144
708,551.724137931,Re_551p724138,65.703125,9.062499999999998,7.250000000000002,0.2500000000000018,145
709,551.724137931,Re_551p724138,66.15625,9.062499999999998,7.300000000000002,0.3000000000000016,146
710,551.724137931,Re_551p724138,66.609375,9.062499999999998,7.350000000000001,0.3500000000000014,147
711,551.724137931,Re_551p724138,67.0625,9.062499999999998,7.400000000000001,0.40000000000000124,148
712,551.724137931,Re_551p724138,67.515625,9.062499999999998,7.450000000000001,0.45000000000000107,149
713,551.724137931,Re_551p724138,67.96875,9.062499999999998,7.500000000000002,0.5000000000000018,150
714,551.724137931,Re_551p724138,68.421875,9.062499999999998,7.550000000000002,0.5500000000000016,151
715,551.724137931,Re_551p724138,68.875,9.062499999999998,7.600000000000001,0.6000000000000014,152
716,551.724137931,Re_551p724138,69.328125,9.062499999999998,7.650000000000001,0.6500000000000012,153
717,551.724137931,Re_551p724138,69.78125,9.062499999999998,7.700000000000001,0.7000000000000011,154
718,551.724137931,Re_551p724138,70.234375,9.062499999999998,7.750000000000002,0.7500000000000018,155
719,551.724137931,Re_551p724138,70.6875,9.062499999999998,7.800000000000002,0.8000000000000016,156
720,551.724137931,Re_551p724138,71.140625,9.062499999999998,7.850000000000001,0.8500000000000014,157
721,551.724137931,Re_551p724138,71.59375,9.062499999999998,7.900000000000001,0.9000000000000012,158
722,551.724137931,Re_551p724138,72.046875,9.062499999999998,7.950000000000002,0.950000000000002,159
723,551.724137931,Re_551p724138,72.5,9.062499999999998,8.000000000000002,1.7763568394002505e-15,160
724,551.724137931,Re_551p724138,72.953125,9.062499999999998,8.05,0.05000000000000071,161
725,551.724137931,Re_551p724138,73.40625,9.062499999999998,8.100000000000001,0.10000000000000142,162
726,551.724137931,Re_551p724138,73.859375,9.062499999999998,8.150000000000002,0.15000000000000213,163
727,551.724137931,Re_551p724138,74.3125,9.062499999999998,8.200000000000001,0.20000000000000107,164
728,551.724137931,Re_551p724138,74.765625,9.062499999999998,8.250000000000002,0.2500000000000018,165
729,551.724137931,Re_551p724138,75.21875,9.062499999999998,8.300000000000002,0.3000000000000025,166
730,551.724137931,Re_551p724138,75.671875,9.062499999999998,8.350000000000001,0.3500000000000014,167
731,551.724137931,Re_551p724138,76.125,9.062499999999998,8.400000000000002,0.40000000000000213,168
732,551.724137931,Re_551p724138,76.578125,9.062499999999998,8.450000000000001,0.45000000000000107,169
733,551.724137931,Re_551p724138,77.03125,9.062499999999998,8.500000000000002,0.5000000000000018,170
734,551.724137931,Re_551p724138,77.484375,9.062499999999998,8.550000000000002,0.5500000000000025,171
735,551.724137931,Re_551p724138,77.9375,9.062499999999998,8.600000000000001,0.6000000000000014,172
736,551.724137931,Re_551p724138,78.390625,9.062499999999998,8.650000000000002,0.6500000000000021,173
737,551.724137931,Re_551p724138,78.84375,9.062499999999998,8.700000000000001,0.7000000000000011,174
738,551.724137931,Re_551p724138,79.296875,9.062499999999998,8.750000000000002,0.7500000000000018,175
739,551.724137931,Re_551p724138,79.75,9.062499999999998,8.800000000000002,0.8000000000000025,176
740,551.724137931,Re_551p724138,80.203125,9.062499999999998,8.850000000000001,0.8500000000000014,177
741,551.724137931,Re_551p724138,80.65625,9.062499999999998,8.900000000000002,0.9000000000000021,178
742,551.724137931,Re_551p724138,81.109375,9.062499999999998,8.950000000000001,0.9500000000000011,179
743,551.724137931,Re_551p724138,81.5625,9.062499999999998,9.000000000000002,1.7763568394002505e-15,180
744,551.724137931,Re_551p724138,82.015625,9.062499999999998,9.050000000000002,0.05000000000000249,181
745,551.724137931,Re_551p724138,82.46875,9.062499999999998,9.100000000000001,0.10000000000000142,182
746,551.724137931,Re_551p724138,82.921875,9.062499999999998,9.150000000000002,0.15000000000000213,183
747,551.724137931,Re_551p724138,83.375,9.062499999999998,9.200000000000001,0.20000000000000107,184
748,551.724137931,Re_551p724138,83.828125,9.062499999999998,9.250000000000002,0.2500000000000018,185
749,551.724137931,Re_551p724138,84.28125,9.062499999999998,9.300000000000002,0.3000000000000025,186
750,551.724137931,Re_551p724138,84.734375,9.062499999999998,9.350000000000001,0.3500000000000014,187
751,551.724137931,Re_551p724138,85.1875,9.062499999999998,9.400000000000002,0.40000000000000213,188
752,551.724137931,Re_551p724138,85.640625,9.062499999999998,9.450000000000001,0.45000000000000107,189
753,551.724137931,Re_551p724138,86.09375,9.062499999999998,9.500000000000002,0.5000000000000018,190
754,551.724137931,Re_551p724138,86.546875,9.062499999999998,9.550000000000002,0.5500000000000025,191
755,551.724137931,Re_551p724138,87.0,9.062499999999998,9.600000000000001,0.6000000000000014,192
756,551.724137931,Re_551p724138,87.453125,9.062499999999998,9.650000000000002,0.6500000000000021,193
757,551.724137931,Re_551p724138,87.90625,9.062499999999998,9.700000000000001,0.7000000000000011,194
758,551.724137931,Re_551p724138,88.359375,9.062499999999998,9.750000000000002,0.7500000000000018,195
759,551.724137931,Re_551p724138,88.8125,9.062499999999998,9.800000000000002,0.8000000000000025,196
760,551.724137931,Re_551p724138,89.265625,9.062499999999998,9.850000000000001,0.8500000000000014,197
761,551.724137931,Re_551p724138,89.71875,9.062499999999998,9.900000000000002,0.9000000000000021,198
762,551.724137931,Re_551p724138,90.171875,9.062499999999998,9.950000000000001,0.9500000000000011,199
763,551.724137931,Re_551p724138,90.625,9.062499999999998,10.000000000000002,1.7763568394002505e-15,200
764,551.724137931,Re_551p724138,91.078125,9.062499999999998,10.050000000000002,0.05000000000000249,201
765,551.724137931,Re_551p724138,91.53125,9.062499999999998,10.100000000000001,0.10000000000000142,202
766,551.724137931,Re_551p724138,91.984375,9.062499999999998,10.150000000000002,0.15000000000000213,203
767,551.724137931,Re_551p724138,92.4375,9.062499999999998,10.200000000000003,0.20000000000000284,204
768,551.724137931,Re_551p724138,92.890625,9.062499999999998,10.250000000000002,0.2500000000000018,205
769,551.724137931,Re_551p724138,93.34375,9.062499999999998,10.300000000000002,0.3000000000000025,206
770,551.724137931,Re_551p724138,93.796875,9.062499999999998,10.350000000000001,0.3500000000000014,207
771,551.724137931,Re_551p724138,94.25,9.062499999999998,10.400000000000002,0.40000000000000213,208
772,551.724137931,Re_551p724138,94.703125,9.062499999999998,10.450000000000003,0.45000000000000284,209
773,551.724137931,Re_551p724138,95.15625,9.062499999999998,10.500000000000002,0.5000000000000018,210
774,551.724137931,Re_551p724138,95.609375,9.062499999999998,10.550000000000002,0.5500000000000025,211
775,551.724137931,Re_551p724138,96.0625,9.062499999999998,10.600000000000001,0.6000000000000014,212
776,551.724137931,Re_551p724138,96.515625,9.062499999999998,10.650000000000002,0.6500000000000021,213
777,551.724137931,Re_551p724138,96.96875,9.062499999999998,10.700000000000003,0.7000000000000028,214
778,551.724137931,Re_551p724138,97.421875,9.062499999999998,10.750000000000002,0.7500000000000018,215
779,551.724137931,Re_551p724138,97.875,9.062499999999998,10.800000000000002,0.8000000000000025,216
780,551.724137931,Re_551p724138,98.328125,9.062499999999998,10.850000000000001,0.8500000000000014,217
781,551.724137931,Re_551p724138,98.78125,9.062499999999998,10.900000000000002,0.9000000000000021,218
782,551.724137931,Re_551p724138,99.234375,9.062499999999998,10.950000000000003,0.9500000000000028,219
783,551.724137931,Re_551p724138,99.6875,9.062499999999998,11.000000000000002,1.7763568394002505e-15,220
784,551.724137931,Re_551p724138,100.140625,9.062499999999998,11.050000000000002,0.05000000000000249,221
785,551.724137931,Re_551p724138,100.59375,9.062499999999998,11.100000000000001,0.10000000000000142,222
786,551.724137931,Re_551p724138,101.046875,9.062499999999998,11.150000000000002,0.15000000000000213,223
787,551.724137931,Re_551p724138,101.5,9.062499999999998,11.200000000000003,0.20000000000000284,224
788,551.724137931,Re_551p724138,101.953125,9.062499999999998,11.250000000000002,0.2500000000000018,225
789,551.724137931,Re_551p724138,102.40625,9.062499999999998,11.300000000000002,0.3000000000000025,226
790,551.724137931,Re_551p724138,102.859375,9.062499999999998,11.350000000000001,0.3500000000000014,227
791,551.724137931,Re_551p724138,103.3125,9.062499999999998,11.400000000000002,0.40000000000000213,228
792,551.724137931,Re_551p724138,103.765625,9.062499999999998,11.450000000000003,0.45000000000000284,229
793,551.724137931,Re_551p724138,104.21875,9.062499999999998,11.500000000000002,0.5000000000000018,230
794,551.724137931,Re_551p724138,104.671875,9.062499999999998,11.550000000000002,0.5500000000000025,231
795,551.724137931,Re_551p724138,105.125,9.062499999999998,11.600000000000001,0.6000000000000014,232
796,551.724137931,Re_551p724138,105.578125,9.062499999999998,11.650000000000002,0.6500000000000021,233
797,551.724137931,Re_551p724138,106.03125,9.062499999999998,11.700000000000003,0.7000000000000028,234
798,551.724137931,Re_551p724138,106.484375,9.062499999999998,11.750000000000002,0.7500000000000018,235
799,551.724137931,Re_551p724138,106.9375,9.062499999999998,11.800000000000002,0.8000000000000025,236
800,551.724137931,Re_551p724138,107.390625,9.062499999999998,11.850000000000003,0.8500000000000032,237
801,551.724137931,Re_551p724138,107.84375,9.062499999999998,11.900000000000002,0.9000000000000021,238
802,551.724137931,Re_551p724138,108.296875,9.062499999999998,11.950000000000003,0.9500000000000028,239
803,551.724137931,Re_551p724138,108.75,9.062499999999998,12.000000000000002,1.7763568394002505e-15,240
804,568.965517241,Re_568p965517,17.57575758,8.787878787878787,2.0000000004827587,4.827587218869667e-10,40
805,568.965517241,Re_568p965517,18.01515152,8.787878787878787,2.0500000005517243,0.050000000551724266,41
806,568.965517241,Re_568p965517,18.45454545,8.787878787878787,2.0999999994827587,0.09999999948275873,42
807,568.965517241,Re_568p965517,18.89393939,8.787878787878787,2.1499999995517243,0.14999999955172427,43
808,568.965517241,Re_568p965517,19.33333333,8.787878787878787,2.19999999962069,0.19999999962068982,44
809,568.965517241,Re_568p965517,19.77272727,8.787878787878787,2.2499999996896554,0.24999999968965536,45
810,568.965517241,Re_568p965517,20.21212121,8.787878787878787,2.299999999758621,0.2999999997586209,46
811,568.965517241,Re_568p965517,20.65151515,8.787878787878787,2.3499999998275864,0.34999999982758645,47
812,568.965517241,Re_568p965517,21.09090909,8.787878787878787,2.399999999896552,0.399999999896552,48
813,568.965517241,Re_568p965517,21.53030303,8.787878787878787,2.449999999965517,0.4499999999655171,49
814,568.965517241,Re_568p965517,21.96969697,8.787878787878787,2.500000000034483,0.5000000000344831,50
815,568.965517241,Re_568p965517,22.40909091,8.787878787878787,2.5500000001034486,0.5500000001034486,51
816,568.965517241,Re_568p965517,22.84848485,8.787878787878787,2.6000000001724137,0.6000000001724137,52
817,568.965517241,Re_568p965517,23.28787879,8.787878787878787,2.6500000002413797,0.6500000002413797,53
818,568.965517241,Re_568p965517,23.72727273,8.787878787878787,2.700000000310345,0.7000000003103448,54
819,568.965517241,Re_568p965517,24.16666667,8.787878787878787,2.750000000379311,0.7500000003793108,55
820,568.965517241,Re_568p965517,24.60606061,8.787878787878787,2.800000000448276,0.8000000004482759,56
821,568.965517241,Re_568p965517,25.04545455,8.787878787878787,2.8500000005172414,0.8500000005172414,57
822,568.965517241,Re_568p965517,25.48484848,8.787878787878787,2.899999999448276,0.8999999994482759,58
823,568.965517241,Re_568p965517,25.92424242,8.787878787878787,2.9499999995172415,0.9499999995172415,59
824,568.965517241,Re_568p965517,26.36363636,8.787878787878787,2.9999999995862074,0.9999999995862074,60
825,568.965517241,Re_568p965517,26.8030303,8.787878787878787,3.0499999996551725,0.049999999655172545,61
826,568.965517241,Re_568p965517,27.24242424,8.787878787878787,3.099999999724138,0.09999999972413809,62
827,568.965517241,Re_568p965517,27.68181818,8.787878787878787,3.1499999997931036,0.14999999979310363,63
828,568.965517241,Re_568p965517,28.12121212,8.787878787878787,3.199999999862069,0.19999999986206918,64
829,568.965517241,Re_568p965517,28.56060606,8.787878787878787,3.2499999999310347,0.24999999993103472,65
830,568.965517241,Re_568p965517,29.0,8.787878787878787,3.3000000000000003,0.30000000000000027,66
831,568.965517241,Re_568p965517,29.43939394,8.787878787878787,3.350000000068966,0.3500000000689658,67
832,568.965517241,Re_568p965517,29.87878788,8.787878787878787,3.4000000001379314,0.40000000013793136,68
833,568.965517241,Re_568p965517,30.31818182,8.787878787878787,3.450000000206897,0.4500000002068969,69
834,568.965517241,Re_568p965517,30.75757576,8.787878787878787,3.5000000002758624,0.5000000002758624,70
835,568.965517241,Re_568p965517,31.1969697,8.787878787878787,3.550000000344828,0.550000000344828,71
836,568.965517241,Re_568p965517,31.63636364,8.787878787878787,3.600000000413793,0.6000000004137931,72
837,568.965517241,Re_568p965517,32.07575758,8.787878787878787,3.650000000482759,0.6500000004827591,73
838,568.965517241,Re_568p965517,32.51515152,8.787878787878787,3.7000000005517246,0.7000000005517246,74
839,568.965517241,Re_568p965517,32.95454545,8.787878787878787,3.7499999994827586,0.7499999994827586,75
840,568.965517241,Re_568p965517,33.39393939,8.787878787878787,3.7999999995517246,0.7999999995517246,76
841,568.965517241,Re_568p965517,33.83333333,8.787878787878787,3.84999999962069,0.8499999996206902,77
842,568.965517241,Re_568p965517,34.27272727,8.787878787878787,3.8999999996896553,0.8999999996896553,78
843,568.965517241,Re_568p965517,34.71212121,8.787878787878787,3.949999999758621,0.9499999997586208,79
844,568.965517241,Re_568p965517,35.15151515,8.787878787878787,3.999999999827587,0.9999999998275868,80
845,568.965517241,Re_568p965517,35.59090909,8.787878787878787,4.049999999896552,0.049999999896551905,81
846,568.965517241,Re_568p965517,36.03030303,8.787878787878787,4.099999999965517,0.099999999965517,82
847,568.965517241,Re_568p965517,36.46969697,8.787878787878787,4.150000000034483,0.150000000034483,83
848,568.965517241,Re_568p965517,36.90909091,8.787878787878787,4.200000000103449,0.20000000010344898,84
849,568.965517241,Re_568p965517,37.34848485,8.787878787878787,4.250000000172414,0.2500000001724141,85
850,568.965517241,Re_568p965517,37.78787879,8.787878787878787,4.30000000024138,0.30000000024138007,86
851,568.965517241,Re_568p965517,38.22727273,8.787878787878787,4.350000000310345,0.35000000031034517,87
852,568.965517241,Re_568p965517,38.66666667,8.787878787878787,4.40000000037931,0.40000000037931027,88
853,568.965517241,Re_568p965517,39.10606061,8.787878787878787,4.450000000448276,0.45000000044827626,89
854,568.965517241,Re_568p965517,39.54545455,8.787878787878787,4.500000000517242,0.5000000005172422,90
855,568.965517241,Re_568p965517,39.98484848,8.787878787878787,4.549999999448276,0.5499999994482758,91
856,568.965517241,Re_568p965517,40.42424242,8.787878787878787,4.599999999517242,0.5999999995172418,92
857,568.965517241,Re_568p965517,40.86363636,8.787878787878787,4.649999999586208,0.6499999995862078,93
858,568.965517241,Re_568p965517,41.3030303,8.787878787878787,4.699999999655173,0.6999999996551729,94
859,568.965517241,Re_568p965517,41.74242424,8.787878787878787,4.749999999724138,0.749999999724138,95
860,568.965517241,Re_568p965517,42.18181818,8.787878787878787,4.799999999793104,0.799999999793104,96
861,568.965517241,Re_568p965517,42.62121212,8.787878787878787,4.84999999986207,0.84999999986207,97
862,568.965517241,Re_568p965517,43.06060606,8.787878787878787,4.899999999931034,0.8999999999310342,98
863,568.965517241,Re_568p965517,43.5,8.787878787878787,4.95,0.9500000000000002,99
864,568.965517241,Re_568p965517,43.93939394,8.787878787878787,5.000000000068966,6.896616611129502e-11,100
865,568.965517241,Re_568p965517,44.37878788,8.787878787878787,5.050000000137931,0.050000000137931266,101
866,568.965517241,Re_568p965517,44.81818182,8.787878787878787,5.100000000206897,0.10000000020689725,102
867,568.965517241,Re_568p965517,45.25757576,8.787878787878787,5.150000000275862,0.15000000027586236,103
868,568.965517241,Re_568p965517,45.6969697,8.787878787878787,5.2000000003448275,0.20000000034482746,104
869,568.965517241,Re_568p965517,46.13636364,8.787878787878787,5.250000000413793,0.25000000041379344,105
870,568.965517241,Re_568p965517,46.57575758,8.787878787878787,5.300000000482759,0.30000000048275943,106
871,568.965517241,Re_568p965517,47.01515152,8.787878787878787,5.3500000005517245,0.35000000055172453,107
872,568.965517241,Re_568p965517,47.45454545,8.787878787878787,5.399999999482759,0.399999999482759,108
873,568.965517241,Re_568p965517,47.89393939,8.787878787878787,5.449999999551725,0.449999999551725,109
874,568.965517241,Re_568p965517,48.33333333,8.787878787878787,5.49999999962069,0.4999999996206901,110
875,568.965517241,Re_568p965517,48.77272727,8.787878787878787,5.549999999689655,0.5499999996896552,111
876,568.965517241,Re_568p965517,49.21212121,8.787878787878787,5.599999999758621,0.5999999997586212,112
877,568.965517241,Re_568p965517,49.65151515,8.787878787878787,5.649999999827587,0.6499999998275872,113
878,568.965517241,Re_568p965517,50.09090909,8.787878787878787,5.699999999896551,0.6999999998965514,114
879,568.965517241,Re_568p965517,50.53030303,8.787878787878787,5.749999999965517,0.7499999999655174,115
880,568.965517241,Re_568p965517,50.96969697,8.787878787878787,5.800000000034483,0.8000000000344833,116
881,568.965517241,Re_568p965517,51.40909091,8.787878787878787,5.850000000103449,0.8500000001034493,117
882,568.965517241,Re_568p965517,51.84848485,8.787878787878787,5.900000000172414,0.9000000001724144,118
883,568.965517241,Re_568p965517,52.28787879,8.787878787878787,5.9500000002413795,0.9500000002413795,119
884,568.965517241,Re_568p965517,52.72727273,8.787878787878787,6.0000000003103455,3.1034552705477836e-10,120
885,568.965517241,Re_568p965517,53.16666667,8.787878787878787,6.050000000379311,0.05000000037931063,121
886,568.965517241,Re_568p965517,53.60606061,8.787878787878787,6.100000000448277,0.10000000044827662,122
887,568.965517241,Re_568p965517,54.04545455,8.787878787878787,6.150000000517242,0.15000000051724172,123
888,568.965517241,Re_568p965517,54.48484848,8.787878787878787,6.199999999448276,0.19999999944827618,124
889,568.965517241,Re_568p965517,54.92424242,8.787878787878787,6.249999999517242,0.24999999951724217,125
890,568.965517241,Re_568p965517,55.36363636,8.787878787878787,6.299999999586207,0.29999999958620727,126
891,568.965517241,Re_568p965517,55.8030303,8.787878787878787,6.349999999655173,0.34999999965517326,127
892,568.965517241,Re_568p965517,56.24242424,8.787878787878787,6.399999999724138,0.39999999972413836,128
893,568.965517241,Re_568p965517,56.68181818,8.787878787878787,6.449999999793104,0.44999999979310434,129
894,568.965517241,Re_568p965517,57.12121212,8.787878787878787,6.4999999998620694,0.49999999986206944,130
895,568.965517241,Re_568p965517,57.56060606,8.787878787878787,6.5499999999310345,0.5499999999310345,131
896,568.965517241,Re_568p965517,58.0,8.787878787878787,6.6000000000000005,0.6000000000000005,132
897,568.965517241,Re_568p965517,58.43939394,8.787878787878787,6.6500000000689665,0.6500000000689665,133
898,568.965517241,Re_568p965517,58.87878788,8.787878787878787,6.700000000137932,0.7000000001379316,134
899,568.965517241,Re_568p965517,59.31818182,8.787878787878787,6.750000000206897,0.7500000002068967,135
900,568.965517241,Re_568p965517,59.75757576,8.787878787878787,6.800000000275863,0.8000000002758627,136
901,568.965517241,Re_568p965517,60.1969697,8.787878787878787,6.850000000344828,0.8500000003448278,137
902,568.965517241,Re_568p965517,60.63636364,8.787878787878787,6.900000000413794,0.9000000004137938,138
903,568.965517241,Re_568p965517,61.07575758,8.787878787878787,6.950000000482759,0.9500000004827589,139
904,568.965517241,Re_568p965517,61.51515152,8.787878787878787,7.000000000551725,5.517248879982617e-10,140
905,568.965517241,Re_568p965517,61.95454545,8.787878787878787,7.049999999482759,0.04999999948275935,141
906,568.965517241,Re_568p965517,62.39393939,8.787878787878787,7.0999999995517244,0.09999999955172445,142
907,568.965517241,Re_568p965517,62.83333333,8.787878787878787,7.14999999962069,0.14999999962069044,143
908,568.965517241,Re_568p965517,63.27272727,8.787878787878787,7.1999999996896555,0.19999999968965554,144
909,568.965517241,Re_568p965517,63.71212121,8.787878787878787,7.2499999997586215,0.24999999975862153,145
910,568.965517241,Re_568p965517,64.15151515,8.787878787878787,7.299999999827586,0.29999999982758574,146
911,568.965517241,Re_568p965517,64.59090909,8.787878787878787,7.349999999896552,0.34999999989655173,147
912,568.965517241,Re_568p965517,65.03030303,8.787878787878787,7.399999999965518,0.3999999999655177,148
913,568.965517241,Re_568p965517,65.46969697,8.787878787878787,7.450000000034484,0.4500000000344837,149
914,568.965517241,Re_568p965517,65.90909091,8.787878787878787,7.50000000010345,0.5000000001034497,150
915,568.965517241,Re_568p965517,66.34848485,8.787878787878787,7.550000000172415,0.5500000001724148,151
916,568.965517241,Re_568p965517,66.78787879,8.787878787878787,7.600000000241379,0.600000000241379,152
917,568.965517241,Re_568p965517,67.22727273,8.787878787878787,7.650000000310345,0.650000000310345,153
918,568.965517241,Re_568p965517,67.66666667,8.787878787878787,7.700000000379311,0.700000000379311,154
919,568.965517241,Re_568p965517,68.10606061,8.787878787878787,7.750000000448276,0.7500000004482761,155
920,568.965517241,Re_568p965517,68.54545455,8.787878787878787,7.800000000517242,0.8000000005172421,156
921,568.965517241,Re_568p965517,68.98484848,8.787878787878787,7.8499999994482765,0.8499999994482765,157
922,568.965517241,Re_568p965517,69.42424242,8.787878787878787,7.899999999517242,0.8999999995172416,158
923,568.965517241,Re_568p965517,69.86363636,8.787878787878787,7.949999999586208,0.9499999995862076,159
924,568.965517241,Re_568p965517,70.3030303,8.787878787878787,7.999999999655174,0.9999999996551736,160
925,568.965517241,Re_568p965517,70.74242424,8.787878787878787,8.04999999972414,0.0499999997241396,161
926,568.965517241,Re_568p965517,71.18181818,8.787878787878787,8.099999999793104,0.09999999979310381,162
927,568.965517241,Re_568p965517,71.62121212,8.787878787878787,8.14999999986207,0.1499999998620698,163
928,568.965517241,Re_568p965517,72.06060606,8.787878787878787,8.199999999931034,0.199999999931034,164
929,568.965517241,Re_568p965517,72.5,8.787878787878787,8.25,0.25,165
930,568.965517241,Re_568p965517,72.93939394,8.787878787878787,8.300000000068966,0.300000000068966,166
931,568.965517241,Re_568p965517,73.37878788,8.787878787878787,8.350000000137932,0.350000000137932,167
932,568.965517241,Re_568p965517,73.81818182,8.787878787878787,8.400000000206898,0.40000000020689797,168
933,568.965517241,Re_568p965517,74.25757576,8.787878787878787,8.450000000275862,0.4500000002758622,169
934,568.965517241,Re_568p965517,74.6969697,8.787878787878787,8.500000000344828,0.5000000003448282,170
935,568.965517241,Re_568p965517,75.13636364,8.787878787878787,8.550000000413794,0.5500000004137942,171
936,568.965517241,Re_568p965517,75.57575758,8.787878787878787,8.60000000048276,0.6000000004827601,172
937,568.965517241,Re_568p965517,76.01515152,8.787878787878787,8.650000000551724,0.6500000005517244,173
938,568.965517241,Re_568p965517,76.45454545,8.787878787878787,8.69999999948276,0.6999999994827597,174
939,568.965517241,Re_568p965517,76.89393939,8.787878787878787,8.749999999551726,0.7499999995517257,175
940,568.965517241,Re_568p965517,77.33333333,8.787878787878787,8.79999999962069,0.7999999996206899,176
941,568.965517241,Re_568p965517,77.77272727,8.787878787878787,8.849999999689656,0.8499999996896559,177
942,568.965517241,Re_568p965517,78.21212121,8.787878787878787,8.899999999758622,0.8999999997586219,178
943,568.965517241,Re_568p965517,78.65151515,8.787878787878787,8.949999999827586,0.9499999998275861,179
944,568.965517241,Re_568p965517,79.09090909,8.787878787878787,8.999999999896552,0.9999999998965521,180
945,568.965517241,Re_568p965517,79.53030303,8.787878787878787,9.049999999965518,0.04999999996551807,181
946,568.965517241,Re_568p965517,79.96969697,8.787878787878787,9.100000000034484,0.10000000003448406,182
947,568.965517241,Re_568p965517,80.40909091,8.787878787878787,9.15000000010345,0.15000000010345005,183
948,568.965517241,Re_568p965517,80.84848485,8.787878787878787,9.200000000172416,0.20000000017241604,184
949,568.965517241,Re_568p965517,81.28787879,8.787878787878787,9.250000000241378,0.2500000002413785,185
950,568.965517241,Re_568p965517,81.72727273,8.787878787878787,9.300000000310344,0.30000000031034446,186
951,568.965517241,Re_568p965517,82.16666667,8.787878787878787,9.35000000037931,0.35000000037931045,187
952,568.965517241,Re_568p965517,82.60606061,8.787878787878787,9.400000000448276,0.40000000044827644,188
953,568.965517241,Re_568p965517,83.04545455,8.787878787878787,9.450000000517242,0.4500000005172424,189
954,568.965517241,Re_568p965517,83.48484848,8.787878787878787,9.499999999448276,0.499999999448276,190
955,568.965517241,Re_568p965517,83.92424242,8.787878787878787,9.549999999517242,0.549999999517242,191
956,568.965517241,Re_568p965517,84.36363636,8.787878787878787,9.599999999586208,0.599999999586208,192
957,568.965517241,Re_568p965517,84.8030303,8.787878787878787,9.649999999655174,0.649999999655174,193
958,568.965517241,Re_568p965517,85.24242424,8.787878787878787,9.69999999972414,0.69999999972414,194
959,568.965517241,Re_568p965517,85.68181818,8.787878787878787,9.749999999793104,0.7499999997931042,195
960,568.965517241,Re_568p965517,86.12121212,8.787878787878787,9.799999999862068,0.7999999998620684,196
961,568.965517241,Re_568p965517,86.56060606,8.787878787878787,9.849999999931034,0.8499999999310344,197
962,568.965517241,Re_568p965517,87.0,8.787878787878787,9.9,0.9000000000000004,198
963,568.965517241,Re_568p965517,87.43939394,8.787878787878787,9.950000000068966,0.9500000000689663,199
964,568.965517241,Re_568p965517,87.87878788,8.787878787878787,10.000000000137932,1.3793233222259005e-10,200
965,568.965517241,Re_568p965517,88.31818182,8.787878787878787,10.050000000206898,0.05000000020689832,201
966,568.965517241,Re_568p965517,88.75757576,8.787878787878787,10.100000000275863,0.10000000027586253,202
967,568.965517241,Re_568p965517,89.1969697,8.787878787878787,10.150000000344829,0.15000000034482852,203
968,568.965517241,Re_568p965517,89.63636364,8.787878787878787,10.200000000413795,0.2000000004137945,204
969,568.965517241,Re_568p965517,90.07575758,8.787878787878787,10.250000000482759,0.2500000004827587,205
970,568.965517241,Re_568p965517,90.51515152,8.787878787878787,10.300000000551725,0.3000000005517247,206
971,568.965517241,Re_568p965517,90.95454545,8.787878787878787,10.34999999948276,0.34999999948276006,207
972,568.965517241,Re_568p965517,91.39393939,8.787878787878787,10.399999999551724,0.3999999995517243,208
973,568.965517241,Re_568p965517,91.83333333,8.787878787878787,10.44999999962069,0.44999999962069026,209
974,568.965517241,Re_568p965517,92.27272727,8.787878787878787,10.499999999689656,0.49999999968965625,210
975,568.965517241,Re_568p965517,92.71212121,8.787878787878787,10.549999999758622,0.5499999997586222,211
976,568.965517241,Re_568p965517,93.15151515,8.787878787878787,10.599999999827586,0.5999999998275864,212
977,568.965517241,Re_568p965517,93.59090909,8.787878787878787,10.649999999896552,0.6499999998965524,213
978,568.965517241,Re_568p965517,94.03030303,8.787878787878787,10.699999999965518,0.6999999999655184,214
979,568.965517241,Re_568p965517,94.46969697,8.787878787878787,10.750000000034484,0.7500000000344844,215
980,568.965517241,Re_568p965517,94.90909091,8.787878787878787,10.800000000103449,0.8000000001034486,216
981,568.965517241,Re_568p965517,95.34848485,8.787878787878787,10.850000000172415,0.8500000001724146,217
982,568.965517241,Re_568p965517,95.78787879,8.787878787878787,10.900000000241379,0.9000000002413788,218
983,568.965517241,Re_568p965517,96.22727273,8.787878787878787,10.950000000310345,0.9500000003103448,219
984,568.965517241,Re_568p965517,96.66666667,8.787878787878787,11.00000000037931,3.793108049876537e-10,220
985,568.965517241,Re_568p965517,97.10606061,8.787878787878787,11.050000000448277,0.05000000044827679,221
986,568.965517241,Re_568p965517,97.54545455,8.787878787878787,11.100000000517243,0.10000000051724278,222
987,568.965517241,Re_568p965517,97.98484848,8.787878787878787,11.149999999448276,0.14999999944827636,223
988,568.965517241,Re_568p965517,98.42424242,8.787878787878787,11.199999999517242,0.19999999951724234,224
989,568.965517241,Re_568p965517,98.86363636,8.787878787878787,11.249999999586208,0.24999999958620833,225
990,568.965517241,Re_568p965517,99.3030303,8.787878787878787,11.299999999655174,0.2999999996551743,226
991,568.965517241,Re_568p965517,99.74242424,8.787878787878787,11.34999999972414,0.3499999997241403,227
992,568.965517241,Re_568p965517,100.18181818,8.787878787878787,11.399999999793103,0.39999999979310275,228
993,568.965517241,Re_568p965517,100.62121212,8.787878787878787,11.449999999862069,0.44999999986206873,229
994,568.965517241,Re_568p965517,101.06060606,8.787878787878787,11.499999999931035,0.4999999999310347,230
995,568.965517241,Re_568p965517,101.5,8.787878787878787,11.55,0.5500000000000007,231
996,568.965517241,Re_568p965517,101.93939394,8.787878787878787,11.600000000068967,0.6000000000689667,232
997,568.965517241,Re_568p965517,102.37878788,8.787878787878787,11.650000000137933,0.6500000001379327,233
998,568.965517241,Re_568p965517,102.81818182,8.787878787878787,11.700000000206899,0.7000000002068987,234
999,568.965517241,Re_568p965517,103.25757576,8.787878787878787,11.750000000275863,0.7500000002758629,235
1000,568.965517241,Re_568p965517,103.6969697,8.787878787878787,11.800000000344829,0.8000000003448289,236
1001,568.965517241,Re_568p965517,104.13636364,8.787878787878787,11.850000000413793,0.8500000004137931,237
1002,568.965517241,Re_568p965517,104.57575758,8.787878787878787,11.900000000482759,0.9000000004827591,238
1003,568.965517241,Re_568p965517,105.01515152,8.787878787878787,11.950000000551725,0.9500000005517251,239
1004,568.965517241,Re_568p965517,105.45454545,8.787878787878787,11.999999999482759,0.9999999994827586,240
1005,586.206896552,Re_586p206897,17.05882353,8.529411764705882,2.0000000000689657,6.896572202208517e-11,40
1006,586.206896552,Re_586p206897,17.48529412,8.529411764705882,2.050000000275862,0.05000000027586182,41
1007,586.206896552,Re_586p206897,17.91176471,8.529411764705882,2.100000000482759,0.10000000048275881,42
1008,586.206896552,Re_586p206897,18.33823529,8.529411764705882,2.1499999995172416,0.14999999951724163,43
1009,586.206896552,Re_586p206897,18.76470588,8.529411764705882,2.199999999724138,0.19999999972413818,44
1010,586.206896552,Re_586p206897,19.19117647,8.529411764705882,2.2499999999310343,0.24999999993103428,45
1011,586.206896552,Re_586p206897,19.61764706,8.529411764705882,2.300000000137931,0.3000000001379308,46
1012,586.206896552,Re_586p206897,20.04411765,8.529411764705882,2.350000000344828,0.3500000003448278,47
1013,586.206896552,Re_586p206897,20.47058824,8.529411764705882,2.4000000005517244,0.40000000055172436,48
1014,586.206896552,Re_586p206897,20.89705882,8.529411764705882,2.449999999586207,0.4499999995862072,49
1015,586.206896552,Re_586p206897,21.32352941,8.529411764705882,2.4999999997931033,0.4999999997931033,50
1016,586.206896552,Re_586p206897,21.75,8.529411764705882,2.55,0.5499999999999998,51
1017,586.206896552,Re_586p206897,22.17647059,8.529411764705882,2.600000000206897,0.6000000002068968,52
1018,586.206896552,Re_586p206897,22.60294118,8.529411764705882,2.650000000413793,0.6500000004137929,53
1019,586.206896552,Re_586p206897,23.02941176,8.529411764705882,2.6999999994482757,0.6999999994482757,54
1020,586.206896552,Re_586p206897,23.45588235,8.529411764705882,2.7499999996551723,0.7499999996551723,55
1021,586.206896552,Re_586p206897,23.88235294,8.529411764705882,2.7999999998620693,0.7999999998620693,56
1022,586.206896552,Re_586p206897,24.30882353,8.529411764705882,2.850000000068966,0.8500000000689658,57
1023,586.206896552,Re_586p206897,24.73529412,8.529411764705882,2.900000000275862,0.9000000002758619,58
1024,586.206896552,Re_586p206897,25.16176471,8.529411764705882,2.9500000004827585,0.9500000004827585,59
1025,586.206896552,Re_586p206897,25.58823529,8.529411764705882,2.9999999995172413,0.9999999995172413,60
1026,586.206896552,Re_586p206897,26.01470588,8.529411764705882,3.0499999997241383,0.04999999972413827,61
1027,586.206896552,Re_586p206897,26.44117647,8.529411764705882,3.0999999999310344,0.09999999993103437,62
1028,586.206896552,Re_586p206897,26.86764706,8.529411764705882,3.150000000137931,0.1500000001379309,63
1029,586.206896552,Re_586p206897,27.29411765,8.529411764705882,3.200000000344828,0.2000000003448279,64
1030,586.206896552,Re_586p206897,27.72058824,8.529411764705882,3.2500000005517244,0.25000000055172444,65
1031,586.206896552,Re_586p206897,28.14705882,8.529411764705882,3.2999999995862073,0.29999999958620727,66
1032,586.206896552,Re_586p206897,28.57352941,8.529411764705882,3.3499999997931034,0.34999999979310337,67
1033,586.206896552,Re_586p206897,29.0,8.529411764705882,3.4,0.3999999999999999,68
1034,586.206896552,Re_586p206897,29.42647059,8.529411764705882,3.450000000206897,0.4500000002068969,69
1035,586.206896552,Re_586p206897,29.85294118,8.529411764705882,3.500000000413793,0.500000000413793,70
1036,586.206896552,Re_586p206897,30.27941176,8.529411764705882,3.549999999448276,0.5499999994482758,71
1037,586.206896552,Re_586p206897,30.70588235,8.529411764705882,3.5999999996551724,0.5999999996551724,72
1038,586.206896552,Re_586p206897,31.13235294,8.529411764705882,3.649999999862069,0.6499999998620689,73
1039,586.206896552,Re_586p206897,31.55882353,8.529411764705882,3.700000000068966,0.7000000000689659,74
1040,586.206896552,Re_586p206897,31.98529412,8.529411764705882,3.750000000275862,0.750000000275862,75
1041,586.206896552,Re_586p206897,32.41176471,8.529411764705882,3.8000000004827585,0.8000000004827585,76
1042,586.206896552,Re_586p206897,32.83823529,8.529411764705882,3.8499999995172414,0.8499999995172414,77
1043,586.206896552,Re_586p206897,33.26470588,8.529411764705882,3.899999999724138,0.8999999997241379,78
1044,586.206896552,Re_586p206897,33.69117647,8.529411764705882,3.949999999931035,0.9499999999310349,79
1045,586.206896552,Re_586p206897,34.11764706,8.529411764705882,4.000000000137931,1.3793144404417035e-10,80
1046,586.206896552,Re_586p206897,34.54411765,8.529411764705882,4.050000000344827,0.0500000003448271,81
1047,586.206896552,Re_586p206897,34.97058824,8.529411764705882,4.100000000551724,0.10000000055172364,82
1048,586.206896552,Re_586p206897,35.39705882,8.529411764705882,4.149999999586207,0.1499999995862069,83
1049,586.206896552,Re_586p206897,35.82352941,8.529411764705882,4.1999999997931035,0.19999999979310346,84
1050,586.206896552,Re_586p206897,36.25,8.529411764705882,4.25,0.25,85
1051,586.206896552,Re_586p206897,36.67647059,8.529411764705882,4.3000000002068965,0.30000000020689654,86
1052,586.206896552,Re_586p206897,37.10294118,8.529411764705882,4.350000000413793,0.3500000004137931,87
1053,586.206896552,Re_586p206897,37.52941176,8.529411764705882,4.399999999448276,0.39999999944827636,88
1054,586.206896552,Re_586p206897,37.95588235,8.529411764705882,4.449999999655173,0.4499999996551729,89
1055,586.206896552,Re_586p206897,38.38235294,8.529411764705882,4.499999999862069,0.49999999986206856,90
1056,586.206896552,Re_586p206897,38.80882353,8.529411764705882,4.550000000068965,0.5500000000689651,91
1057,586.206896552,Re_586p206897,39.23529412,8.529411764705882,4.600000000275862,0.6000000002758616,92
1058,586.206896552,Re_586p206897,39.66176471,8.529411764705882,4.650000000482759,0.6500000004827591,93
1059,586.206896552,Re_586p206897,40.08823529,8.529411764705882,4.6999999995172415,0.6999999995172415,94
1060,586.206896552,Re_586p206897,40.51470588,8.529411764705882,4.749999999724138,0.749999999724138,95
1061,586.206896552,Re_586p206897,40.94117647,8.529411764705882,4.7999999999310345,0.7999999999310345,96
1062,586.206896552,Re_586p206897,41.36764706,8.529411764705882,4.850000000137931,0.8500000001379311,97
1063,586.206896552,Re_586p206897,41.79411765,8.529411764705882,4.900000000344828,0.9000000003448276,98
1064,586.206896552,Re_586p206897,42.22058824,8.529411764705882,4.950000000551724,0.9500000005517242,99
1065,586.206896552,Re_586p206897,42.64705882,8.529411764705882,4.999999999586207,0.9999999995862066,100
1066,586.206896552,Re_586p206897,43.07352941,8.529411764705882,5.049999999793103,0.0499999997931031,101
1067,586.206896552,Re_586p206897,43.5,8.529411764705882,5.1,0.09999999999999964,102
1068,586.206896552,Re_586p206897,43.92647059,8.529411764705882,5.150000000206897,0.15000000020689708,103
1069,586.206896552,Re_586p206897,44.35294118,8.529411764705882,5.200000000413794,0.20000000041379362,104
1070,586.206896552,Re_586p206897,44.77941176,8.529411764705882,5.249999999448276,0.249999999448276,105
1071,586.206896552,Re_586p206897,45.20588235,8.529411764705882,5.2999999996551725,0.29999999965517254,106
1072,586.206896552,Re_586p206897,45.63235294,8.529411764705882,5.349999999862069,0.3499999998620691,107
1073,586.206896552,Re_586p206897,46.05882353,8.529411764705882,5.400000000068966,0.40000000006896563,108
1074,586.206896552,Re_586p206897,46.48529412,8.529411764705882,5.450000000275862,0.4500000002758622,109
1075,586.206896552,Re_586p206897,46.91176471,8.529411764705882,5.500000000482759,0.5000000004827587,110
1076,586.206896552,Re_586p206897,47.33823529,8.529411764705882,5.549999999517241,0.5499999995172411,111
1077,586.206896552,Re_586p206897,47.76470588,8.529411764705882,5.5999999997241385,0.5999999997241385,112
1078,586.206896552,Re_586p206897,48.19117647,8.529411764705882,5.649999999931035,0.6499999999310351,113
1079,586.206896552,Re_586p206897,48.61764706,8.529411764705882,5.700000000137932,0.7000000001379316,114
1080,586.206896552,Re_586p206897,49.04411765,8.529411764705882,5.750000000344827,0.7500000003448273,115
1081,586.206896552,Re_586p206897,49.47058824,8.529411764705882,5.800000000551724,0.8000000005517238,116
1082,586.206896552,Re_586p206897,49.89705882,8.529411764705882,5.849999999586207,0.8499999995862071,117
1083,586.206896552,Re_586p206897,50.32352941,8.529411764705882,5.899999999793104,0.8999999997931036,118
1084,586.206896552,Re_586p206897,50.75,8.529411764705882,5.95,0.9500000000000002,119
1085,586.206896552,Re_586p206897,51.17647059,8.529411764705882,6.000000000206897,2.0689672197704567e-10,120
1086,586.206896552,Re_586p206897,51.60294118,8.529411764705882,6.050000000413793,0.050000000413793266,121
1087,586.206896552,Re_586p206897,52.02941176,8.529411764705882,6.0999999994482765,0.09999999944827653,122
1088,586.206896552,Re_586p206897,52.45588235,8.529411764705882,6.149999999655173,0.14999999965517308,123
1089,586.206896552,Re_586p206897,52.88235294,8.529411764705882,6.199999999862069,0.19999999986206873,124
1090,586.206896552,Re_586p206897,53.30882353,8.529411764705882,6.250000000068965,0.2500000000689653,125
1091,586.206896552,Re_586p206897,53.73529412,8.529411764705882,6.300000000275862,0.3000000002758618,126
1092,586.206896552,Re_586p206897,54.16176471,8.529411764705882,6.350000000482758,0.35000000048275837,127
1093,586.206896552,Re_586p206897,54.58823529,8.529411764705882,6.399999999517242,0.39999999951724163,128
1094,586.206896552,Re_586p206897,55.01470588,8.529411764705882,6.449999999724138,0.4499999997241382,129
1095,586.206896552,Re_586p206897,55.44117647,8.529411764705882,6.499999999931035,0.4999999999310347,130
1096,586.206896552,Re_586p206897,55.86764706,8.529411764705882,6.550000000137931,0.5500000001379313,131
1097,586.206896552,Re_586p206897,56.29411765,8.529411764705882,6.600000000344827,0.6000000003448269,132
1098,586.206896552,Re_586p206897,56.72058824,8.529411764705882,6.650000000551724,0.6500000005517244,133
1099,586.206896552,Re_586p206897,57.14705882,8.529411764705882,6.699999999586207,0.6999999995862067,134
1100,586.206896552,Re_586p206897,57.57352941,8.529411764705882,6.749999999793103,0.7499999997931033,135
1101,586.206896552,Re_586p206897,58.0,8.529411764705882,6.8,0.7999999999999998,136
1102,586.206896552,Re_586p206897,58.42647059,8.529411764705882,6.850000000206896,0.8500000002068964,137
1103,586.206896552,Re_586p206897,58.85294118,8.529411764705882,6.900000000413794,0.9000000004137938,138
1104,586.206896552,Re_586p206897,59.27941176,8.529411764705882,6.949999999448276,0.9499999994482762,139
1105,586.206896552,Re_586p206897,59.70588235,8.529411764705882,6.999999999655173,0.9999999996551727,140
1106,586.206896552,Re_586p206897,60.13235294,8.529411764705882,7.049999999862068,0.04999999986206838,141
1107,586.206896552,Re_586p206897,60.55882353,8.529411764705882,7.100000000068965,0.10000000006896492,142
1108,586.206896552,Re_586p206897,60.98529412,8.529411764705882,7.150000000275862,0.15000000027586236,143
1109,586.206896552,Re_586p206897,61.41176471,8.529411764705882,7.200000000482759,0.2000000004827589,144
1110,586.206896552,Re_586p206897,61.83823529,8.529411764705882,7.249999999517241,0.24999999951724128,145
1111,586.206896552,Re_586p206897,62.26470588,8.529411764705882,7.299999999724138,0.2999999997241378,146
1112,586.206896552,Re_586p206897,62.69117647,8.529411764705882,7.349999999931035,0.34999999993103525,147
1113,586.206896552,Re_586p206897,63.11764706,8.529411764705882,7.400000000137932,0.4000000001379318,148
1114,586.206896552,Re_586p206897,63.54411765,8.529411764705882,7.4500000003448275,0.45000000034482746,149
1115,586.206896552,Re_586p206897,63.97058824,8.529411764705882,7.500000000551724,0.500000000551724,150
1116,586.206896552,Re_586p206897,64.39705882,8.529411764705882,7.549999999586206,0.5499999995862064,151
1117,586.206896552,Re_586p206897,64.82352941,8.529411764705882,7.599999999793105,0.5999999997931047,152
1118,586.206896552,Re_586p206897,65.25,8.529411764705882,7.65,0.6500000000000004,153
1119,586.206896552,Re_586p206897,65.67647059,8.529411764705882,7.700000000206896,0.700000000206896,154
1120,586.206896552,Re_586p206897,66.10294118,8.529411764705882,7.750000000413793,0.7500000004137934,155
1121,586.206896552,Re_586p206897,66.52941176,8.529411764705882,7.799999999448276,0.7999999994482758,156
1122,586.206896552,Re_586p206897,66.95588235,8.529411764705882,7.849999999655172,0.8499999996551724,157
1123,586.206896552,Re_586p206897,67.38235294,8.529411764705882,7.89999999986207,0.8999999998620698,158
1124,586.206896552,Re_586p206897,67.80882353,8.529411764705882,7.9500000000689655,0.9500000000689655,159
1125,586.206896552,Re_586p206897,68.23529412,8.529411764705882,8.000000000275863,2.758628880883407e-10,160
1126,586.206896552,Re_586p206897,68.66176471,8.529411764705882,8.05000000048276,0.05000000048275943,161
1127,586.206896552,Re_586p206897,69.08823529,8.529411764705882,8.099999999517241,0.09999999951724092,162
1128,586.206896552,Re_586p206897,69.51470588,8.529411764705882,8.149999999724137,0.14999999972413747,163
1129,586.206896552,Re_586p206897,69.94117647,8.529411764705882,8.199999999931034,0.199999999931034,164
1130,586.206896552,Re_586p206897,70.36764706,8.529411764705882,8.25000000013793,0.25000000013793056,165
1131,586.206896552,Re_586p206897,70.79411765,8.529411764705882,8.300000000344829,0.3000000003448289,166
1132,586.206896552,Re_586p206897,71.22058824,8.529411764705882,8.350000000551724,0.35000000055172364,167
1133,586.206896552,Re_586p206897,71.64705882,8.529411764705882,8.399999999586207,0.3999999995862069,168
1134,586.206896552,Re_586p206897,72.07352941,8.529411764705882,8.449999999793103,0.44999999979310346,169
1135,586.206896552,Re_586p206897,72.5,8.529411764705882,8.5,0.5,170
1136,586.206896552,Re_586p206897,72.92647059,8.529411764705882,8.550000000206897,0.5500000002068965,171
1137,586.206896552,Re_586p206897,73.35294118,8.529411764705882,8.600000000413793,0.6000000004137931,172
1138,586.206896552,Re_586p206897,73.77941176,8.529411764705882,8.649999999448276,0.6499999994482764,173
1139,586.206896552,Re_586p206897,74.20588235,8.529411764705882,8.699999999655173,0.6999999996551729,174
1140,586.206896552,Re_586p206897,74.63235294,8.529411764705882,8.74999999986207,0.7499999998620694,175
1141,586.206896552,Re_586p206897,75.05882353,8.529411764705882,8.800000000068966,0.800000000068966,176
1142,586.206896552,Re_586p206897,75.48529412,8.529411764705882,8.850000000275863,0.8500000002758625,177
1143,586.206896552,Re_586p206897,75.91176471,8.529411764705882,8.900000000482759,0.9000000004827591,178
1144,586.206896552,Re_586p206897,76.33823529,8.529411764705882,8.949999999517242,0.9499999995172423,179
1145,586.206896552,Re_586p206897,76.76470588,8.529411764705882,8.999999999724137,0.9999999997241371,180
1146,586.206896552,Re_586p206897,77.19117647,8.529411764705882,9.049999999931035,0.04999999993103543,181
1147,586.206896552,Re_586p206897,77.61764706,8.529411764705882,9.10000000013793,0.1000000001379302,182
1148,586.206896552,Re_586p206897,78.04411765,8.529411764705882,9.150000000344829,0.15000000034482852,183
1149,586.206896552,Re_586p206897,78.47058824,8.529411764705882,9.200000000551723,0.2000000005517233,184
1150,586.206896552,Re_586p206897,78.89705882,8.529411764705882,9.249999999586207,0.24999999958620656,185
1151,586.206896552,Re_586p206897,79.32352941,8.529411764705882,9.299999999793105,0.2999999997931049,186
1152,586.206896552,Re_586p206897,79.75,8.529411764705882,9.35,0.34999999999999964,187
1153,586.206896552,Re_586p206897,80.17647059,8.529411764705882,9.400000000206896,0.4000000002068962,188
1154,586.206896552,Re_586p206897,80.60294118,8.529411764705882,9.450000000413793,0.45000000041379273,189
1155,586.206896552,Re_586p206897,81.02941176,8.529411764705882,9.499999999448276,0.499999999448276,190
1156,586.206896552,Re_586p206897,81.45588235,8.529411764705882,9.549999999655173,0.5499999996551725,191
1157,586.206896552,Re_586p206897,81.88235294,8.529411764705882,9.599999999862069,0.5999999998620691,192
1158,586.206896552,Re_586p206897,82.30882353,8.529411764705882,9.650000000068966,0.6500000000689656,193
1159,586.206896552,Re_586p206897,82.73529412,8.529411764705882,9.700000000275862,0.7000000002758622,194
1160,586.206896552,Re_586p206897,83.16176471,8.529411764705882,9.750000000482759,0.7500000004827587,195
1161,586.206896552,Re_586p206897,83.58823529,8.529411764705882,9.799999999517242,0.799999999517242,196
1162,586.206896552,Re_586p206897,84.01470588,8.529411764705882,9.849999999724137,0.8499999997241368,197
1163,586.206896552,Re_586p206897,84.44117647,8.529411764705882,9.899999999931035,0.8999999999310351,198
1164,586.206896552,Re_586p206897,84.86764706,8.529411764705882,9.95000000013793,0.9500000001379298,199
1165,586.206896552,Re_586p206897,85.29411765,8.529411764705882,10.000000000344828,3.44828166021216e-10,200
1166,586.206896552,Re_586p206897,85.72058824,8.529411764705882,10.050000000551725,0.05000000055172471,201
1167,586.206896552,Re_586p206897,86.14705882,8.529411764705882,10.099999999586206,0.0999999995862062,202
1168,586.206896552,Re_586p206897,86.57352941,8.529411764705882,10.149999999793105,0.14999999979310452,203
1169,586.206896552,Re_586p206897,87.0,8.529411764705882,10.2,0.1999999999999993,204
1170,586.206896552,Re_586p206897,87.42647059,8.529411764705882,10.250000000206896,0.25000000020689583,205
1171,586.206896552,Re_586p206897,87.85294118,8.529411764705882,10.300000000413794,0.30000000041379415,206
1172,586.206896552,Re_586p206897,88.27941176,8.529411764705882,10.349999999448276,0.34999999944827564,207
1173,586.206896552,Re_586p206897,88.70588235,8.529411764705882,10.399999999655172,0.3999999996551722,208
1174,586.206896552,Re_586p206897,89.13235294,8.529411764705882,10.449999999862069,0.44999999986206873,209
1175,586.206896552,Re_586p206897,89.55882353,8.529411764705882,10.500000000068965,0.5000000000689653,210
1176,586.206896552,Re_586p206897,89.98529412,8.529411764705882,10.550000000275864,0.5500000002758636,211
1177,586.206896552,Re_586p206897,90.41176471,8.529411764705882,10.600000000482758,0.6000000004827584,212
1178,586.206896552,Re_586p206897,90.83823529,8.529411764705882,10.649999999517242,0.6499999995172416,213
1179,586.206896552,Re_586p206897,91.26470588,8.529411764705882,10.699999999724138,0.6999999997241382,214
1180,586.206896552,Re_586p206897,91.69117647,8.529411764705882,10.749999999931035,0.7499999999310347,215
1181,586.206896552,Re_586p206897,92.11764706,8.529411764705882,10.800000000137931,0.8000000001379313,216
1182,586.206896552,Re_586p206897,92.54411765,8.529411764705882,10.850000000344828,0.8500000003448278,217
1183,586.206896552,Re_586p206897,92.97058824,8.529411764705882,10.900000000551724,0.9000000005517244,218
1184,586.206896552,Re_586p206897,93.39705882,8.529411764705882,10.949999999586208,0.9499999995862076,219
1185,586.206896552,Re_586p206897,93.82352941,8.529411764705882,10.999999999793104,0.9999999997931042,220
1186,586.206896552,Re_586p206897,94.25,8.529411764705882,11.05,0.05000000000000071,221
1187,586.206896552,Re_586p206897,94.67647059,8.529411764705882,11.100000000206895,0.10000000020689548,222
1188,586.206896552,Re_586p206897,95.10294118,8.529411764705882,11.150000000413794,0.1500000004137938,223
1189,586.206896552,Re_586p206897,95.52941176,8.529411764705882,11.199999999448277,0.19999999944827707,224
1190,586.206896552,Re_586p206897,95.95588235,8.529411764705882,11.249999999655172,0.24999999965517183,225
1191,586.206896552,Re_586p206897,96.38235294,8.529411764705882,11.29999999986207,0.29999999986207015,226
1192,586.206896552,Re_586p206897,96.80882353,8.529411764705882,11.350000000068965,0.3500000000689649,227
1193,586.206896552,Re_586p206897,97.23529412,8.529411764705882,11.400000000275863,0.40000000027586324,228
1194,586.206896552,Re_586p206897,97.66176471,8.529411764705882,11.450000000482758,0.450000000482758,229
1195,586.206896552,Re_586p206897,98.08823529,8.529411764705882,11.499999999517241,0.4999999995172413,230
1196,586.206896552,Re_586p206897,98.51470588,8.529411764705882,11.549999999724138,0.5499999997241378,231
1197,586.206896552,Re_586p206897,98.94117647,8.529411764705882,11.599999999931034,0.5999999999310344,232
1198,586.206896552,Re_586p206897,99.36764706,8.529411764705882,11.650000000137931,0.6500000001379309,233
1199,586.206896552,Re_586p206897,99.79411765,8.529411764705882,11.700000000344827,0.7000000003448275,234
1200,586.206896552,Re_586p206897,100.22058824,8.529411764705882,11.750000000551724,0.750000000551724,235
1201,586.206896552,Re_586p206897,100.64705882,8.529411764705882,11.799999999586207,0.7999999995862073,236
1202,586.206896552,Re_586p206897,101.07352941,8.529411764705882,11.849999999793104,0.8499999997931038,237
1203,586.206896552,Re_586p206897,101.5,8.529411764705882,11.9,0.9000000000000004,238
1204,586.206896552,Re_586p206897,101.92647059,8.529411764705882,11.950000000206895,0.9500000002068951,239
1205,586.206896552,Re_586p206897,102.35294118,8.529411764705882,12.000000000413793,4.1379344395409134e-10,240
1206,603.448275862,Re_603p448276,16.57142857,8.285714285714285,1.9999999998275864,0.9999999998275864,40
1207,603.448275862,Re_603p448276,16.98571429,8.285714285714285,2.0500000005172416,0.05000000051724163,41
1208,603.448275862,Re_603p448276,17.4,8.285714285714285,2.1,0.10000000000000009,42
1209,603.448275862,Re_603p448276,17.81428571,8.285714285714285,2.149999999482759,0.149999999482759,43
1210,603.448275862,Re_603p448276,18.22857143,8.285714285714285,2.200000000172414,0.20000000017241382,44
1211,603.448275862,Re_603p448276,18.64285714,8.285714285714285,2.2499999996551727,0.24999999965517272,45
1212,603.448275862,Re_603p448276,19.05714286,8.285714285714285,2.3000000003448275,0.30000000034482754,46
1213,603.448275862,Re_603p448276,19.47142857,8.285714285714285,2.3499999998275864,0.34999999982758645,47
1214,603.448275862,Re_603p448276,19.88571429,8.285714285714285,2.4000000005172417,0.4000000005172417,48
1215,603.448275862,Re_603p448276,20.3,8.285714285714285,2.45,0.4500000000000002,49
1216,603.448275862,Re_603p448276,20.71428571,8.285714285714285,2.4999999994827586,0.49999999948275864,50
1217,603.448275862,Re_603p448276,21.12857143,8.285714285714285,2.5500000001724143,0.5500000001724143,51
1218,603.448275862,Re_603p448276,21.54285714,8.285714285714285,2.599999999655173,0.5999999996551728,52
1219,603.448275862,Re_603p448276,21.95714286,8.285714285714285,2.650000000344828,0.6500000003448281,53
1220,603.448275862,Re_603p448276,22.37142857,8.285714285714285,2.6999999998275865,0.6999999998275865,54
1221,603.448275862,Re_603p448276,22.78571429,8.285714285714285,2.750000000517242,0.7500000005172418,55
1222,603.448275862,Re_603p448276,23.2,8.285714285714285,2.8000000000000003,0.8000000000000003,56
1223,603.448275862,Re_603p448276,23.61428571,8.285714285714285,2.849999999482759,0.8499999994827592,57
1224,603.448275862,Re_603p448276,24.02857143,8.285714285714285,2.900000000172414,0.900000000172414,58
1225,603.448275862,Re_603p448276,24.44285714,8.285714285714285,2.949999999655173,0.9499999996551729,59
1226,603.448275862,Re_603p448276,24.85714286,8.285714285714285,3.0000000003448277,3.4482772193200617e-10,60
1227,603.448275862,Re_603p448276,25.27142857,8.285714285714285,3.0499999998275866,0.04999999982758663,61
1228,603.448275862,Re_603p448276,25.68571429,8.285714285714285,3.100000000517242,0.1000000005172419,62
1229,603.448275862,Re_603p448276,26.1,8.285714285714285,3.1500000000000004,0.15000000000000036,63
1230,603.448275862,Re_603p448276,26.51428571,8.285714285714285,3.199999999482759,0.19999999948275882,64
1231,603.448275862,Re_603p448276,26.92857143,8.285714285714285,3.2500000001724145,0.2500000001724145,65
1232,603.448275862,Re_603p448276,27.34285714,8.285714285714285,3.2999999996551725,0.29999999965517254,66
1233,603.448275862,Re_603p448276,27.75714286,8.285714285714285,3.350000000344828,0.3500000003448278,67
1234,603.448275862,Re_603p448276,28.17142857,8.285714285714285,3.3999999998275867,0.3999999998275867,68
1235,603.448275862,Re_603p448276,28.58571429,8.285714285714285,3.4500000005172415,0.45000000051724154,69
1236,603.448275862,Re_603p448276,29.0,8.285714285714285,3.5000000000000004,0.5000000000000004,70
1237,603.448275862,Re_603p448276,29.41428571,8.285714285714285,3.5499999994827593,0.5499999994827593,71
1238,603.448275862,Re_603p448276,29.82857143,8.285714285714285,3.600000000172414,0.6000000001724142,72
1239,603.448275862,Re_603p448276,30.24285714,8.285714285714285,3.649999999655173,0.6499999996551731,73
1240,603.448275862,Re_603p448276,30.65714286,8.285714285714285,3.700000000344828,0.7000000003448279,74
1241,603.448275862,Re_603p448276,31.07142857,8.285714285714285,3.7499999998275864,0.7499999998275864,75
1242,603.448275862,Re_603p448276,31.48571429,8.285714285714285,3.800000000517242,0.8000000005172421,76
1243,603.448275862,Re_603p448276,31.9,8.285714285714285,3.85,0.8500000000000001,77
1244,603.448275862,Re_603p448276,32.31428571,8.285714285714285,3.899999999482759,0.899999999482759,78
1245,603.448275862,Re_603p448276,32.72857143,8.285714285714285,3.9500000001724147,0.9500000001724147,79
1246,603.448275862,Re_603p448276,33.14285714,8.285714285714285,3.9999999996551727,0.9999999996551727,80
1247,603.448275862,Re_603p448276,33.55714286,8.285714285714285,4.050000000344828,0.05000000034482799,81
1248,603.448275862,Re_603p448276,33.97142857,8.285714285714285,4.0999999998275864,0.09999999982758645,82
1249,603.448275862,Re_603p448276,34.38571429,8.285714285714285,4.150000000517243,0.1500000005172426,83
1250,603.448275862,Re_603p448276,34.8,8.285714285714285,4.2,0.20000000000000018,84
1251,603.448275862,Re_603p448276,35.21428571,8.285714285714285,4.249999999482759,0.24999999948275864,85
1252,603.448275862,Re_603p448276,35.62857143,8.285714285714285,4.300000000172415,0.3000000001724148,86
1253,603.448275862,Re_603p448276,36.04285714,8.285714285714285,4.349999999655173,0.34999999965517326,87
1254,603.448275862,Re_603p448276,36.45714286,8.285714285714285,4.400000000344828,0.40000000034482763,88
1255,603.448275862,Re_603p448276,36.87142857,8.285714285714285,4.449999999827587,0.449999999827587,89
1256,603.448275862,Re_603p448276,37.28571429,8.285714285714285,4.500000000517242,0.5000000005172422,90
1257,603.448275862,Re_603p448276,37.7,8.285714285714285,4.550000000000001,0.5500000000000007,91
1258,603.448275862,Re_603p448276,38.11428571,8.285714285714285,4.599999999482759,0.5999999994827592,92
1259,603.448275862,Re_603p448276,38.52857143,8.285714285714285,4.650000000172414,0.6500000001724144,93
1260,603.448275862,Re_603p448276,38.94285714,8.285714285714285,4.699999999655173,0.6999999996551729,94
1261,603.448275862,Re_603p448276,39.35714286,8.285714285714285,4.750000000344828,0.7500000003448282,95
1262,603.448275862,Re_603p448276,39.77142857,8.285714285714285,4.799999999827587,0.7999999998275866,96
1263,603.448275862,Re_603p448276,40.18571429,8.285714285714285,4.850000000517242,0.8500000005172419,97
1264,603.448275862,Re_603p448276,40.6,8.285714285714285,4.9,0.9000000000000004,98
1265,603.448275862,Re_603p448276,41.01428571,8.285714285714285,4.94999999948276,0.9499999994827597,99
1266,603.448275862,Re_603p448276,41.42857143,8.285714285714285,5.000000000172414,1.72414083010608e-10,100
1267,603.448275862,Re_603p448276,41.84285714,8.285714285714285,5.0499999996551725,0.049999999655172545,101
1268,603.448275862,Re_603p448276,42.25714286,8.285714285714285,5.100000000344829,0.1000000003448287,102
1269,603.448275862,Re_603p448276,42.67142857,8.285714285714285,5.149999999827587,0.14999999982758716,103
1270,603.448275862,Re_603p448276,43.08571429,8.285714285714285,5.2000000005172415,0.20000000051724154,104
1271,603.448275862,Re_603p448276,43.5,8.285714285714285,5.250000000000001,0.2500000000000009,105
1272,603.448275862,Re_603p448276,43.91428571,8.285714285714285,5.299999999482759,0.29999999948275935,106
1273,603.448275862,Re_603p448276,44.32857143,8.285714285714285,5.350000000172414,0.3500000001724137,107
1274,603.448275862,Re_603p448276,44.74285714,8.285714285714285,5.399999999655173,0.3999999996551731,108
1275,603.448275862,Re_603p448276,45.15714286,8.285714285714285,5.450000000344828,0.45000000034482834,109
1276,603.448275862,Re_603p448276,45.57142857,8.285714285714285,5.499999999827587,0.4999999998275868,110
1277,603.448275862,Re_603p448276,45.98571429,8.285714285714285,5.550000000517242,0.5500000005172421,111
1278,603.448275862,Re_603p448276,46.4,8.285714285714285,5.6000000000000005,0.6000000000000005,112
1279,603.448275862,Re_603p448276,46.81428571,8.285714285714285,5.649999999482759,0.649999999482759,113
1280,603.448275862,Re_603p448276,47.22857143,8.285714285714285,5.700000000172415,0.7000000001724151,114
1281,603.448275862,Re_603p448276,47.64285714,8.285714285714285,5.749999999655173,0.7499999996551727,115
1282,603.448275862,Re_603p448276,48.05714286,8.285714285714285,5.800000000344828,0.800000000344828,116
1283,603.448275862,Re_603p448276,48.47142857,8.285714285714285,5.849999999827587,0.8499999998275873,117
1284,603.448275862,Re_603p448276,48.88571429,8.285714285714285,5.900000000517243,0.9000000005172426,118
1285,603.448275862,Re_603p448276,49.3,8.285714285714285,5.95,0.9500000000000002,119
1286,603.448275862,Re_603p448276,49.71428571,8.285714285714285,5.9999999994827595,0.9999999994827595,120
1287,603.448275862,Re_603p448276,50.12857143,8.285714285714285,6.050000000172415,0.050000000172414794,121
1288,603.448275862,Re_603p448276,50.54285714,8.285714285714285,6.099999999655173,0.09999999965517326,122
1289,603.448275862,Re_603p448276,50.95714286,8.285714285714285,6.150000000344828,0.15000000034482763,123
1290,603.448275862,Re_603p448276,51.37142857,8.285714285714285,6.199999999827587,0.19999999982758698,124
1291,603.448275862,Re_603p448276,51.78571429,8.285714285714285,6.250000000517242,0.25000000051724225,125
1292,603.448275862,Re_603p448276,52.2,8.285714285714285,6.300000000000001,0.3000000000000007,126
1293,603.448275862,Re_603p448276,52.61428571,8.285714285714285,6.349999999482759,0.34999999948275917,127
1294,603.448275862,Re_603p448276,53.02857143,8.285714285714285,6.400000000172414,0.40000000017241444,128
1295,603.448275862,Re_603p448276,53.44285714,8.285714285714285,6.449999999655173,0.4499999996551729,129
1296,603.448275862,Re_603p448276,53.85714286,8.285714285714285,6.500000000344829,0.500000000344829,130
1297,603.448275862,Re_603p448276,54.27142857,8.285714285714285,6.549999999827587,0.5499999998275866,131
1298,603.448275862,Re_603p448276,54.68571429,8.285714285714285,6.600000000517242,0.6000000005172419,132
1299,603.448275862,Re_603p448276,55.1,8.285714285714285,6.650000000000001,0.6500000000000012,133
1300,603.448275862,Re_603p448276,55.51428571,8.285714285714285,6.69999999948276,0.6999999994827597,134
1301,603.448275862,Re_603p448276,55.92857143,8.285714285714285,6.750000000172414,0.7500000001724141,135
1302,603.448275862,Re_603p448276,56.34285714,8.285714285714285,6.799999999655173,0.7999999996551734,136
1303,603.448275862,Re_603p448276,56.75714286,8.285714285714285,6.850000000344829,0.8500000003448287,137
1304,603.448275862,Re_603p448276,57.17142857,8.285714285714285,6.899999999827587,0.8999999998275872,138
1305,603.448275862,Re_603p448276,57.58571429,8.285714285714285,6.950000000517242,0.9500000005172424,139
1306,603.448275862,Re_603p448276,58.0,8.285714285714285,7.000000000000001,8.881784197001252e-16,140
1307,603.448275862,Re_603p448276,58.41428571,8.285714285714285,7.049999999482759,0.04999999948275935,141
1308,603.448275862,Re_603p448276,58.82857143,8.285714285714285,7.100000000172415,0.10000000017241462,142
1309,603.448275862,Re_603p448276,59.24285714,8.285714285714285,7.149999999655173,0.14999999965517308,143
1310,603.448275862,Re_603p448276,59.65714286,8.285714285714285,7.200000000344828,0.20000000034482834,144
1311,603.448275862,Re_603p448276,60.07142857,8.285714285714285,7.249999999827588,0.2499999998275877,145
1312,603.448275862,Re_603p448276,60.48571429,8.285714285714285,7.300000000517242,0.30000000051724207,146
1313,603.448275862,Re_603p448276,60.9,8.285714285714285,7.3500000000000005,0.35000000000000053,147
1314,603.448275862,Re_603p448276,61.31428571,8.285714285714285,7.39999999948276,0.3999999994827599,148
1315,603.448275862,Re_603p448276,61.72857143,8.285714285714285,7.450000000172415,0.45000000017241515,149
1316,603.448275862,Re_603p448276,62.14285714,8.285714285714285,7.499999999655173,0.4999999996551727,150
1317,603.448275862,Re_603p448276,62.55714286,8.285714285714285,7.550000000344828,0.550000000344828,151
1318,603.448275862,Re_603p448276,62.97142857,8.285714285714285,7.599999999827587,0.5999999998275873,152
1319,603.448275862,Re_603p448276,63.38571429,8.285714285714285,7.650000000517243,0.6500000005172426,153
1320,603.448275862,Re_603p448276,63.8,8.285714285714285,7.7,0.7000000000000002,154
1321,603.448275862,Re_603p448276,64.21428571,8.285714285714285,7.7499999994827595,0.7499999994827595,155
1322,603.448275862,Re_603p448276,64.62857143,8.285714285714285,7.800000000172414,0.8000000001724139,156
1323,603.448275862,Re_603p448276,65.04285714,8.285714285714285,7.849999999655172,0.8499999996551724,157
1324,603.448275862,Re_603p448276,65.45714286,8.285714285714285,7.900000000344829,0.9000000003448294,158
1325,603.448275862,Re_603p448276,65.87142857,8.285714285714285,7.949999999827588,0.9499999998275879,159
1326,603.448275862,Re_603p448276,66.28571429,8.285714285714285,8.000000000517243,5.172431372102437e-10,160
1327,603.448275862,Re_603p448276,66.7,8.285714285714285,8.05,0.05000000000000071,161
1328,603.448275862,Re_603p448276,67.11428571,8.285714285714285,8.09999999948276,0.09999999948276006,162
1329,603.448275862,Re_603p448276,67.52857143,8.285714285714285,8.150000000172415,0.15000000017241533,163
1330,603.448275862,Re_603p448276,67.94285714,8.285714285714285,8.199999999655173,0.1999999996551729,164
1331,603.448275862,Re_603p448276,68.35714286,8.285714285714285,8.250000000344828,0.25000000034482817,165
1332,603.448275862,Re_603p448276,68.77142857,8.285714285714285,8.299999999827588,0.2999999998275875,166
1333,603.448275862,Re_603p448276,69.18571429,8.285714285714285,8.350000000517243,0.3500000005172428,167
1334,603.448275862,Re_603p448276,69.6,8.285714285714285,8.4,0.40000000000000036,168
1335,603.448275862,Re_603p448276,70.01428571,8.285714285714285,8.44999999948276,0.4499999994827597,169
1336,603.448275862,Re_603p448276,70.42857143,8.285714285714285,8.500000000172415,0.500000000172415,170
1337,603.448275862,Re_603p448276,70.84285714,8.285714285714285,8.549999999655174,0.5499999996551743,171
1338,603.448275862,Re_603p448276,71.25714286,8.285714285714285,8.60000000034483,0.6000000003448296,172
1339,603.448275862,Re_603p448276,71.67142857,8.285714285714285,8.649999999827587,0.6499999998275872,173
1340,603.448275862,Re_603p448276,72.08571429,8.285714285714285,8.700000000517242,0.7000000005172424,174
1341,603.448275862,Re_603p448276,72.5,8.285714285714285,8.750000000000002,0.7500000000000018,175
1342,603.448275862,Re_603p448276,72.91428571,8.285714285714285,8.79999999948276,0.7999999994827593,176
1343,603.448275862,Re_603p448276,73.32857143,8.285714285714285,8.850000000172415,0.8500000001724146,177
1344,603.448275862,Re_603p448276,73.74285714,8.285714285714285,8.899999999655174,0.899999999655174,178
1345,603.448275862,Re_603p448276,74.15714286,8.285714285714285,8.950000000344827,0.9500000003448275,179
1346,603.448275862,Re_603p448276,74.57142857,8.285714285714285,8.999999999827587,0.9999999998275868,180
1347,603.448275862,Re_603p448276,74.98571429,8.285714285714285,9.050000000517244,0.05000000051724385,181
1348,603.448275862,Re_603p448276,75.4,8.285714285714285,9.100000000000001,0.10000000000000142,182
1349,603.448275862,Re_603p448276,75.81428571,8.285714285714285,9.149999999482759,0.149999999482759,183
1350,603.448275862,Re_603p448276,76.22857143,8.285714285714285,9.200000000172416,0.20000000017241604,184
1351,603.448275862,Re_603p448276,76.64285714,8.285714285714285,9.249999999655174,0.2499999996551736,185
1352,603.448275862,Re_603p448276,77.05714286,8.285714285714285,9.300000000344829,0.3000000003448289,186
1353,603.448275862,Re_603p448276,77.47142857,8.285714285714285,9.349999999827588,0.3499999998275882,187
1354,603.448275862,Re_603p448276,77.88571429,8.285714285714285,9.400000000517242,0.4000000005172417,188
1355,603.448275862,Re_603p448276,78.3,8.285714285714285,9.450000000000001,0.45000000000000107,189
1356,603.448275862,Re_603p448276,78.71428571,8.285714285714285,9.49999999948276,0.4999999994827604,190
1357,603.448275862,Re_603p448276,79.12857143,8.285714285714285,9.550000000172414,0.5500000001724139,191
1358,603.448275862,Re_603p448276,79.54285714,8.285714285714285,9.599999999655173,0.5999999996551733,192
1359,603.448275862,Re_603p448276,79.95714286,8.285714285714285,9.650000000344829,0.6500000003448285,193
1360,603.448275862,Re_603p448276,80.37142857,8.285714285714285,9.699999999827588,0.6999999998275879,194
1361,603.448275862,Re_603p448276,80.78571429,8.285714285714285,9.750000000517243,0.7500000005172431,195
1362,603.448275862,Re_603p448276,81.2,8.285714285714285,9.8,0.8000000000000007,196
1363,603.448275862,Re_603p448276,81.61428571,8.285714285714285,9.84999999948276,0.8499999994827601,197
1364,603.448275862,Re_603p448276,82.02857143,8.285714285714285,9.900000000172415,0.9000000001724153,198
1365,603.448275862,Re_603p448276,82.44285714,8.285714285714285,9.949999999655173,0.9499999996551729,199
1366,603.448275862,Re_603p448276,82.85714286,8.285714285714285,10.000000000344828,3.44828166021216e-10,200
1367,603.448275862,Re_603p448276,83.27142857,8.285714285714285,10.049999999827588,0.049999999827587516,201
1368,603.448275862,Re_603p448276,83.68571429,8.285714285714285,10.100000000517243,0.10000000051724278,202
1369,603.448275862,Re_603p448276,84.1,8.285714285714285,10.15,0.15000000000000036,203
1370,603.448275862,Re_603p448276,84.51428571,8.285714285714285,10.19999999948276,0.1999999994827597,204
1371,603.448275862,Re_603p448276,84.92857143,8.285714285714285,10.250000000172415,0.25000000017241497,205
1372,603.448275862,Re_603p448276,85.34285714,8.285714285714285,10.299999999655174,0.2999999996551743,206
1373,603.448275862,Re_603p448276,85.75714286,8.285714285714285,10.35000000034483,0.3500000003448296,207
1374,603.448275862,Re_603p448276,86.17142857,8.285714285714285,10.399999999827587,0.39999999982758716,208
1375,603.448275862,Re_603p448276,86.58571429,8.285714285714285,10.450000000517242,0.4500000005172424,209
1376,603.448275862,Re_603p448276,87.0,8.285714285714285,10.500000000000002,0.5000000000000018,210
1377,603.448275862,Re_603p448276,87.41428571,8.285714285714285,10.54999999948276,0.5499999994827593,211
1378,603.448275862,Re_603p448276,87.82857143,8.285714285714285,10.600000000172415,0.6000000001724146,212
1379,603.448275862,Re_603p448276,88.24285714,8.285714285714285,10.649999999655174,0.649999999655174,213
1380,603.448275862,Re_603p448276,88.65714286,8.285714285714285,10.700000000344827,0.7000000003448275,214
1381,603.448275862,Re_603p448276,89.07142857,8.285714285714285,10.749999999827587,0.7499999998275868,215
1382,603.448275862,Re_603p448276,89.48571429,8.285714285714285,10.800000000517244,0.8000000005172438,216
1383,603.448275862,Re_603p448276,89.9,8.285714285714285,10.850000000000001,0.8500000000000014,217
1384,603.448275862,Re_603p448276,90.31428571,8.285714285714285,10.899999999482759,0.899999999482759,218
1385,603.448275862,Re_603p448276,90.72857143,8.285714285714285,10.950000000172416,0.950000000172416,219
1386,603.448275862,Re_603p448276,91.14285714,8.285714285714285,10.999999999655174,0.9999999996551736,220
1387,603.448275862,Re_603p448276,91.55714286,8.285714285714285,11.050000000344829,0.05000000034482888,221
1388,603.448275862,Re_603p448276,91.97142857,8.285714285714285,11.099999999827588,0.09999999982758823,222
1389,603.448275862,Re_603p448276,92.38571429,8.285714285714285,11.150000000517242,0.15000000051724172,223
1390,603.448275862,Re_603p448276,92.8,8.285714285714285,11.200000000000001,0.20000000000000107,224
1391,603.448275862,Re_603p448276,93.21428571,8.285714285714285,11.24999999948276,0.24999999948276042,225
1392,603.448275862,Re_603p448276,93.62857143,8.285714285714285,11.300000000172414,0.3000000001724139,226
1393,603.448275862,Re_603p448276,94.04285714,8.285714285714285,11.349999999655173,0.34999999965517326,227
1394,603.448275862,Re_603p448276,94.45714286,8.285714285714285,11.40000000034483,0.4000000003448303,228
1395,603.448275862,Re_603p448276,94.87142857,8.285714285714285,11.449999999827588,0.44999999982758787,229
1396,603.448275862,Re_603p448276,95.28571429,8.285714285714285,11.500000000517243,0.5000000005172431,230
1397,603.448275862,Re_603p448276,95.7,8.285714285714285,11.550000000000002,0.5500000000000025,231
1398,603.448275862,Re_603p448276,96.11428571,8.285714285714285,11.59999999948276,0.5999999994827601,232
1399,603.448275862,Re_603p448276,96.52857143,8.285714285714285,11.650000000172415,0.6500000001724153,233
1400,603.448275862,Re_603p448276,96.94285714,8.285714285714285,11.699999999655175,0.6999999996551747,234
1401,603.448275862,Re_603p448276,97.35714286,8.285714285714285,11.750000000344828,0.7500000003448282,235
1402,603.448275862,Re_603p448276,97.77142857,8.285714285714285,11.799999999827588,0.7999999998275875,236
1403,603.448275862,Re_603p448276,98.18571429,8.285714285714285,11.850000000517245,0.8500000005172446,237
1404,603.448275862,Re_603p448276,98.6,8.285714285714285,11.9,0.9000000000000004,238
1405,603.448275862,Re_603p448276,99.01428571,8.285714285714285,11.94999999948276,0.9499999994827597,239
1406,603.448275862,Re_603p448276,99.42857143,8.285714285714285,12.000000000172417,1.724167475458671e-10,240
1407,620.689655172,Re_620p689655,16.11111111,8.055555555555555,1.999999999862069,0.999999999862069,40
1408,620.689655172,Re_620p689655,16.51388889,8.055555555555555,2.0500000001379313,0.050000000137931266,41
1409,620.689655172,Re_620p689655,16.91666667,8.055555555555555,2.1000000004137935,0.10000000041379353,42
1410,620.689655172,Re_620p689655,17.31944444,8.055555555555555,2.149999999448276,0.1499999994482759,43
1411,620.689655172,Re_620p689655,17.72222222,8.055555555555555,2.1999999997241377,0.19999999972413773,44
1412,620.689655172,Re_620p689655,18.125,8.055555555555555,2.25,0.25,45
1413,620.689655172,Re_620p689655,18.52777778,8.055555555555555,2.3000000002758623,0.30000000027586227,46
1414,620.689655172,Re_620p689655,18.93055556,8.055555555555555,2.350000000551724,0.3500000005517241,47
1415,620.689655172,Re_620p689655,19.33333333,8.055555555555555,2.399999999586207,0.3999999995862069,48
1416,620.689655172,Re_620p689655,19.73611111,8.055555555555555,2.449999999862069,0.4499999998620692,49
1417,620.689655172,Re_620p689655,20.13888889,8.055555555555555,2.500000000137931,0.500000000137931,50
1418,620.689655172,Re_620p689655,20.54166667,8.055555555555555,2.5500000004137933,0.5500000004137933,51
1419,620.689655172,Re_620p689655,20.94444444,8.055555555555555,2.599999999448276,0.5999999994482761,52
1420,620.689655172,Re_620p689655,21.34722222,8.055555555555555,2.649999999724138,0.6499999997241379,53
1421,620.689655172,Re_620p689655,21.75,8.055555555555555,2.7,0.7000000000000002,54
1422,620.689655172,Re_620p689655,22.15277778,8.055555555555555,2.7500000002758624,0.7500000002758624,55
1423,620.689655172,Re_620p689655,22.55555556,8.055555555555555,2.800000000551724,0.8000000005517238,56
1424,620.689655172,Re_620p689655,22.95833333,8.055555555555555,2.8499999995862066,0.8499999995862066,57
1425,620.689655172,Re_620p689655,23.36111111,8.055555555555555,2.899999999862069,0.8999999998620689,58
1426,620.689655172,Re_620p689655,23.76388889,8.055555555555555,2.950000000137931,0.9500000001379312,59
1427,620.689655172,Re_620p689655,24.16666667,8.055555555555555,3.0000000004137934,4.1379344395409134e-10,60
1428,620.689655172,Re_620p689655,24.56944444,8.055555555555555,3.0499999994482763,0.04999999944827627,61
1429,620.689655172,Re_620p689655,24.97222222,8.055555555555555,3.099999999724138,0.09999999972413809,62
1430,620.689655172,Re_620p689655,25.375,8.055555555555555,3.15,0.1499999999999999,63
1431,620.689655172,Re_620p689655,25.77777778,8.055555555555555,3.200000000275862,0.20000000027586218,64
1432,620.689655172,Re_620p689655,26.18055556,8.055555555555555,3.250000000551724,0.250000000551724,65
1433,620.689655172,Re_620p689655,26.58333333,8.055555555555555,3.299999999586207,0.2999999995862068,66
1434,620.689655172,Re_620p689655,26.98611111,8.055555555555555,3.349999999862069,0.3499999998620691,67
1435,620.689655172,Re_620p689655,27.38888889,8.055555555555555,3.4000000001379314,0.40000000013793136,68
1436,620.689655172,Re_620p689655,27.79166667,8.055555555555555,3.450000000413793,0.4500000004137932,69
1437,620.689655172,Re_620p689655,28.19444444,8.055555555555555,3.499999999448276,0.499999999448276,70
1438,620.689655172,Re_620p689655,28.59722222,8.055555555555555,3.549999999724138,0.5499999997241378,71
1439,620.689655172,Re_620p689655,29.0,8.055555555555555,3.6,0.6000000000000001,72
1440,620.689655172,Re_620p689655,29.40277778,8.055555555555555,3.6500000002758624,0.6500000002758624,73
1441,620.689655172,Re_620p689655,29.80555556,8.055555555555555,3.700000000551724,0.7000000005517242,74
1442,620.689655172,Re_620p689655,30.20833333,8.055555555555555,3.749999999586207,0.749999999586207,75
1443,620.689655172,Re_620p689655,30.61111111,8.055555555555555,3.799999999862069,0.7999999998620688,76
1444,620.689655172,Re_620p689655,31.01388889,8.055555555555555,3.850000000137931,0.8500000001379311,77
1445,620.689655172,Re_620p689655,31.41666667,8.055555555555555,3.9000000004137934,0.9000000004137934,78
1446,620.689655172,Re_620p689655,31.81944444,8.055555555555555,3.949999999448276,0.9499999994482762,79
1447,620.689655172,Re_620p689655,32.22222222,8.055555555555555,3.999999999724138,0.999999999724138,80
1448,620.689655172,Re_620p689655,32.625,8.055555555555555,4.05,0.04999999999999982,81
1449,620.689655172,Re_620p689655,33.02777778,8.055555555555555,4.1000000002758625,0.10000000027586253,82
1450,620.689655172,Re_620p689655,33.43055556,8.055555555555555,4.150000000551724,0.15000000055172436,83
1451,620.689655172,Re_620p689655,33.83333333,8.055555555555555,4.199999999586208,0.19999999958620762,84
1452,620.689655172,Re_620p689655,34.23611111,8.055555555555555,4.2499999998620694,0.24999999986206944,85
1453,620.689655172,Re_620p689655,34.63888889,8.055555555555555,4.30000000013793,0.3000000001379304,86
1454,620.689655172,Re_620p689655,35.04166667,8.055555555555555,4.350000000413793,0.3500000004137931,87
1455,620.689655172,Re_620p689655,35.44444444,8.055555555555555,4.3999999994482755,0.39999999944827547,88
1456,620.689655172,Re_620p689655,35.84722222,8.055555555555555,4.449999999724138,0.4499999997241382,89
1457,620.689655172,Re_620p689655,36.25,8.055555555555555,4.5,0.5,90
1458,620.689655172,Re_620p689655,36.65277778,8.055555555555555,4.550000000275863,0.5500000002758627,91
1459,620.689655172,Re_620p689655,37.05555556,8.055555555555555,4.6000000005517245,0.6000000005517245,92
1460,620.689655172,Re_620p689655,37.45833333,8.055555555555555,4.649999999586207,0.6499999995862069,93
1461,620.689655172,Re_620p689655,37.86111111,8.055555555555555,4.69999999986207,0.6999999998620696,94
1462,620.689655172,Re_620p689655,38.26388889,8.055555555555555,4.7500000001379306,0.7500000001379306,95
1463,620.689655172,Re_620p689655,38.66666667,8.055555555555555,4.800000000413793,0.8000000004137933,96
1464,620.689655172,Re_620p689655,39.06944444,8.055555555555555,4.849999999448276,0.8499999994482756,97
1465,620.689655172,Re_620p689655,39.47222222,8.055555555555555,4.899999999724138,0.8999999997241384,98
1466,620.689655172,Re_620p689655,39.875,8.055555555555555,4.95,0.9500000000000002,99
1467,620.689655172,Re_620p689655,40.27777778,8.055555555555555,5.000000000275862,2.75861999909921e-10,100
1468,620.689655172,Re_620p689655,40.68055556,8.055555555555555,5.050000000551725,0.05000000055172471,101
1469,620.689655172,Re_620p689655,41.08333333,8.055555555555555,5.099999999586207,0.09999999958620709,102
1470,620.689655172,Re_620p689655,41.48611111,8.055555555555555,5.14999999986207,0.1499999998620698,103
1471,620.689655172,Re_620p689655,41.88888889,8.055555555555555,5.200000000137931,0.20000000013793073,104
1472,620.689655172,Re_620p689655,42.29166667,8.055555555555555,5.2500000004137926,0.25000000041379256,105
1473,620.689655172,Re_620p689655,42.69444444,8.055555555555555,5.299999999448276,0.2999999994482758,106
1474,620.689655172,Re_620p689655,43.09722222,8.055555555555555,5.349999999724138,0.34999999972413764,107
1475,620.689655172,Re_620p689655,43.5,8.055555555555555,5.4,0.40000000000000036,108
1476,620.689655172,Re_620p689655,43.90277778,8.055555555555555,5.450000000275862,0.4500000002758622,109
1477,620.689655172,Re_620p689655,44.30555556,8.055555555555555,5.500000000551725,0.5000000005517249,110
1478,620.689655172,Re_620p689655,44.70833333,8.055555555555555,5.549999999586207,0.5499999995862073,111
1479,620.689655172,Re_620p689655,45.11111111,8.055555555555555,5.599999999862069,0.5999999998620691,112
1480,620.689655172,Re_620p689655,45.51388889,8.055555555555555,5.650000000137931,0.6500000001379309,113
1481,620.689655172,Re_620p689655,45.91666667,8.055555555555555,5.700000000413793,0.7000000004137927,114
1482,620.689655172,Re_620p689655,46.31944444,8.055555555555555,5.749999999448276,0.749999999448276,115
1483,620.689655172,Re_620p689655,46.72222222,8.055555555555555,5.799999999724138,0.7999999997241378,116
1484,620.689655172,Re_620p689655,47.125,8.055555555555555,5.8500000000000005,0.8500000000000005,117
1485,620.689655172,Re_620p689655,47.52777778,8.055555555555555,5.900000000275862,0.9000000002758624,118
1486,620.689655172,Re_620p689655,47.93055556,8.055555555555555,5.950000000551724,0.9500000005517242,119
1487,620.689655172,Re_620p689655,48.33333333,8.055555555555555,5.9999999995862074,0.9999999995862074,120
1488,620.689655172,Re_620p689655,48.73611111,8.055555555555555,6.049999999862069,0.049999999862069266,121
1489,620.689655172,Re_620p689655,49.13888889,8.055555555555555,6.100000000137931,0.10000000013793109,122
1490,620.689655172,Re_620p689655,49.54166667,8.055555555555555,6.150000000413793,0.1500000004137929,123
1491,620.689655172,Re_620p689655,49.94444444,8.055555555555555,6.199999999448276,0.19999999944827618,124
1492,620.689655172,Re_620p689655,50.34722222,8.055555555555555,6.249999999724138,0.249999999724138,125
1493,620.689655172,Re_620p689655,50.75,8.055555555555555,6.3,0.2999999999999998,126
1494,620.689655172,Re_620p689655,51.15277778,8.055555555555555,6.3500000002758625,0.35000000027586253,127
1495,620.689655172,Re_620p689655,51.55555556,8.055555555555555,6.400000000551724,0.40000000055172436,128
1496,620.689655172,Re_620p689655,51.95833333,8.055555555555555,6.449999999586208,0.4499999995862076,129
1497,620.689655172,Re_620p689655,52.36111111,8.055555555555555,6.4999999998620694,0.49999999986206944,130
1498,620.689655172,Re_620p689655,52.76388889,8.055555555555555,6.55000000013793,0.5500000001379304,131
1499,620.689655172,Re_620p689655,53.16666667,8.055555555555555,6.600000000413793,0.6000000004137931,132
1500,620.689655172,Re_620p689655,53.56944444,8.055555555555555,6.6499999994482755,0.6499999994482755,133
1501,620.689655172,Re_620p689655,53.97222222,8.055555555555555,6.699999999724138,0.6999999997241382,134
1502,620.689655172,Re_620p689655,54.375,8.055555555555555,6.75,0.75,135
1503,620.689655172,Re_620p689655,54.77777778,8.055555555555555,6.800000000275863,0.8000000002758627,136
1504,620.689655172,Re_620p689655,55.18055556,8.055555555555555,6.8500000005517245,0.8500000005517245,137
1505,620.689655172,Re_620p689655,55.58333333,8.055555555555555,6.899999999586207,0.8999999995862069,138
1506,620.689655172,Re_620p689655,55.98611111,8.055555555555555,6.94999999986207,0.9499999998620696,139
1507,620.689655172,Re_620p689655,56.38888889,8.055555555555555,7.0000000001379306,1.3793055586575065e-10,140
1508,620.689655172,Re_620p689655,56.79166667,8.055555555555555,7.050000000413793,0.050000000413793266,141
1509,620.689655172,Re_620p689655,57.19444444,8.055555555555555,7.099999999448276,0.09999999944827564,142
1510,620.689655172,Re_620p689655,57.59722222,8.055555555555555,7.149999999724138,0.14999999972413836,143
1511,620.689655172,Re_620p689655,58.0,8.055555555555555,7.2,0.20000000000000018,144
1512,620.689655172,Re_620p689655,58.40277778,8.055555555555555,7.250000000275862,0.250000000275862,145
1513,620.689655172,Re_620p689655,58.80555556,8.055555555555555,7.300000000551725,0.3000000005517247,146
1514,620.689655172,Re_620p689655,59.20833333,8.055555555555555,7.349999999586207,0.3499999995862071,147
1515,620.689655172,Re_620p689655,59.61111111,8.055555555555555,7.39999999986207,0.3999999998620698,148
1516,620.689655172,Re_620p689655,60.01388889,8.055555555555555,7.450000000137931,0.45000000013793073,149
1517,620.689655172,Re_620p689655,60.41666667,8.055555555555555,7.500000000413793,0.5000000004137934,150
1518,620.689655172,Re_620p689655,60.81944444,8.055555555555555,7.549999999448276,0.5499999994482758,151
1519,620.689655172,Re_620p689655,61.22222222,8.055555555555555,7.599999999724138,0.5999999997241376,152
1520,620.689655172,Re_620p689655,61.625,8.055555555555555,7.65,0.6500000000000004,153
1521,620.689655172,Re_620p689655,62.02777778,8.055555555555555,7.700000000275862,0.7000000002758622,154
1522,620.689655172,Re_620p689655,62.43055556,8.055555555555555,7.750000000551725,0.7500000005517249,155
1523,620.689655172,Re_620p689655,62.83333333,8.055555555555555,7.799999999586207,0.7999999995862073,156
1524,620.689655172,Re_620p689655,63.23611111,8.055555555555555,7.84999999986207,0.84999999986207,157
1525,620.689655172,Re_620p689655,63.63888889,8.055555555555555,7.900000000137931,0.9000000001379309,158
1526,620.689655172,Re_620p689655,64.04166667,8.055555555555555,7.950000000413793,0.9500000004137927,159
1527,620.689655172,Re_620p689655,64.44444444,8.055555555555555,7.999999999448276,0.999999999448276,160
1528,620.689655172,Re_620p689655,64.84722222,8.055555555555555,8.04999999972414,0.0499999997241396,161
1529,620.689655172,Re_620p689655,65.25,8.055555555555555,8.1,0.09999999999999964,162
1530,620.689655172,Re_620p689655,65.65277778,8.055555555555555,8.150000000275861,0.15000000027586147,163
1531,620.689655172,Re_620p689655,66.05555556,8.055555555555555,8.200000000551725,0.20000000055172507,164
1532,620.689655172,Re_620p689655,66.45833333,8.055555555555555,8.249999999586207,0.24999999958620656,165
1533,620.689655172,Re_620p689655,66.86111111,8.055555555555555,8.299999999862068,0.2999999998620684,166
1534,620.689655172,Re_620p689655,67.26388889,8.055555555555555,8.350000000137932,0.350000000137932,167
1535,620.689655172,Re_620p689655,67.66666667,8.055555555555555,8.400000000413794,0.4000000004137938,168
1536,620.689655172,Re_620p689655,68.06944444,8.055555555555555,8.449999999448275,0.4499999994482753,169
1537,620.689655172,Re_620p689655,68.47222222,8.055555555555555,8.499999999724139,0.4999999997241389,170
1538,620.689655172,Re_620p689655,68.875,8.055555555555555,8.55,0.5500000000000007,171
1539,620.689655172,Re_620p689655,69.27777778,8.055555555555555,8.60000000027586,0.6000000002758608,172
1540,620.689655172,Re_620p689655,69.68055556,8.055555555555555,8.650000000551724,0.6500000005517244,173
1541,620.689655172,Re_620p689655,70.08333333,8.055555555555555,8.699999999586208,0.6999999995862076,174
1542,620.689655172,Re_620p689655,70.48611111,8.055555555555555,8.74999999986207,0.7499999998620694,175
1543,620.689655172,Re_620p689655,70.88888889,8.055555555555555,8.800000000137931,0.8000000001379313,176
1544,620.689655172,Re_620p689655,71.29166667,8.055555555555555,8.850000000413793,0.8500000004137931,177
1545,620.689655172,Re_620p689655,71.69444444,8.055555555555555,8.899999999448276,0.8999999994482764,178
1546,620.689655172,Re_620p689655,72.09722222,8.055555555555555,8.949999999724138,0.9499999997241382,179
1547,620.689655172,Re_620p689655,72.5,8.055555555555555,9.0,0.0,180
1548,620.689655172,Re_620p689655,72.90277778,8.055555555555555,9.050000000275862,0.05000000027586182,181
1549,620.689655172,Re_620p689655,73.30555556,8.055555555555555,9.100000000551725,0.10000000055172542,182
1550,620.689655172,Re_620p689655,73.70833333,8.055555555555555,9.149999999586207,0.1499999995862069,183
1551,620.689655172,Re_620p689655,74.11111111,8.055555555555555,9.199999999862069,0.19999999986206873,184
1552,620.689655172,Re_620p689655,74.51388889,8.055555555555555,9.250000000137932,0.25000000013793233,185
1553,620.689655172,Re_620p689655,74.91666667,8.055555555555555,9.300000000413792,0.3000000004137924,186
1554,620.689655172,Re_620p689655,75.31944444,8.055555555555555,9.349999999448276,0.34999999944827564,187
1555,620.689655172,Re_620p689655,75.72222222,8.055555555555555,9.39999999972414,0.39999999972413924,188
1556,620.689655172,Re_620p689655,76.125,8.055555555555555,9.450000000000001,0.45000000000000107,189
1557,620.689655172,Re_620p689655,76.52777778,8.055555555555555,9.500000000275861,0.5000000002758611,190
1558,620.689655172,Re_620p689655,76.93055556,8.055555555555555,9.550000000551725,0.5500000005517247,191
1559,620.689655172,Re_620p689655,77.33333333,8.055555555555555,9.599999999586208,0.599999999586208,192
1560,620.689655172,Re_620p689655,77.73611111,8.055555555555555,9.649999999862068,0.649999999862068,193
1561,620.689655172,Re_620p689655,78.13888889,8.055555555555555,9.700000000137932,0.7000000001379316,194
1562,620.689655172,Re_620p689655,78.54166667,8.055555555555555,9.750000000413793,0.7500000004137934,195
1563,620.689655172,Re_620p689655,78.94444444,8.055555555555555,9.799999999448277,0.7999999994482767,196
1564,620.689655172,Re_620p689655,79.34722222,8.055555555555555,9.849999999724139,0.8499999997241385,197
1565,620.689655172,Re_620p689655,79.75,8.055555555555555,9.9,0.9000000000000004,198
1566,620.689655172,Re_620p689655,80.15277778,8.055555555555555,9.950000000275862,0.9500000002758622,199
1567,620.689655172,Re_620p689655,80.55555556,8.055555555555555,10.000000000551724,5.51723999819842e-10,200
1568,620.689655172,Re_620p689655,80.95833333,8.055555555555555,10.049999999586207,0.04999999958620727,201
1569,620.689655172,Re_620p689655,81.36111111,8.055555555555555,10.099999999862069,0.09999999986206909,202
1570,620.689655172,Re_620p689655,81.76388889,8.055555555555555,10.150000000137931,0.1500000001379309,203
1571,620.689655172,Re_620p689655,82.16666667,8.055555555555555,10.200000000413793,0.20000000041379273,204
1572,620.689655172,Re_620p689655,82.56944444,8.055555555555555,10.249999999448276,0.249999999448276,205
1573,620.689655172,Re_620p689655,82.97222222,8.055555555555555,10.29999999972414,0.2999999997241396,206
1574,620.689655172,Re_620p689655,83.375,8.055555555555555,10.35,0.34999999999999964,207
1575,620.689655172,Re_620p689655,83.77777778,8.055555555555555,10.400000000275861,0.40000000027586147,208
1576,620.689655172,Re_620p689655,84.18055556,8.055555555555555,10.450000000551725,0.45000000055172507,209
1577,620.689655172,Re_620p689655,84.58333333,8.055555555555555,10.499999999586207,0.49999999958620656,210
1578,620.689655172,Re_620p689655,84.98611111,8.055555555555555,10.549999999862068,0.5499999998620684,211
1579,620.689655172,Re_620p689655,85.38888889,8.055555555555555,10.600000000137932,0.600000000137932,212
1580,620.689655172,Re_620p689655,85.79166667,8.055555555555555,10.650000000413794,0.6500000004137938,213
1581,620.689655172,Re_620p689655,86.19444444,8.055555555555555,10.699999999448275,0.6999999994482753,214
1582,620.689655172,Re_620p689655,86.59722222,8.055555555555555,10.749999999724139,0.7499999997241389,215
1583,620.689655172,Re_620p689655,87.0,8.055555555555555,10.8,0.8000000000000007,216
1584,620.689655172,Re_620p689655,87.40277778,8.055555555555555,10.85000000027586,0.8500000002758608,217
1585,620.689655172,Re_620p689655,87.80555556,8.055555555555555,10.900000000551724,0.9000000005517244,218
1586,620.689655172,Re_620p689655,88.20833333,8.055555555555555,10.949999999586208,0.9499999995862076,219
1587,620.689655172,Re_620p689655,88.61111111,8.055555555555555,10.99999999986207,0.9999999998620694,220
1588,620.689655172,Re_620p689655,89.01388889,8.055555555555555,11.050000000137931,0.050000000137931266,221
1589,620.689655172,Re_620p689655,89.41666667,8.055555555555555,11.100000000413793,0.10000000041379309,222
1590,620.689655172,Re_620p689655,89.81944444,8.055555555555555,11.149999999448276,0.14999999944827636,223
1591,620.689655172,Re_620p689655,90.22222222,8.055555555555555,11.199999999724138,0.19999999972413818,224
1592,620.689655172,Re_620p689655,90.625,8.055555555555555,11.25,0.25,225
1593,620.689655172,Re_620p689655,91.02777778,8.055555555555555,11.300000000275862,0.3000000002758618,226
1594,620.689655172,Re_620p689655,91.43055556,8.055555555555555,11.350000000551725,0.3500000005517254,227
1595,620.689655172,Re_620p689655,91.83333333,8.055555555555555,11.399999999586207,0.3999999995862069,228
1596,620.689655172,Re_620p689655,92.23611111,8.055555555555555,11.449999999862069,0.44999999986206873,229
1597,620.689655172,Re_620p689655,92.63888889,8.055555555555555,11.500000000137932,0.5000000001379323,230
1598,620.689655172,Re_620p689655,93.04166667,8.055555555555555,11.550000000413792,0.5500000004137924,231
1599,620.689655172,Re_620p689655,93.44444444,8.055555555555555,11.599999999448276,0.5999999994482756,232
1600,620.689655172,Re_620p689655,93.84722222,8.055555555555555,11.64999999972414,0.6499999997241392,233
1601,620.689655172,Re_620p689655,94.25,8.055555555555555,11.700000000000001,0.7000000000000011,234
1602,620.689655172,Re_620p689655,94.65277778,8.055555555555555,11.750000000275861,0.7500000002758611,235
1603,620.689655172,Re_620p689655,95.05555556,8.055555555555555,11.800000000551725,0.8000000005517247,236
1604,620.689655172,Re_620p689655,95.45833333,8.055555555555555,11.849999999586208,0.849999999586208,237
1605,620.689655172,Re_620p689655,95.86111111,8.055555555555555,11.899999999862068,0.899999999862068,238
1606,620.689655172,Re_620p689655,96.26388889,8.055555555555555,11.950000000137932,0.9500000001379316,239
1607,620.689655172,Re_620p689655,96.66666667,8.055555555555555,12.000000000413793,4.1379344395409134e-10,240
1608,637.931034483,Re_637p931034,15.67567568,7.837837837837838,2.000000000551724,5.51723999819842e-10,40
1609,637.931034483,Re_637p931034,16.06756757,7.837837837837838,2.050000000310345,0.050000000310344905,41
1610,637.931034483,Re_637p931034,16.45945946,7.837837837837838,2.100000000068966,0.10000000006896581,42
1611,637.931034483,Re_637p931034,16.85135135,7.837837837837838,2.1499999998275863,0.14999999982758627,43
1612,637.931034483,Re_637p931034,17.24324324,7.837837837837838,2.199999999586207,0.19999999958620718,44
1613,637.931034483,Re_637p931034,17.63513514,7.837837837837838,2.2500000006206897,0.2500000006206897,45
1614,637.931034483,Re_637p931034,18.02702703,7.837837837837838,2.30000000037931,0.3000000003793102,46
1615,637.931034483,Re_637p931034,18.41891892,7.837837837837838,2.350000000137931,0.3500000001379311,47
1616,637.931034483,Re_637p931034,18.81081081,7.837837837837838,2.3999999998965516,0.39999999989655155,48
1617,637.931034483,Re_637p931034,19.2027027,7.837837837837838,2.4499999996551725,0.44999999965517246,49
1618,637.931034483,Re_637p931034,19.59459459,7.837837837837838,2.499999999413793,0.4999999994137929,50
1619,637.931034483,Re_637p931034,19.98648649,7.837837837837838,2.550000000448276,0.5500000004482759,51
1620,637.931034483,Re_637p931034,20.37837838,7.837837837837838,2.600000000206897,0.6000000002068968,52
1621,637.931034483,Re_637p931034,20.77027027,7.837837837837838,2.6499999999655173,0.6499999999655173,53
1622,637.931034483,Re_637p931034,21.16216216,7.837837837837838,2.699999999724138,0.6999999997241382,54
1623,637.931034483,Re_637p931034,21.55405405,7.837837837837838,2.7499999994827586,0.7499999994827586,55
1624,637.931034483,Re_637p931034,21.94594595,7.837837837837838,2.800000000517241,0.8000000005172412,56
1625,637.931034483,Re_637p931034,22.33783784,7.837837837837838,2.850000000275862,0.8500000002758621,57
1626,637.931034483,Re_637p931034,22.72972973,7.837837837837838,2.9000000000344826,0.9000000000344826,58
1627,637.931034483,Re_637p931034,23.12162162,7.837837837837838,2.9499999997931035,0.9499999997931035,59
1628,637.931034483,Re_637p931034,23.51351351,7.837837837837838,2.999999999551724,0.9999999995517239,60
1629,637.931034483,Re_637p931034,23.90540541,7.837837837837838,3.050000000586207,0.050000000586206905,61
1630,637.931034483,Re_637p931034,24.2972973,7.837837837837838,3.100000000344828,0.10000000034482781,62
1631,637.931034483,Re_637p931034,24.68918919,7.837837837837838,3.1500000001034483,0.15000000010344827,63
1632,637.931034483,Re_637p931034,25.08108108,7.837837837837838,3.199999999862069,0.19999999986206918,64
1633,637.931034483,Re_637p931034,25.47297297,7.837837837837838,3.2499999996206896,0.24999999962068964,65
1634,637.931034483,Re_637p931034,25.86486486,7.837837837837838,3.2999999993793105,0.29999999937931054,66
1635,637.931034483,Re_637p931034,26.25675676,7.837837837837838,3.350000000413793,0.3500000004137931,67
1636,637.931034483,Re_637p931034,26.64864865,7.837837837837838,3.4000000001724136,0.40000000017241355,68
1637,637.931034483,Re_637p931034,27.04054054,7.837837837837838,3.4499999999310345,0.44999999993103446,69
1638,637.931034483,Re_637p931034,27.43243243,7.837837837837838,3.499999999689655,0.4999999996896549,70
1639,637.931034483,Re_637p931034,27.82432432,7.837837837837838,3.549999999448276,0.5499999994482758,71
1640,637.931034483,Re_637p931034,28.21621622,7.837837837837838,3.600000000482759,0.6000000004827588,72
1641,637.931034483,Re_637p931034,28.60810811,7.837837837837838,3.6500000002413793,0.6500000002413793,73
1642,637.931034483,Re_637p931034,29.0,7.837837837837838,3.7,0.7000000000000002,74
1643,637.931034483,Re_637p931034,29.39189189,7.837837837837838,3.7499999997586206,0.7499999997586206,75
1644,637.931034483,Re_637p931034,29.78378378,7.837837837837838,3.7999999995172415,0.7999999995172415,76
1645,637.931034483,Re_637p931034,30.17567568,7.837837837837838,3.8500000005517245,0.8500000005517245,77
1646,637.931034483,Re_637p931034,30.56756757,7.837837837837838,3.900000000310345,0.900000000310345,78
1647,637.931034483,Re_637p931034,30.95945946,7.837837837837838,3.950000000068966,0.9500000000689659,79
1648,637.931034483,Re_637p931034,31.35135135,7.837837837837838,3.9999999998275864,0.9999999998275864,80
1649,637.931034483,Re_637p931034,31.74324324,7.837837837837838,4.049999999586207,0.04999999958620727,81
1650,637.931034483,Re_637p931034,32.13513514,7.837837837837838,4.10000000062069,0.10000000062068981,82
1651,637.931034483,Re_637p931034,32.52702703,7.837837837837838,4.15000000037931,0.15000000037931027,83
1652,637.931034483,Re_637p931034,32.91891892,7.837837837837838,4.200000000137932,0.20000000013793162,84
1653,637.931034483,Re_637p931034,33.31081081,7.837837837837838,4.249999999896552,0.24999999989655208,85
1654,637.931034483,Re_637p931034,33.7027027,7.837837837837838,4.2999999996551725,0.29999999965517254,86
1655,637.931034483,Re_637p931034,34.09459459,7.837837837837838,4.349999999413793,0.349999999413793,87
1656,637.931034483,Re_637p931034,34.48648649,7.837837837837838,4.4000000004482756,0.40000000044827555,88
1657,637.931034483,Re_637p931034,34.87837838,7.837837837837838,4.450000000206897,0.4500000002068969,89
1658,637.931034483,Re_637p931034,35.27027027,7.837837837837838,4.499999999965517,0.49999999996551736,90
1659,637.931034483,Re_637p931034,35.66216216,7.837837837837838,4.549999999724138,0.5499999997241378,91
1660,637.931034483,Re_637p931034,36.05405405,7.837837837837838,4.599999999482758,0.5999999994827583,92
1661,637.931034483,Re_637p931034,36.44594595,7.837837837837838,4.650000000517242,0.6500000005172417,93
1662,637.931034483,Re_637p931034,36.83783784,7.837837837837838,4.700000000275862,0.7000000002758622,94
1663,637.931034483,Re_637p931034,37.22972973,7.837837837837838,4.7500000000344835,0.7500000000344835,95
1664,637.931034483,Re_637p931034,37.62162162,7.837837837837838,4.799999999793103,0.7999999997931031,96
1665,637.931034483,Re_637p931034,38.01351351,7.837837837837838,4.8499999995517244,0.8499999995517244,97
1666,637.931034483,Re_637p931034,38.40540541,7.837837837837838,4.900000000586207,0.900000000586207,98
1667,637.931034483,Re_637p931034,38.7972973,7.837837837837838,4.9500000003448275,0.9500000003448275,99
1668,637.931034483,Re_637p931034,39.18918919,7.837837837837838,5.000000000103449,1.0344880507773269e-10,100
1669,637.931034483,Re_637p931034,39.58108108,7.837837837837838,5.049999999862068,0.04999999986206838,101
1670,637.931034483,Re_637p931034,39.97297297,7.837837837837838,5.09999999962069,0.09999999962068973,102
1671,637.931034483,Re_637p931034,40.36486486,7.837837837837838,5.14999999937931,0.1499999993793102,103
1672,637.931034483,Re_637p931034,40.75675676,7.837837837837838,5.200000000413794,0.20000000041379362,104
1673,637.931034483,Re_637p931034,41.14864865,7.837837837837838,5.250000000172414,0.2500000001724141,105
1674,637.931034483,Re_637p931034,41.54054054,7.837837837837838,5.2999999999310345,0.29999999993103454,106
1675,637.931034483,Re_637p931034,41.93243243,7.837837837837838,5.349999999689655,0.349999999689655,107
1676,637.931034483,Re_637p931034,42.32432432,7.837837837837838,5.399999999448276,0.39999999944827636,108
1677,637.931034483,Re_637p931034,42.71621622,7.837837837837838,5.450000000482759,0.4500000004827589,109
1678,637.931034483,Re_637p931034,43.10810811,7.837837837837838,5.50000000024138,0.5000000002413802,110
1679,637.931034483,Re_637p931034,43.5,7.837837837837838,5.55,0.5499999999999998,111
1680,637.931034483,Re_637p931034,43.89189189,7.837837837837838,5.59999999975862,0.5999999997586203,112
1681,637.931034483,Re_637p931034,44.28378378,7.837837837837838,5.649999999517242,0.6499999995172416,113
1682,637.931034483,Re_637p931034,44.67567568,7.837837837837838,5.700000000551724,0.7000000005517242,114
1683,637.931034483,Re_637p931034,45.06756757,7.837837837837838,5.7500000003103455,0.7500000003103455,115
1684,637.931034483,Re_637p931034,45.45945946,7.837837837837838,5.800000000068965,0.8000000000689651,116
1685,637.931034483,Re_637p931034,45.85135135,7.837837837837838,5.8499999998275864,0.8499999998275864,117
1686,637.931034483,Re_637p931034,46.24324324,7.837837837837838,5.899999999586207,0.8999999995862069,118
1687,637.931034483,Re_637p931034,46.63513514,7.837837837837838,5.95000000062069,0.9500000006206903,119
1688,637.931034483,Re_637p931034,47.02702703,7.837837837837838,6.00000000037931,3.79309916809234e-10,120
1689,637.931034483,Re_637p931034,47.41891892,7.837837837837838,6.050000000137931,0.050000000137931266,121
1690,637.931034483,Re_637p931034,47.81081081,7.837837837837838,6.099999999896552,0.09999999989655173,122
1691,637.931034483,Re_637p931034,48.2027027,7.837837837837838,6.149999999655173,0.14999999965517308,123
1692,637.931034483,Re_637p931034,48.59459459,7.837837837837838,6.1999999994137935,0.19999999941379354,124
1693,637.931034483,Re_637p931034,48.98648649,7.837837837837838,6.250000000448275,0.2500000004482752,125
1694,637.931034483,Re_637p931034,49.37837838,7.837837837837838,6.3000000002068965,0.30000000020689654,126
1695,637.931034483,Re_637p931034,49.77027027,7.837837837837838,6.349999999965517,0.349999999965517,127
1696,637.931034483,Re_637p931034,50.16216216,7.837837837837838,6.399999999724138,0.39999999972413836,128
1697,637.931034483,Re_637p931034,50.55405405,7.837837837837838,6.449999999482759,0.4499999994827588,129
1698,637.931034483,Re_637p931034,50.94594595,7.837837837837838,6.500000000517241,0.5000000005172414,130
1699,637.931034483,Re_637p931034,51.33783784,7.837837837837838,6.550000000275862,0.5500000002758618,131
1700,637.931034483,Re_637p931034,51.72972973,7.837837837837838,6.600000000034483,0.6000000000344832,132
1701,637.931034483,Re_637p931034,52.12162162,7.837837837837838,6.649999999793104,0.6499999997931036,133
1702,637.931034483,Re_637p931034,52.51351351,7.837837837837838,6.699999999551725,0.699999999551725,134
1703,637.931034483,Re_637p931034,52.90540541,7.837837837837838,6.750000000586207,0.7500000005862066,135
1704,637.931034483,Re_637p931034,53.2972973,7.837837837837838,6.800000000344827,0.8000000003448271,136
1705,637.931034483,Re_637p931034,53.68918919,7.837837837837838,6.8500000001034484,0.8500000001034484,137
1706,637.931034483,Re_637p931034,54.08108108,7.837837837837838,6.899999999862069,0.8999999998620689,138
1707,637.931034483,Re_637p931034,54.47297297,7.837837837837838,6.94999999962069,0.9499999996206903,139
1708,637.931034483,Re_637p931034,54.86486486,7.837837837837838,6.99999999937931,0.9999999993793098,140
1709,637.931034483,Re_637p931034,55.25675676,7.837837837837838,7.050000000413793,0.050000000413793266,141
1710,637.931034483,Re_637p931034,55.64864865,7.837837837837838,7.100000000172414,0.10000000017241373,142
1711,637.931034483,Re_637p931034,56.04054054,7.837837837837838,7.149999999931035,0.14999999993103508,143
1712,637.931034483,Re_637p931034,56.43243243,7.837837837837838,7.1999999996896555,0.19999999968965554,144
1713,637.931034483,Re_637p931034,56.82432432,7.837837837837838,7.249999999448276,0.249999999448276,145
1714,637.931034483,Re_637p931034,57.21621622,7.837837837837838,7.3000000004827585,0.30000000048275854,146
1715,637.931034483,Re_637p931034,57.60810811,7.837837837837838,7.35000000024138,0.3500000002413799,147
1716,637.931034483,Re_637p931034,58.0,7.837837837837838,7.4,0.40000000000000036,148
1717,637.931034483,Re_637p931034,58.39189189,7.837837837837838,7.44999999975862,0.44999999975861993,149
1718,637.931034483,Re_637p931034,58.78378378,7.837837837837838,7.499999999517241,0.4999999995172413,150
1719,637.931034483,Re_637p931034,59.17567568,7.837837837837838,7.550000000551724,0.5500000005517238,151
1720,637.931034483,Re_637p931034,59.56756757,7.837837837837838,7.600000000310345,0.6000000003103452,152
1721,637.931034483,Re_637p931034,59.95945946,7.837837837837838,7.650000000068966,0.6500000000689656,153
1722,637.931034483,Re_637p931034,60.35135135,7.837837837837838,7.699999999827586,0.6999999998275861,154
1723,637.931034483,Re_637p931034,60.74324324,7.837837837837838,7.749999999586207,0.7499999995862066,155
1724,637.931034483,Re_637p931034,61.13513514,7.837837837837838,7.80000000062069,0.80000000062069,156
1725,637.931034483,Re_637p931034,61.52702703,7.837837837837838,7.8500000003793104,0.8500000003793104,157
1726,637.931034483,Re_637p931034,61.91891892,7.837837837837838,7.900000000137932,0.9000000001379318,158
1727,637.931034483,Re_637p931034,62.31081081,7.837837837837838,7.949999999896551,0.9499999998965514,159
1728,637.931034483,Re_637p931034,62.7027027,7.837837837837838,7.999999999655173,0.9999999996551727,160
1729,637.931034483,Re_637p931034,63.09459459,7.837837837837838,8.049999999413794,0.04999999941379407,161
1730,637.931034483,Re_637p931034,63.48648649,7.837837837837838,8.100000000448276,0.10000000044827573,162
1731,637.931034483,Re_637p931034,63.87837838,7.837837837837838,8.150000000206896,0.1500000002068962,163
1732,637.931034483,Re_637p931034,64.27027027,7.837837837837838,8.199999999965517,0.19999999996551665,164
1733,637.931034483,Re_637p931034,64.66216216,7.837837837837838,8.249999999724137,0.2499999997241371,165
1734,637.931034483,Re_637p931034,65.05405405,7.837837837837838,8.29999999948276,0.29999999948275935,166
1735,637.931034483,Re_637p931034,65.44594595,7.837837837837838,8.350000000517241,0.350000000517241,167
1736,637.931034483,Re_637p931034,65.83783784,7.837837837837838,8.400000000275863,0.40000000027586324,168
1737,637.931034483,Re_637p931034,66.22972973,7.837837837837838,8.450000000034484,0.4500000000344837,169
1738,637.931034483,Re_637p931034,66.62162162,7.837837837837838,8.499999999793104,0.49999999979310417,170
1739,637.931034483,Re_637p931034,67.01351351,7.837837837837838,8.549999999551723,0.5499999995517229,171
1740,637.931034483,Re_637p931034,67.40540541,7.837837837837838,8.600000000586206,0.6000000005862063,172
1741,637.931034483,Re_637p931034,67.7972973,7.837837837837838,8.650000000344827,0.6500000003448267,173
1742,637.931034483,Re_637p931034,68.18918919,7.837837837837838,8.700000000103447,0.7000000001034472,174
1743,637.931034483,Re_637p931034,68.58108108,7.837837837837838,8.74999999986207,0.7499999998620694,175
1744,637.931034483,Re_637p931034,68.97297297,7.837837837837838,8.79999999962069,0.7999999996206899,176
1745,637.931034483,Re_637p931034,69.36486486,7.837837837837838,8.84999999937931,0.8499999993793104,177
1746,637.931034483,Re_637p931034,69.75675676,7.837837837837838,8.900000000413794,0.9000000004137938,178
1747,637.931034483,Re_637p931034,70.14864865,7.837837837837838,8.950000000172414,0.9500000001724143,179
1748,637.931034483,Re_637p931034,70.54054054,7.837837837837838,8.999999999931035,0.9999999999310347,180
1749,637.931034483,Re_637p931034,70.93243243,7.837837837837838,9.049999999689655,0.049999999689655183,181
1750,637.931034483,Re_637p931034,71.32432432,7.837837837837838,9.099999999448276,0.09999999944827564,182
1751,637.931034483,Re_637p931034,71.71621622,7.837837837837838,9.150000000482759,0.15000000048275908,183
1752,637.931034483,Re_637p931034,72.10810811,7.837837837837838,9.20000000024138,0.20000000024137954,184
1753,637.931034483,Re_637p931034,72.5,7.837837837837838,9.25,0.25,185
1754,637.931034483,Re_637p931034,72.89189189,7.837837837837838,9.29999999975862,0.29999999975862046,186
1755,637.931034483,Re_637p931034,73.28378378,7.837837837837838,9.349999999517241,0.3499999995172409,187
1756,637.931034483,Re_637p931034,73.67567568,7.837837837837838,9.400000000551724,0.40000000055172436,188
1757,637.931034483,Re_637p931034,74.06756757,7.837837837837838,9.450000000310345,0.4500000003103448,189
1758,637.931034483,Re_637p931034,74.45945946,7.837837837837838,9.500000000068967,0.500000000068967,190
1759,637.931034483,Re_637p931034,74.85135135,7.837837837837838,9.549999999827586,0.5499999998275857,191
1760,637.931034483,Re_637p931034,75.24324324,7.837837837837838,9.599999999586206,0.5999999995862062,192
1761,637.931034483,Re_637p931034,75.63513514,7.837837837837838,9.65000000062069,0.6500000006206896,193
1762,637.931034483,Re_637p931034,76.02702703,7.837837837837838,9.70000000037931,0.7000000003793101,194
1763,637.931034483,Re_637p931034,76.41891892,7.837837837837838,9.75000000013793,0.7500000001379306,195
1764,637.931034483,Re_637p931034,76.81081081,7.837837837837838,9.799999999896553,0.7999999998965528,196
1765,637.931034483,Re_637p931034,77.2027027,7.837837837837838,9.849999999655173,0.8499999996551733,197
1766,637.931034483,Re_637p931034,77.59459459,7.837837837837838,9.899999999413794,0.8999999994137937,198
1767,637.931034483,Re_637p931034,77.98648649,7.837837837837838,9.950000000448277,0.9500000004482771,199
1768,637.931034483,Re_637p931034,78.37837838,7.837837837837838,10.000000000206898,2.0689761015546537e-10,200
1769,637.931034483,Re_637p931034,78.77027027,7.837837837837838,10.049999999965516,0.049999999965516295,201
1770,637.931034483,Re_637p931034,79.16216216,7.837837837837838,10.099999999724137,0.09999999972413676,202
1771,637.931034483,Re_637p931034,79.55405405,7.837837837837838,10.149999999482759,0.149999999482759,203
1772,637.931034483,Re_637p931034,79.94594595,7.837837837837838,10.20000000051724,0.20000000051724065,204
1773,637.931034483,Re_637p931034,80.33783784,7.837837837837838,10.250000000275863,0.2500000002758629,205
1774,637.931034483,Re_637p931034,80.72972973,7.837837837837838,10.300000000034483,0.30000000003448335,206
1775,637.931034483,Re_637p931034,81.12162162,7.837837837837838,10.349999999793104,0.3499999997931038,207
1776,637.931034483,Re_637p931034,81.51351351,7.837837837837838,10.399999999551724,0.3999999995517243,208
1777,637.931034483,Re_637p931034,81.90540541,7.837837837837838,10.450000000586208,0.4500000005862077,209
1778,637.931034483,Re_637p931034,82.2972973,7.837837837837838,10.500000000344828,0.5000000003448282,210
1779,637.931034483,Re_637p931034,82.68918919,7.837837837837838,10.550000000103447,0.5500000001034469,211
1780,637.931034483,Re_637p931034,83.08108108,7.837837837837838,10.599999999862069,0.5999999998620691,212
1781,637.931034483,Re_637p931034,83.47297297,7.837837837837838,10.64999999962069,0.6499999996206896,213
1782,637.931034483,Re_637p931034,83.86486486,7.837837837837838,10.69999999937931,0.69999999937931,214
1783,637.931034483,Re_637p931034,84.25675676,7.837837837837838,10.750000000413793,0.7500000004137934,215
1784,637.931034483,Re_637p931034,84.64864865,7.837837837837838,10.800000000172414,0.8000000001724139,216
1785,637.931034483,Re_637p931034,85.04054054,7.837837837837838,10.849999999931034,0.8499999999310344,217
1786,637.931034483,Re_637p931034,85.43243243,7.837837837837838,10.899999999689657,0.8999999996896566,218
1787,637.931034483,Re_637p931034,85.82432432,7.837837837837838,10.949999999448277,0.9499999994482771,219
1788,637.931034483,Re_637p931034,86.21621622,7.837837837837838,11.00000000048276,4.827604982438061e-10,220
1789,637.931034483,Re_637p931034,86.60810811,7.837837837837838,11.05000000024138,0.05000000024137918,221
1790,637.931034483,Re_637p931034,87.0,7.837837837837838,11.1,0.09999999999999964,222
1791,637.931034483,Re_637p931034,87.39189189,7.837837837837838,11.14999999975862,0.1499999997586201,223
1792,637.931034483,Re_637p931034,87.78378378,7.837837837837838,11.19999999951724,0.19999999951724057,224
1793,637.931034483,Re_637p931034,88.17567568,7.837837837837838,11.250000000551724,0.250000000551724,225
1794,637.931034483,Re_637p931034,88.56756757,7.837837837837838,11.300000000310344,0.30000000031034446,226
1795,637.931034483,Re_637p931034,88.95945946,7.837837837837838,11.350000000068967,0.3500000000689667,227
1796,637.931034483,Re_637p931034,89.35135135,7.837837837837838,11.399999999827587,0.39999999982758716,228
1797,637.931034483,Re_637p931034,89.74324324,7.837837837837838,11.449999999586208,0.4499999995862076,229
1798,637.931034483,Re_637p931034,90.13513514,7.837837837837838,11.500000000620691,0.500000000620691,230
1799,637.931034483,Re_637p931034,90.52702703,7.837837837837838,11.55000000037931,0.5500000003793097,231
1800,637.931034483,Re_637p931034,90.91891892,7.837837837837838,11.60000000013793,0.6000000001379302,232
1801,637.931034483,Re_637p931034,91.31081081,7.837837837837838,11.649999999896552,0.6499999998965524,233
1802,637.931034483,Re_637p931034,91.7027027,7.837837837837838,11.699999999655173,0.6999999996551729,234
1803,637.931034483,Re_637p931034,92.09459459,7.837837837837838,11.749999999413793,0.7499999994137934,235
1804,637.931034483,Re_637p931034,92.48648649,7.837837837837838,11.800000000448277,0.8000000004482768,236
1805,637.931034483,Re_637p931034,92.87837838,7.837837837837838,11.850000000206897,0.8500000002068973,237
1806,637.931034483,Re_637p931034,93.27027027,7.837837837837838,11.899999999965518,0.8999999999655177,238
1807,637.931034483,Re_637p931034,93.66216216,7.837837837837838,11.949999999724138,0.9499999997241382,239
1808,637.931034483,Re_637p931034,94.05405405,7.837837837837838,11.999999999482759,0.9999999994827586,240
1809,655.172413793,Re_655p172414,15.26315789,7.63157894736842,1.9999999993793105,0.9999999993793105,40
1810,655.172413793,Re_655p172414,15.64473684,7.63157894736842,2.0499999997241383,0.04999999972413827,41
1811,655.172413793,Re_655p172414,16.02631579,7.63157894736842,2.100000000068966,0.10000000006896581,42
1812,655.172413793,Re_655p172414,16.40789474,7.63157894736842,2.1500000004137934,0.15000000041379336,43
1813,655.172413793,Re_655p172414,16.78947368,7.63157894736842,2.199999999448276,0.19999999944827618,44
1814,655.172413793,Re_655p172414,17.17105263,7.63157894736842,2.2499999997931033,0.24999999979310328,45
1815,655.172413793,Re_655p172414,17.55263158,7.63157894736842,2.3000000001379313,0.30000000013793127,46
1816,655.172413793,Re_655p172414,17.93421053,7.63157894736842,2.350000000482759,0.3500000004827588,47
1817,655.172413793,Re_655p172414,18.31578947,7.63157894736842,2.3999999995172416,0.39999999951724163,48
1818,655.172413793,Re_655p172414,18.69736842,7.63157894736842,2.449999999862069,0.4499999998620692,49
1819,655.172413793,Re_655p172414,19.07894737,7.63157894736842,2.500000000206897,0.5000000002068972,50
1820,655.172413793,Re_655p172414,19.46052632,7.63157894736842,2.5500000005517243,0.5500000005517243,51
1821,655.172413793,Re_655p172414,19.84210526,7.63157894736842,2.599999999586207,0.5999999995862071,52
1822,655.172413793,Re_655p172414,20.22368421,7.63157894736842,2.6499999999310346,0.6499999999310346,53
1823,655.172413793,Re_655p172414,20.60526316,7.63157894736842,2.700000000275862,0.7000000002758622,54
1824,655.172413793,Re_655p172414,20.98684211,7.63157894736842,2.75000000062069,0.7500000006206902,55
1825,655.172413793,Re_655p172414,21.36842105,7.63157894736842,2.7999999996551725,0.7999999996551725,56
1826,655.172413793,Re_655p172414,21.75,7.63157894736842,2.85,0.8500000000000001,57
1827,655.172413793,Re_655p172414,22.13157895,7.63157894736842,2.900000000344828,0.9000000003448281,58
1828,655.172413793,Re_655p172414,22.51315789,7.63157894736842,2.9499999993793105,0.9499999993793105,59
1829,655.172413793,Re_655p172414,22.89473684,7.63157894736842,2.9999999997241384,0.9999999997241384,60
1830,655.172413793,Re_655p172414,23.27631579,7.63157894736842,3.050000000068966,0.05000000006896599,61
1831,655.172413793,Re_655p172414,23.65789474,7.63157894736842,3.1000000004137935,0.10000000041379353,62
1832,655.172413793,Re_655p172414,24.03947368,7.63157894736842,3.1499999994482764,0.14999999944827636,63
1833,655.172413793,Re_655p172414,24.42105263,7.63157894736842,3.1999999997931035,0.19999999979310346,64
1834,655.172413793,Re_655p172414,24.80263158,7.63157894736842,3.2500000001379314,0.25000000013793144,65
1835,655.172413793,Re_655p172414,25.18421053,7.63157894736842,3.300000000482759,0.300000000482759,66
1836,655.172413793,Re_655p172414,25.56578947,7.63157894736842,3.3499999995172414,0.34999999951724137,67
1837,655.172413793,Re_655p172414,25.94736842,7.63157894736842,3.3999999998620694,0.39999999986206936,68
1838,655.172413793,Re_655p172414,26.32894737,7.63157894736842,3.450000000206897,0.4500000002068969,69
1839,655.172413793,Re_655p172414,26.71052632,7.63157894736842,3.5000000005517244,0.5000000005517244,70
1840,655.172413793,Re_655p172414,27.09210526,7.63157894736842,3.5499999995862073,0.5499999995862073,71
1841,655.172413793,Re_655p172414,27.47368421,7.63157894736842,3.5999999999310344,0.5999999999310344,72
1842,655.172413793,Re_655p172414,27.85526316,7.63157894736842,3.6500000002758624,0.6500000002758624,73
1843,655.172413793,Re_655p172414,28.23684211,7.63157894736842,3.7000000006206903,0.7000000006206903,74
1844,655.172413793,Re_655p172414,28.61842105,7.63157894736842,3.7499999996551727,0.7499999996551727,75
1845,655.172413793,Re_655p172414,29.0,7.63157894736842,3.8000000000000003,0.8000000000000003,76
1846,655.172413793,Re_655p172414,29.38157895,7.63157894736842,3.8500000003448283,0.8500000003448283,77
1847,655.172413793,Re_655p172414,29.76315789,7.63157894736842,3.8999999993793106,0.8999999993793106,78
1848,655.172413793,Re_655p172414,30.14473684,7.63157894736842,3.949999999724138,0.9499999997241382,79
1849,655.172413793,Re_655p172414,30.52631579,7.63157894736842,4.000000000068966,6.896616611129502e-11,80
1850,655.172413793,Re_655p172414,30.90789474,7.63157894736842,4.050000000413793,0.050000000413793266,81
1851,655.172413793,Re_655p172414,31.28947368,7.63157894736842,4.0999999994482765,0.09999999944827653,82
1852,655.172413793,Re_655p172414,31.67105263,7.63157894736842,4.149999999793104,0.14999999979310363,83
1853,655.172413793,Re_655p172414,32.05263158,7.63157894736842,4.200000000137932,0.20000000013793162,84
1854,655.172413793,Re_655p172414,32.43421053,7.63157894736842,4.25000000048276,0.2500000004827596,85
1855,655.172413793,Re_655p172414,32.81578947,7.63157894736842,4.299999999517242,0.299999999517242,86
1856,655.172413793,Re_655p172414,33.19736842,7.63157894736842,4.349999999862069,0.3499999998620691,87
1857,655.172413793,Re_655p172414,33.57894737,7.63157894736842,4.400000000206897,0.4000000002068971,88
1858,655.172413793,Re_655p172414,33.96052632,7.63157894736842,4.450000000551724,0.4500000005517242,89
1859,655.172413793,Re_655p172414,34.34210526,7.63157894736842,4.499999999586207,0.49999999958620656,90
1860,655.172413793,Re_655p172414,34.72368421,7.63157894736842,4.549999999931035,0.5499999999310354,91
1861,655.172413793,Re_655p172414,35.10526316,7.63157894736842,4.6000000002758625,0.6000000002758625,92
1862,655.172413793,Re_655p172414,35.48684211,7.63157894736842,4.65000000062069,0.6500000006206896,93
1863,655.172413793,Re_655p172414,35.86842105,7.63157894736842,4.699999999655173,0.6999999996551729,94
1864,655.172413793,Re_655p172414,36.25,7.63157894736842,4.75,0.75,95
1865,655.172413793,Re_655p172414,36.63157895,7.63157894736842,4.800000000344828,0.800000000344828,96
1866,655.172413793,Re_655p172414,37.01315789,7.63157894736842,4.849999999379311,0.8499999993793113,97
1867,655.172413793,Re_655p172414,37.39473684,7.63157894736842,4.899999999724138,0.8999999997241384,98
1868,655.172413793,Re_655p172414,37.77631579,7.63157894736842,4.9500000000689655,0.9500000000689655,99
1869,655.172413793,Re_655p172414,38.15789474,7.63157894736842,5.000000000413794,4.1379433213251104e-10,100
1870,655.172413793,Re_655p172414,38.53947368,7.63157894736842,5.049999999448277,0.04999999944827671,101
1871,655.172413793,Re_655p172414,38.92105263,7.63157894736842,5.099999999793104,0.09999999979310381,102
1872,655.172413793,Re_655p172414,39.30263158,7.63157894736842,5.150000000137932,0.1500000001379318,103
1873,655.172413793,Re_655p172414,39.68421053,7.63157894736842,5.200000000482759,0.2000000004827589,104
1874,655.172413793,Re_655p172414,40.06578947,7.63157894736842,5.249999999517241,0.24999999951724128,105
1875,655.172413793,Re_655p172414,40.44736842,7.63157894736842,5.299999999862069,0.29999999986206927,106
1876,655.172413793,Re_655p172414,40.82894737,7.63157894736842,5.350000000206897,0.35000000020689725,107
1877,655.172413793,Re_655p172414,41.21052632,7.63157894736842,5.400000000551724,0.40000000055172436,108
1878,655.172413793,Re_655p172414,41.59210526,7.63157894736842,5.449999999586207,0.44999999958620673,109
1879,655.172413793,Re_655p172414,41.97368421,7.63157894736842,5.499999999931036,0.4999999999310356,110
1880,655.172413793,Re_655p172414,42.35526316,7.63157894736842,5.550000000275863,0.5500000002758627,111
1881,655.172413793,Re_655p172414,42.73684211,7.63157894736842,5.60000000062069,0.6000000006206898,112
1882,655.172413793,Re_655p172414,43.11842105,7.63157894736842,5.649999999655173,0.6499999996551731,113
1883,655.172413793,Re_655p172414,43.5,7.63157894736842,5.7,0.7000000000000002,114
1884,655.172413793,Re_655p172414,43.88157895,7.63157894736842,5.750000000344828,0.7500000003448282,115
1885,655.172413793,Re_655p172414,44.26315789,7.63157894736842,5.799999999379311,0.7999999993793114,116
1886,655.172413793,Re_655p172414,44.64473684,7.63157894736842,5.8499999997241385,0.8499999997241385,117
1887,655.172413793,Re_655p172414,45.02631579,7.63157894736842,5.900000000068966,0.9000000000689656,118
1888,655.172413793,Re_655p172414,45.40789474,7.63157894736842,5.9500000004137945,0.9500000004137945,119
1889,655.172413793,Re_655p172414,45.78947368,7.63157894736842,5.999999999448277,0.9999999994482769,120
1890,655.172413793,Re_655p172414,46.17105263,7.63157894736842,6.049999999793104,0.04999999979310399,121
1891,655.172413793,Re_655p172414,46.55263158,7.63157894736842,6.100000000137932,0.10000000013793198,122
1892,655.172413793,Re_655p172414,46.93421053,7.63157894736842,6.150000000482759,0.15000000048275908,123
1893,655.172413793,Re_655p172414,47.31578947,7.63157894736842,6.1999999995172415,0.19999999951724146,124
1894,655.172413793,Re_655p172414,47.69736842,7.63157894736842,6.2499999998620694,0.24999999986206944,125
1895,655.172413793,Re_655p172414,48.07894737,7.63157894736842,6.300000000206897,0.30000000020689743,126
1896,655.172413793,Re_655p172414,48.46052632,7.63157894736842,6.3500000005517245,0.35000000055172453,127
1897,655.172413793,Re_655p172414,48.84210526,7.63157894736842,6.399999999586207,0.3999999995862069,128
1898,655.172413793,Re_655p172414,49.22368421,7.63157894736842,6.449999999931035,0.4499999999310349,129
1899,655.172413793,Re_655p172414,49.60526316,7.63157894736842,6.500000000275863,0.5000000002758629,130
1900,655.172413793,Re_655p172414,49.98684211,7.63157894736842,6.55000000062069,0.55000000062069,131
1901,655.172413793,Re_655p172414,50.36842105,7.63157894736842,6.599999999655173,0.5999999996551733,132
1902,655.172413793,Re_655p172414,50.75,7.63157894736842,6.65,0.6500000000000004,133
1903,655.172413793,Re_655p172414,51.13157895,7.63157894736842,6.700000000344828,0.7000000003448283,134
1904,655.172413793,Re_655p172414,51.51315789,7.63157894736842,6.749999999379312,0.7499999993793116,135
1905,655.172413793,Re_655p172414,51.89473684,7.63157894736842,6.799999999724139,0.7999999997241387,136
1906,655.172413793,Re_655p172414,52.27631579,7.63157894736842,6.850000000068966,0.8500000000689658,137
1907,655.172413793,Re_655p172414,52.65789474,7.63157894736842,6.900000000413794,0.9000000004137938,138
1908,655.172413793,Re_655p172414,53.03947368,7.63157894736842,6.949999999448276,0.9499999994482762,139
1909,655.172413793,Re_655p172414,53.42105263,7.63157894736842,6.999999999793104,0.9999999997931042,140
1910,655.172413793,Re_655p172414,53.80263158,7.63157894736842,7.050000000137932,0.050000000137932155,141
1911,655.172413793,Re_655p172414,54.18421053,7.63157894736842,7.100000000482759,0.10000000048275925,142
1912,655.172413793,Re_655p172414,54.56578947,7.63157894736842,7.149999999517242,0.14999999951724163,143
1913,655.172413793,Re_655p172414,54.94736842,7.63157894736842,7.199999999862069,0.19999999986206873,144
1914,655.172413793,Re_655p172414,55.32894737,7.63157894736842,7.250000000206898,0.2500000002068976,145
1915,655.172413793,Re_655p172414,55.71052632,7.63157894736842,7.300000000551725,0.3000000005517247,146
1916,655.172413793,Re_655p172414,56.09210526,7.63157894736842,7.349999999586207,0.3499999995862071,147
1917,655.172413793,Re_655p172414,56.47368421,7.63157894736842,7.399999999931035,0.3999999999310351,148
1918,655.172413793,Re_655p172414,56.85526316,7.63157894736842,7.450000000275863,0.45000000027586307,149
1919,655.172413793,Re_655p172414,57.23684211,7.63157894736842,7.50000000062069,0.5000000006206902,150
1920,655.172413793,Re_655p172414,57.61842105,7.63157894736842,7.549999999655173,0.5499999996551734,151
1921,655.172413793,Re_655p172414,58.0,7.63157894736842,7.6000000000000005,0.6000000000000005,152
1922,655.172413793,Re_655p172414,58.38157895,7.63157894736842,7.650000000344828,0.6500000003448276,153
1923,655.172413793,Re_655p172414,58.76315789,7.63157894736842,7.699999999379311,0.6999999993793109,154
1924,655.172413793,Re_655p172414,59.14473684,7.63157894736842,7.749999999724139,0.7499999997241389,155
1925,655.172413793,Re_655p172414,59.52631579,7.63157894736842,7.800000000068966,0.800000000068966,156
1926,655.172413793,Re_655p172414,59.90789474,7.63157894736842,7.850000000413794,0.850000000413794,157
1927,655.172413793,Re_655p172414,60.28947368,7.63157894736842,7.899999999448276,0.8999999994482764,158
1928,655.172413793,Re_655p172414,60.67105263,7.63157894736842,7.949999999793104,0.9499999997931043,159
1929,655.172413793,Re_655p172414,61.05263158,7.63157894736842,8.000000000137932,1.3793233222259005e-10,160
1930,655.172413793,Re_655p172414,61.43421053,7.63157894736842,8.05000000048276,0.05000000048275943,161
1931,655.172413793,Re_655p172414,61.81578947,7.63157894736842,8.099999999517243,0.0999999995172427,162
1932,655.172413793,Re_655p172414,62.19736842,7.63157894736842,8.14999999986207,0.1499999998620698,163
1933,655.172413793,Re_655p172414,62.57894737,7.63157894736842,8.200000000206897,0.2000000002068969,164
1934,655.172413793,Re_655p172414,62.96052632,7.63157894736842,8.250000000551724,0.250000000551724,165
1935,655.172413793,Re_655p172414,63.34210526,7.63157894736842,8.299999999586207,0.29999999958620727,166
1936,655.172413793,Re_655p172414,63.72368421,7.63157894736842,8.349999999931036,0.34999999993103614,167
1937,655.172413793,Re_655p172414,64.10526316,7.63157894736842,8.400000000275863,0.40000000027586324,168
1938,655.172413793,Re_655p172414,64.48684211,7.63157894736842,8.45000000062069,0.45000000062069034,169
1939,655.172413793,Re_655p172414,64.86842105,7.63157894736842,8.499999999655172,0.49999999965517183,170
1940,655.172413793,Re_655p172414,65.25,7.63157894736842,8.55,0.5500000000000007,171
1941,655.172413793,Re_655p172414,65.63157895,7.63157894736842,8.60000000034483,0.6000000003448296,172
1942,655.172413793,Re_655p172414,66.01315789,7.63157894736842,8.649999999379311,0.6499999993793111,173
1943,655.172413793,Re_655p172414,66.39473684,7.63157894736842,8.699999999724138,0.6999999997241382,174
1944,655.172413793,Re_655p172414,66.77631579,7.63157894736842,8.750000000068965,0.7500000000689653,175
1945,655.172413793,Re_655p172414,67.15789474,7.63157894736842,8.800000000413794,0.8000000004137942,176
1946,655.172413793,Re_655p172414,67.53947368,7.63157894736842,8.849999999448277,0.8499999994482774,177
1947,655.172413793,Re_655p172414,67.92105263,7.63157894736842,8.899999999793105,0.8999999997931045,178
1948,655.172413793,Re_655p172414,68.30263158,7.63157894736842,8.950000000137932,0.9500000001379316,179
1949,655.172413793,Re_655p172414,68.68421053,7.63157894736842,9.00000000048276,4.827604982438061e-10,180
1950,655.172413793,Re_655p172414,69.06578947,7.63157894736842,9.049999999517242,0.04999999951724199,181
1951,655.172413793,Re_655p172414,69.44736842,7.63157894736842,9.09999999986207,0.09999999986207087,182
1952,655.172413793,Re_655p172414,69.82894737,7.63157894736842,9.150000000206896,0.1500000002068962,183
1953,655.172413793,Re_655p172414,70.21052632,7.63157894736842,9.200000000551725,0.20000000055172507,184
1954,655.172413793,Re_655p172414,70.59210526,7.63157894736842,9.249999999586207,0.24999999958620656,185
1955,655.172413793,Re_655p172414,70.97368421,7.63157894736842,9.299999999931035,0.29999999993103543,186
1956,655.172413793,Re_655p172414,71.35526316,7.63157894736842,9.350000000275864,0.3500000002758643,187
1957,655.172413793,Re_655p172414,71.73684211,7.63157894736842,9.40000000062069,0.40000000062068963,188
1958,655.172413793,Re_655p172414,72.11842105,7.63157894736842,9.449999999655173,0.4499999996551729,189
1959,655.172413793,Re_655p172414,72.5,7.63157894736842,9.5,0.5,190
1960,655.172413793,Re_655p172414,72.88157895,7.63157894736842,9.550000000344829,0.5500000003448289,191
1961,655.172413793,Re_655p172414,73.26315789,7.63157894736842,9.599999999379312,0.5999999993793121,192
1962,655.172413793,Re_655p172414,73.64473684,7.63157894736842,9.649999999724137,0.6499999997241375,193
1963,655.172413793,Re_655p172414,74.02631579,7.63157894736842,9.700000000068966,0.7000000000689663,194
1964,655.172413793,Re_655p172414,74.40789474,7.63157894736842,9.750000000413795,0.7500000004137952,195
1965,655.172413793,Re_655p172414,74.78947368,7.63157894736842,9.799999999448277,0.7999999994482767,196
1966,655.172413793,Re_655p172414,75.17105263,7.63157894736842,9.849999999793106,0.8499999997931056,197
1967,655.172413793,Re_655p172414,75.55263158,7.63157894736842,9.900000000137931,0.9000000001379309,198
1968,655.172413793,Re_655p172414,75.93421053,7.63157894736842,9.95000000048276,0.9500000004827598,199
1969,655.172413793,Re_655p172414,76.31578947,7.63157894736842,9.999999999517241,0.9999999995172413,200
1970,655.172413793,Re_655p172414,76.69736842,7.63157894736842,10.04999999986207,0.049999999862070155,201
1971,655.172413793,Re_655p172414,77.07894737,7.63157894736842,10.100000000206897,0.10000000020689725,202
1972,655.172413793,Re_655p172414,77.46052632,7.63157894736842,10.150000000551724,0.15000000055172436,203
1973,655.172413793,Re_655p172414,77.84210526,7.63157894736842,10.199999999586208,0.19999999958620762,204
1974,655.172413793,Re_655p172414,78.22368421,7.63157894736842,10.249999999931036,0.2499999999310365,205
1975,655.172413793,Re_655p172414,78.60526316,7.63157894736842,10.300000000275864,0.3000000002758636,206
1976,655.172413793,Re_655p172414,78.98684211,7.63157894736842,10.35000000062069,0.3500000006206907,207
1977,655.172413793,Re_655p172414,79.36842105,7.63157894736842,10.399999999655172,0.3999999996551722,208
1978,655.172413793,Re_655p172414,79.75,7.63157894736842,10.450000000000001,0.45000000000000107,209
1979,655.172413793,Re_655p172414,80.13157895,7.63157894736842,10.50000000034483,0.5000000003448299,210
1980,655.172413793,Re_655p172414,80.51315789,7.63157894736842,10.549999999379311,0.5499999993793114,211
1981,655.172413793,Re_655p172414,80.89473684,7.63157894736842,10.599999999724139,0.5999999997241385,212
1982,655.172413793,Re_655p172414,81.27631579,7.63157894736842,10.650000000068966,0.6500000000689656,213
1983,655.172413793,Re_655p172414,81.65789474,7.63157894736842,10.700000000413795,0.7000000004137945,214
1984,655.172413793,Re_655p172414,82.03947368,7.63157894736842,10.749999999448278,0.7499999994482778,215
1985,655.172413793,Re_655p172414,82.42105263,7.63157894736842,10.799999999793105,0.7999999997931049,216
1986,655.172413793,Re_655p172414,82.80263158,7.63157894736842,10.850000000137932,0.850000000137932,217
1987,655.172413793,Re_655p172414,83.18421053,7.63157894736842,10.900000000482759,0.9000000004827591,218
1988,655.172413793,Re_655p172414,83.56578947,7.63157894736842,10.949999999517242,0.9499999995172423,219
1989,655.172413793,Re_655p172414,83.94736842,7.63157894736842,10.999999999862071,0.9999999998620712,220
1990,655.172413793,Re_655p172414,84.32894737,7.63157894736842,11.050000000206897,0.050000000206896544,221
1991,655.172413793,Re_655p172414,84.71052632,7.63157894736842,11.100000000551725,0.10000000055172542,222
1992,655.172413793,Re_655p172414,85.09210526,7.63157894736842,11.149999999586207,0.1499999995862069,223
1993,655.172413793,Re_655p172414,85.47368421,7.63157894736842,11.199999999931036,0.1999999999310358,224
1994,655.172413793,Re_655p172414,85.85526316,7.63157894736842,11.250000000275865,0.25000000027586466,225
1995,655.172413793,Re_655p172414,86.23684211,7.63157894736842,11.30000000062069,0.30000000062069,226
1996,655.172413793,Re_655p172414,86.61842105,7.63157894736842,11.349999999655173,0.34999999965517326,227
1997,655.172413793,Re_655p172414,87.0,7.63157894736842,11.4,0.40000000000000036,228
1998,655.172413793,Re_655p172414,87.38157895,7.63157894736842,11.45000000034483,0.45000000034482923,229
1999,655.172413793,Re_655p172414,87.76315789,7.63157894736842,11.499999999379312,0.4999999993793125,230
2000,655.172413793,Re_655p172414,88.14473684,7.63157894736842,11.549999999724138,0.5499999997241378,231
2001,655.172413793,Re_655p172414,88.52631579,7.63157894736842,11.600000000068967,0.6000000000689667,232
2002,655.172413793,Re_655p172414,88.90789474,7.63157894736842,11.650000000413794,0.6500000004137938,233
2003,655.172413793,Re_655p172414,89.28947368,7.63157894736842,11.699999999448277,0.6999999994482771,234
2004,655.172413793,Re_655p172414,89.67105263,7.63157894736842,11.749999999793106,0.7499999997931059,235
2005,655.172413793,Re_655p172414,90.05263158,7.63157894736842,11.800000000137931,0.8000000001379313,236
2006,655.172413793,Re_655p172414,90.43421053,7.63157894736842,11.85000000048276,0.8500000004827601,237
2007,655.172413793,Re_655p172414,90.81578947,7.63157894736842,11.899999999517242,0.8999999995172416,238
2008,655.172413793,Re_655p172414,91.19736842,7.63157894736842,11.94999999986207,0.9499999998620705,239
2009,655.172413793,Re_655p172414,91.57894737,7.63157894736842,12.000000000206898,2.0689761015546537e-10,240
2010,672.413793103,Re_672p413793,14.87179487,7.435897435897435,1.9999999997586209,0.9999999997586209,40
2011,672.413793103,Re_672p413793,15.24358974,7.435897435897435,2.0499999995172415,0.049999999517241545,41
2012,672.413793103,Re_672p413793,15.61538462,7.435897435897435,2.10000000062069,0.10000000062068981,42
2013,672.413793103,Re_672p413793,15.98717949,7.435897435897435,2.1500000003793107,0.15000000037931072,43
2014,672.413793103,Re_672p413793,16.35897436,7.435897435897435,2.2000000001379316,0.20000000013793162,44
2015,672.413793103,Re_672p413793,16.73076923,7.435897435897435,2.249999999896552,0.24999999989655208,45
2016,672.413793103,Re_672p413793,17.1025641,7.435897435897435,2.2999999996551725,0.29999999965517254,46
2017,672.413793103,Re_672p413793,17.47435897,7.435897435897435,2.3499999994137935,0.34999999941379345,47
2018,672.413793103,Re_672p413793,17.84615385,7.435897435897435,2.4000000005172417,0.4000000005172417,48
2019,672.413793103,Re_672p413793,18.21794872,7.435897435897435,2.450000000275862,0.4500000002758622,49
2020,672.413793103,Re_672p413793,18.58974359,7.435897435897435,2.500000000034483,0.5000000000344831,50
2021,672.413793103,Re_672p413793,18.96153846,7.435897435897435,2.5499999997931035,0.5499999997931035,51
2022,672.413793103,Re_672p413793,19.33333333,7.435897435897435,2.599999999551724,0.599999999551724,52
2023,672.413793103,Re_672p413793,19.70512821,7.435897435897435,2.6500000006551727,0.6500000006551727,53
2024,672.413793103,Re_672p413793,20.07692308,7.435897435897435,2.700000000413793,0.7000000004137932,54
2025,672.413793103,Re_672p413793,20.44871795,7.435897435897435,2.750000000172414,0.7500000001724141,55
2026,672.413793103,Re_672p413793,20.82051282,7.435897435897435,2.799999999931035,0.799999999931035,56
2027,672.413793103,Re_672p413793,21.19230769,7.435897435897435,2.8499999996896554,0.8499999996896554,57
2028,672.413793103,Re_672p413793,21.56410256,7.435897435897435,2.899999999448276,0.8999999994482759,58
2029,672.413793103,Re_672p413793,21.93589744,7.435897435897435,2.9500000005517246,0.9500000005517246,59
2030,672.413793103,Re_672p413793,22.30769231,7.435897435897435,3.000000000310345,3.103450829655685e-10,60
2031,672.413793103,Re_672p413793,22.67948718,7.435897435897435,3.0500000000689655,0.050000000068965544,61
2032,672.413793103,Re_672p413793,23.05128205,7.435897435897435,3.0999999998275864,0.09999999982758645,62
2033,672.413793103,Re_672p413793,23.42307692,7.435897435897435,3.1499999995862074,0.14999999958620736,63
2034,672.413793103,Re_672p413793,23.79487179,7.435897435897435,3.199999999344828,0.19999999934482782,64
2035,672.413793103,Re_672p413793,24.16666667,7.435897435897435,3.2500000004482765,0.2500000004482765,65
2036,672.413793103,Re_672p413793,24.53846154,7.435897435897435,3.300000000206897,0.300000000206897,66
2037,672.413793103,Re_672p413793,24.91025641,7.435897435897435,3.3499999999655174,0.34999999996551745,67
2038,672.413793103,Re_672p413793,25.28205128,7.435897435897435,3.3999999997241384,0.39999999972413836,68
2039,672.413793103,Re_672p413793,25.65384615,7.435897435897435,3.449999999482759,0.4499999994827588,69
2040,672.413793103,Re_672p413793,26.02564103,7.435897435897435,3.500000000586207,0.5000000005862071,70
2041,672.413793103,Re_672p413793,26.3974359,7.435897435897435,3.550000000344828,0.550000000344828,71
2042,672.413793103,Re_672p413793,26.76923077,7.435897435897435,3.6000000001034484,0.6000000001034484,72
2043,672.413793103,Re_672p413793,27.14102564,7.435897435897435,3.649999999862069,0.6499999998620689,73
2044,672.413793103,Re_672p413793,27.51282051,7.435897435897435,3.6999999996206903,0.6999999996206903,74
2045,672.413793103,Re_672p413793,27.88461538,7.435897435897435,3.7499999993793107,0.7499999993793107,75
2046,672.413793103,Re_672p413793,28.25641026,7.435897435897435,3.800000000482759,0.800000000482759,76
2047,672.413793103,Re_672p413793,28.62820513,7.435897435897435,3.85000000024138,0.8500000002413799,77
2048,672.413793103,Re_672p413793,29.0,7.435897435897435,3.9000000000000004,0.9000000000000004,78
2049,672.413793103,Re_672p413793,29.37179487,7.435897435897435,3.949999999758621,0.9499999997586208,79
2050,672.413793103,Re_672p413793,29.74358974,7.435897435897435,3.9999999995172417,0.9999999995172417,80
2051,672.413793103,Re_672p413793,30.11538462,7.435897435897435,4.05000000062069,0.05000000062068999,81
2052,672.413793103,Re_672p413793,30.48717949,7.435897435897435,4.1000000003793104,0.10000000037931045,82
2053,672.413793103,Re_672p413793,30.85897436,7.435897435897435,4.150000000137932,0.1500000001379318,83
2054,672.413793103,Re_672p413793,31.23076923,7.435897435897435,4.199999999896552,0.19999999989655226,84
2055,672.413793103,Re_672p413793,31.6025641,7.435897435897435,4.249999999655173,0.24999999965517272,85
2056,672.413793103,Re_672p413793,31.97435897,7.435897435897435,4.299999999413793,0.2999999994137932,86
2057,672.413793103,Re_672p413793,32.34615385,7.435897435897435,4.350000000517242,0.3500000005172419,87
2058,672.413793103,Re_672p413793,32.71794872,7.435897435897435,4.400000000275863,0.40000000027586324,88
2059,672.413793103,Re_672p413793,33.08974359,7.435897435897435,4.450000000034483,0.4500000000344828,89
2060,672.413793103,Re_672p413793,33.46153846,7.435897435897435,4.499999999793104,0.49999999979310417,90
2061,672.413793103,Re_672p413793,33.83333333,7.435897435897435,4.549999999551725,0.5499999995517246,91
2062,672.413793103,Re_672p413793,34.20512821,7.435897435897435,4.6000000006551724,0.6000000006551724,92
2063,672.413793103,Re_672p413793,34.57692308,7.435897435897435,4.650000000413794,0.6500000004137938,93
2064,672.413793103,Re_672p413793,34.94871795,7.435897435897435,4.700000000172414,0.7000000001724143,94
2065,672.413793103,Re_672p413793,35.32051282,7.435897435897435,4.749999999931035,0.7499999999310347,95
2066,672.413793103,Re_672p413793,35.69230769,7.435897435897435,4.799999999689655,0.7999999996896552,96
2067,672.413793103,Re_672p413793,36.06410256,7.435897435897435,4.8499999994482765,0.8499999994482765,97
2068,672.413793103,Re_672p413793,36.43589744,7.435897435897435,4.900000000551724,0.9000000005517244,98
2069,672.413793103,Re_672p413793,36.80769231,7.435897435897435,4.950000000310346,0.9500000003103457,99
2070,672.413793103,Re_672p413793,37.17948718,7.435897435897435,5.000000000068966,6.896616611129502e-11,100
2071,672.413793103,Re_672p413793,37.55128205,7.435897435897435,5.049999999827587,0.04999999982758663,101
2072,672.413793103,Re_672p413793,37.92307692,7.435897435897435,5.099999999586207,0.09999999958620709,102
2073,672.413793103,Re_672p413793,38.29487179,7.435897435897435,5.149999999344828,0.14999999934482844,103
2074,672.413793103,Re_672p413793,38.66666667,7.435897435897435,5.200000000448276,0.20000000044827626,104
2075,672.413793103,Re_672p413793,39.03846154,7.435897435897435,5.250000000206897,0.2500000002068967,105
2076,672.413793103,Re_672p413793,39.41025641,7.435897435897435,5.299999999965518,0.29999999996551807,106
2077,672.413793103,Re_672p413793,39.78205128,7.435897435897435,5.349999999724138,0.34999999972413764,107
2078,672.413793103,Re_672p413793,40.15384615,7.435897435897435,5.399999999482759,0.399999999482759,108
2079,672.413793103,Re_672p413793,40.52564103,7.435897435897435,5.450000000586208,0.4500000005862077,109
2080,672.413793103,Re_672p413793,40.8974359,7.435897435897435,5.500000000344828,0.5000000003448282,110
2081,672.413793103,Re_672p413793,41.26923077,7.435897435897435,5.550000000103449,0.5500000001034486,111
2082,672.413793103,Re_672p413793,41.64102564,7.435897435897435,5.59999999986207,0.59999999986207,112
2083,672.413793103,Re_672p413793,42.01282051,7.435897435897435,5.6499999996206896,0.6499999996206896,113
2084,672.413793103,Re_672p413793,42.38461538,7.435897435897435,5.699999999379311,0.6999999993793109,114
2085,672.413793103,Re_672p413793,42.75641026,7.435897435897435,5.75000000048276,0.7500000004827596,115
2086,672.413793103,Re_672p413793,43.12820513,7.435897435897435,5.800000000241379,0.8000000002413792,116
2087,672.413793103,Re_672p413793,43.5,7.435897435897435,5.8500000000000005,0.8500000000000005,117
2088,672.413793103,Re_672p413793,43.87179487,7.435897435897435,5.899999999758622,0.8999999997586219,118
2089,672.413793103,Re_672p413793,44.24358974,7.435897435897435,5.9499999995172415,0.9499999995172415,119
2090,672.413793103,Re_672p413793,44.61538462,7.435897435897435,6.00000000062069,6.20690165931137e-10,120
2091,672.413793103,Re_672p413793,44.98717949,7.435897435897435,6.0500000003793115,0.050000000379311516,121
2092,672.413793103,Re_672p413793,45.35897436,7.435897435897435,6.100000000137931,0.10000000013793109,122
2093,672.413793103,Re_672p413793,45.73076923,7.435897435897435,6.149999999896552,0.14999999989655244,123
2094,672.413793103,Re_672p413793,46.1025641,7.435897435897435,6.199999999655173,0.1999999996551729,124
2095,672.413793103,Re_672p413793,46.47435897,7.435897435897435,6.249999999413793,0.24999999941379336,125
2096,672.413793103,Re_672p413793,46.84615385,7.435897435897435,6.300000000517242,0.30000000051724207,126
2097,672.413793103,Re_672p413793,47.21794872,7.435897435897435,6.3500000002758625,0.35000000027586253,127
2098,672.413793103,Re_672p413793,47.58974359,7.435897435897435,6.400000000034483,0.400000000034483,128
2099,672.413793103,Re_672p413793,47.96153846,7.435897435897435,6.449999999793104,0.44999999979310434,129
2100,672.413793103,Re_672p413793,48.33333333,7.435897435897435,6.499999999551725,0.4999999995517248,130
2101,672.413793103,Re_672p413793,48.70512821,7.435897435897435,6.550000000655173,0.5500000006551726,131
2102,672.413793103,Re_672p413793,49.07692308,7.435897435897435,6.600000000413794,0.600000000413794,132
2103,672.413793103,Re_672p413793,49.44871795,7.435897435897435,6.650000000172414,0.6500000001724144,133
2104,672.413793103,Re_672p413793,49.82051282,7.435897435897435,6.699999999931035,0.6999999999310349,134
2105,672.413793103,Re_672p413793,50.19230769,7.435897435897435,6.749999999689655,0.7499999996896554,135
2106,672.413793103,Re_672p413793,50.56410256,7.435897435897435,6.799999999448277,0.7999999994482767,136
2107,672.413793103,Re_672p413793,50.93589744,7.435897435897435,6.8500000005517245,0.8500000005517245,137
2108,672.413793103,Re_672p413793,51.30769231,7.435897435897435,6.900000000310346,0.9000000003103459,138
2109,672.413793103,Re_672p413793,51.67948718,7.435897435897435,6.950000000068966,0.9500000000689663,139
2110,672.413793103,Re_672p413793,52.05128205,7.435897435897435,6.999999999827587,0.9999999998275868,140
2111,672.413793103,Re_672p413793,52.42307692,7.435897435897435,7.049999999586207,0.04999999958620727,141
2112,672.413793103,Re_672p413793,52.79487179,7.435897435897435,7.099999999344829,0.09999999934482862,142
2113,672.413793103,Re_672p413793,53.16666667,7.435897435897435,7.150000000448276,0.15000000044827644,143
2114,672.413793103,Re_672p413793,53.53846154,7.435897435897435,7.200000000206897,0.2000000002068969,144
2115,672.413793103,Re_672p413793,53.91025641,7.435897435897435,7.249999999965518,0.24999999996551825,145
2116,672.413793103,Re_672p413793,54.28205128,7.435897435897435,7.299999999724138,0.2999999997241378,146
2117,672.413793103,Re_672p413793,54.65384615,7.435897435897435,7.349999999482759,0.34999999948275917,147
2118,672.413793103,Re_672p413793,55.02564103,7.435897435897435,7.400000000586208,0.4000000005862079,148
2119,672.413793103,Re_672p413793,55.3974359,7.435897435897435,7.450000000344828,0.45000000034482834,149
2120,672.413793103,Re_672p413793,55.76923077,7.435897435897435,7.500000000103449,0.5000000001034488,150
2121,672.413793103,Re_672p413793,56.14102564,7.435897435897435,7.54999999986207,0.5499999998620702,151
2122,672.413793103,Re_672p413793,56.51282051,7.435897435897435,7.59999999962069,0.5999999996206897,152
2123,672.413793103,Re_672p413793,56.88461538,7.435897435897435,7.649999999379311,0.6499999993793111,153
2124,672.413793103,Re_672p413793,57.25641026,7.435897435897435,7.70000000048276,0.7000000004827598,154
2125,672.413793103,Re_672p413793,57.62820513,7.435897435897435,7.750000000241379,0.7500000002413794,155
2126,672.413793103,Re_672p413793,58.0,7.435897435897435,7.800000000000001,0.8000000000000007,156
2127,672.413793103,Re_672p413793,58.37179487,7.435897435897435,7.849999999758622,0.8499999997586221,157
2128,672.413793103,Re_672p413793,58.74358974,7.435897435897435,7.899999999517242,0.8999999995172416,158
2129,672.413793103,Re_672p413793,59.11538462,7.435897435897435,7.95000000062069,0.9500000006206903,159
2130,672.413793103,Re_672p413793,59.48717949,7.435897435897435,8.00000000037931,3.793108049876537e-10,160
2131,672.413793103,Re_672p413793,59.85897436,7.435897435897435,8.050000000137931,0.050000000137931266,161
2132,672.413793103,Re_672p413793,60.23076923,7.435897435897435,8.099999999896552,0.09999999989655173,162
2133,672.413793103,Re_672p413793,60.6025641,7.435897435897435,8.149999999655174,0.14999999965517397,163
2134,672.413793103,Re_672p413793,60.97435897,7.435897435897435,8.199999999413793,0.19999999941379265,164
2135,672.413793103,Re_672p413793,61.34615385,7.435897435897435,8.250000000517241,0.25000000051724136,165
2136,672.413793103,Re_672p413793,61.71794872,7.435897435897435,8.300000000275864,0.3000000002758636,166
2137,672.413793103,Re_672p413793,62.08974359,7.435897435897435,8.350000000034484,0.35000000003448406,167
2138,672.413793103,Re_672p413793,62.46153846,7.435897435897435,8.399999999793105,0.3999999997931045,168
2139,672.413793103,Re_672p413793,62.83333333,7.435897435897435,8.449999999551725,0.449999999551725,169
2140,672.413793103,Re_672p413793,63.20512821,7.435897435897435,8.500000000655174,0.5000000006551737,170
2141,672.413793103,Re_672p413793,63.57692308,7.435897435897435,8.550000000413794,0.5500000004137942,171
2142,672.413793103,Re_672p413793,63.94871795,7.435897435897435,8.600000000172415,0.6000000001724146,172
2143,672.413793103,Re_672p413793,64.32051282,7.435897435897435,8.649999999931035,0.6499999999310351,173
2144,672.413793103,Re_672p413793,64.69230769,7.435897435897435,8.699999999689657,0.6999999996896573,174
2145,672.413793103,Re_672p413793,65.06410256,7.435897435897435,8.749999999448276,0.749999999448276,175
2146,672.413793103,Re_672p413793,65.43589744,7.435897435897435,8.800000000551726,0.8000000005517265,176
2147,672.413793103,Re_672p413793,65.80769231,7.435897435897435,8.850000000310345,0.8500000003103452,177
2148,672.413793103,Re_672p413793,66.17948718,7.435897435897435,8.900000000068966,0.9000000000689656,178
2149,672.413793103,Re_672p413793,66.55128205,7.435897435897435,8.949999999827586,0.9499999998275861,179
2150,672.413793103,Re_672p413793,66.92307692,7.435897435897435,8.999999999586208,0.9999999995862083,180
2151,672.413793103,Re_672p413793,67.29487179,7.435897435897435,9.049999999344829,0.049999999344828794,181
2152,672.413793103,Re_672p413793,67.66666667,7.435897435897435,9.100000000448276,0.10000000044827573,182
2153,672.413793103,Re_672p413793,68.03846154,7.435897435897435,9.150000000206898,0.15000000020689797,183
2154,672.413793103,Re_672p413793,68.41025641,7.435897435897435,9.199999999965518,0.19999999996551843,184
2155,672.413793103,Re_672p413793,68.78205128,7.435897435897435,9.249999999724139,0.2499999997241389,185
2156,672.413793103,Re_672p413793,69.15384615,7.435897435897435,9.299999999482761,0.2999999994827611,186
2157,672.413793103,Re_672p413793,69.52564103,7.435897435897435,9.350000000586208,0.35000000058620806,187
2158,672.413793103,Re_672p413793,69.8974359,7.435897435897435,9.400000000344829,0.4000000003448285,188
2159,672.413793103,Re_672p413793,70.26923077,7.435897435897435,9.450000000103449,0.450000000103449,189
2160,672.413793103,Re_672p413793,70.64102564,7.435897435897435,9.49999999986207,0.49999999986206944,190
2161,672.413793103,Re_672p413793,71.01282051,7.435897435897435,9.54999999962069,0.5499999996206899,191
2162,672.413793103,Re_672p413793,71.38461538,7.435897435897435,9.59999999937931,0.5999999993793104,192
2163,672.413793103,Re_672p413793,71.75641026,7.435897435897435,9.650000000482759,0.6500000004827591,193
2164,672.413793103,Re_672p413793,72.12820513,7.435897435897435,9.70000000024138,0.7000000002413795,194
2165,672.413793103,Re_672p413793,72.5,7.435897435897435,9.75,0.75,195
2166,672.413793103,Re_672p413793,72.87179487,7.435897435897435,9.799999999758622,0.7999999997586222,196
2167,672.413793103,Re_672p413793,73.24358974,7.435897435897435,9.849999999517243,0.8499999995172427,197
2168,672.413793103,Re_672p413793,73.61538462,7.435897435897435,9.900000000620691,0.9000000006206914,198
2169,672.413793103,Re_672p413793,73.98717949,7.435897435897435,9.950000000379312,0.9500000003793119,199
2170,672.413793103,Re_672p413793,74.35897436,7.435897435897435,10.000000000137932,1.3793233222259005e-10,200
2171,672.413793103,Re_672p413793,74.73076923,7.435897435897435,10.049999999896553,0.049999999896552794,201
2172,672.413793103,Re_672p413793,75.1025641,7.435897435897435,10.099999999655173,0.09999999965517326,202
2173,672.413793103,Re_672p413793,75.47435897,7.435897435897435,10.149999999413794,0.14999999941379372,203
2174,672.413793103,Re_672p413793,75.84615385,7.435897435897435,10.20000000051724,0.20000000051724065,204
2175,672.413793103,Re_672p413793,76.21794872,7.435897435897435,10.250000000275863,0.2500000002758629,205
2176,672.413793103,Re_672p413793,76.58974359,7.435897435897435,10.300000000034483,0.30000000003448335,206
2177,672.413793103,Re_672p413793,76.96153846,7.435897435897435,10.349999999793104,0.3499999997931038,207
2178,672.413793103,Re_672p413793,77.33333333,7.435897435897435,10.399999999551726,0.39999999955172605,208
2179,672.413793103,Re_672p413793,77.70512821,7.435897435897435,10.450000000655173,0.450000000655173,209
2180,672.413793103,Re_672p413793,78.07692308,7.435897435897435,10.500000000413793,0.5000000004137934,210
2181,672.413793103,Re_672p413793,78.44871795,7.435897435897435,10.550000000172416,0.5500000001724157,211
2182,672.413793103,Re_672p413793,78.82051282,7.435897435897435,10.599999999931036,0.5999999999310361,212
2183,672.413793103,Re_672p413793,79.19230769,7.435897435897435,10.649999999689657,0.6499999996896566,213
2184,672.413793103,Re_672p413793,79.56410256,7.435897435897435,10.699999999448275,0.6999999994482753,214
2185,672.413793103,Re_672p413793,79.93589744,7.435897435897435,10.750000000551726,0.7500000005517258,215
2186,672.413793103,Re_672p413793,80.30769231,7.435897435897435,10.800000000310344,0.8000000003103445,216
2187,672.413793103,Re_672p413793,80.67948718,7.435897435897435,10.850000000068967,0.8500000000689667,217
2188,672.413793103,Re_672p413793,81.05128205,7.435897435897435,10.899999999827587,0.8999999998275872,218
2189,672.413793103,Re_672p413793,81.42307692,7.435897435897435,10.949999999586208,0.9499999995862076,219
2190,672.413793103,Re_672p413793,81.79487179,7.435897435897435,10.999999999344828,0.9999999993448281,220
2191,672.413793103,Re_672p413793,82.16666667,7.435897435897435,11.050000000448277,0.05000000044827679,221
2192,672.413793103,Re_672p413793,82.53846154,7.435897435897435,11.100000000206897,0.10000000020689725,222
2193,672.413793103,Re_672p413793,82.91025641,7.435897435897435,11.149999999965518,0.14999999996551772,223
2194,672.413793103,Re_672p413793,83.28205128,7.435897435897435,11.19999999972414,0.19999999972413995,224
2195,672.413793103,Re_672p413793,83.65384615,7.435897435897435,11.24999999948276,0.24999999948276042,225
2196,672.413793103,Re_672p413793,84.02564103,7.435897435897435,11.30000000058621,0.3000000005862091,226
2197,672.413793103,Re_672p413793,84.3974359,7.435897435897435,11.35000000034483,0.3500000003448296,227
2198,672.413793103,Re_672p413793,84.76923077,7.435897435897435,11.400000000103448,0.40000000010344827,228
2199,672.413793103,Re_672p413793,85.14102564,7.435897435897435,11.449999999862069,0.44999999986206873,229
2200,672.413793103,Re_672p413793,85.51282051,7.435897435897435,11.499999999620691,0.49999999962069097,230
2201,672.413793103,Re_672p413793,85.88461538,7.435897435897435,11.549999999379311,0.5499999993793114,231
2202,672.413793103,Re_672p413793,86.25641026,7.435897435897435,11.600000000482758,0.6000000004827584,232
2203,672.413793103,Re_672p413793,86.62820513,7.435897435897435,11.65000000024138,0.6500000002413806,233
2204,672.413793103,Re_672p413793,87.0,7.435897435897435,11.700000000000001,0.7000000000000011,234
2205,672.413793103,Re_672p413793,87.37179487,7.435897435897435,11.749999999758622,0.7499999997586215,235
2206,672.413793103,Re_672p413793,87.74358974,7.435897435897435,11.799999999517244,0.7999999995172438,236
2207,672.413793103,Re_672p413793,88.11538462,7.435897435897435,11.85000000062069,0.8500000006206907,237
2208,672.413793103,Re_672p413793,88.48717949,7.435897435897435,11.900000000379311,0.9000000003793112,238
2209,672.413793103,Re_672p413793,88.85897436,7.435897435897435,11.950000000137933,0.9500000001379334,239
2210,672.413793103,Re_672p413793,89.23076923,7.435897435897435,11.999999999896554,0.9999999998965539,240
2211,689.655172414,Re_689p655172,14.5,7.249999999999998,2.0000000000000004,4.440892098500626e-16,40
2212,689.655172414,Re_689p655172,14.8625,7.249999999999998,2.0500000000000007,0.05000000000000071,41
2213,689.655172414,Re_689p655172,15.225,7.249999999999998,2.1000000000000005,0.10000000000000053,42
2214,689.655172414,Re_689p655172,15.5875,7.249999999999998,2.1500000000000004,0.15000000000000036,43
2215,689.655172414,Re_689p655172,15.95,7.249999999999998,2.2000000000000006,0.20000000000000062,44
2216,689.655172414,Re_689p655172,16.3125,7.249999999999998,2.2500000000000004,0.25000000000000044,45
2217,689.655172414,Re_689p655172,16.675,7.249999999999998,2.3000000000000007,0.3000000000000007,46
2218,689.655172414,Re_689p655172,17.0375,7.249999999999998,2.350000000000001,0.350000000000001,47
2219,689.655172414,Re_689p655172,17.4,7.249999999999998,2.4000000000000004,0.40000000000000036,48
2220,689.655172414,Re_689p655172,17.7625,7.249999999999998,2.4500000000000006,0.4500000000000006,49
2221,689.655172414,Re_689p655172,18.125,7.249999999999998,2.5000000000000004,0.5000000000000004,50
2222,689.655172414,Re_689p655172,18.4875,7.249999999999998,2.5500000000000007,0.5500000000000007,51
2223,689.655172414,Re_689p655172,18.85,7.249999999999998,2.600000000000001,0.600000000000001,52
2224,689.655172414,Re_689p655172,19.2125,7.249999999999998,2.6500000000000004,0.6500000000000004,53
2225,689.655172414,Re_689p655172,19.575,7.249999999999998,2.7000000000000006,0.7000000000000006,54
2226,689.655172414,Re_689p655172,19.9375,7.249999999999998,2.750000000000001,0.7500000000000009,55
2227,689.655172414,Re_689p655172,20.3,7.249999999999998,2.8000000000000007,0.8000000000000007,56
2228,689.655172414,Re_689p655172,20.6625,7.249999999999998,2.850000000000001,0.850000000000001,57
2229,689.655172414,Re_689p655172,21.025,7.249999999999998,2.9000000000000004,0.9000000000000004,58
2230,689.655172414,Re_689p655172,21.3875,7.249999999999998,2.9500000000000006,0.9500000000000006,59
2231,689.655172414,Re_689p655172,21.75,7.249999999999998,3.000000000000001,8.881784197001252e-16,60
2232,689.655172414,Re_689p655172,22.1125,7.249999999999998,3.0500000000000007,0.05000000000000071,61
2233,689.655172414,Re_689p655172,22.475,7.249999999999998,3.100000000000001,0.10000000000000098,62
2234,689.655172414,Re_689p655172,22.8375,7.249999999999998,3.1500000000000004,0.15000000000000036,63
2235,689.655172414,Re_689p655172,23.2,7.249999999999998,3.2000000000000006,0.20000000000000062,64
2236,689.655172414,Re_689p655172,23.5625,7.249999999999998,3.250000000000001,0.2500000000000009,65
2237,689.655172414,Re_689p655172,23.925,7.249999999999998,3.3000000000000007,0.3000000000000007,66
2238,689.655172414,Re_689p655172,24.2875,7.249999999999998,3.350000000000001,0.350000000000001,67
2239,689.655172414,Re_689p655172,24.65,7.249999999999998,3.400000000000001,0.4000000000000008,68
2240,689.655172414,Re_689p655172,25.0125,7.249999999999998,3.4500000000000006,0.4500000000000006,69
2241,689.655172414,Re_689p655172,25.375,7.249999999999998,3.500000000000001,0.5000000000000009,70
2242,689.655172414,Re_689p655172,25.7375,7.249999999999998,3.550000000000001,0.5500000000000012,71
2243,689.655172414,Re_689p655172,26.1,7.249999999999998,3.600000000000001,0.600000000000001,72
2244,689.655172414,Re_689p655172,26.4625,7.249999999999998,3.650000000000001,0.6500000000000008,73
2245,689.655172414,Re_689p655172,26.825,7.249999999999998,3.7000000000000006,0.7000000000000006,74
2246,689.655172414,Re_689p655172,27.1875,7.249999999999998,3.750000000000001,0.7500000000000009,75
2247,689.655172414,Re_689p655172,27.55,7.249999999999998,3.800000000000001,0.8000000000000012,76
2248,689.655172414,Re_689p655172,27.9125,7.249999999999998,3.850000000000001,0.850000000000001,77
2249,689.655172414,Re_689p655172,28.275,7.249999999999998,3.900000000000001,0.9000000000000008,78
2250,689.655172414,Re_689p655172,28.6375,7.249999999999998,3.950000000000001,0.9500000000000011,79
2251,689.655172414,Re_689p655172,29.0,7.249999999999998,4.000000000000001,8.881784197001252e-16,80
2252,689.655172414,Re_689p655172,29.3625,7.249999999999998,4.050000000000001,0.05000000000000071,81
2253,689.655172414,Re_689p655172,29.725,7.249999999999998,4.100000000000001,0.10000000000000142,82
2254,689.655172414,Re_689p655172,30.0875,7.249999999999998,4.150000000000001,0.15000000000000124,83
2255,689.655172414,Re_689p655172,30.45,7.249999999999998,4.200000000000001,0.20000000000000107,84
2256,689.655172414,Re_689p655172,30.8125,7.249999999999998,4.250000000000001,0.2500000000000009,85
2257,689.655172414,Re_689p655172,31.175,7.249999999999998,4.300000000000001,0.3000000000000007,86
2258,689.655172414,Re_689p655172,31.5375,7.249999999999998,4.350000000000001,0.3500000000000014,87
2259,689.655172414,Re_689p655172,31.9,7.249999999999998,4.400000000000001,0.40000000000000124,88
2260,689.655172414,Re_689p655172,32.2625,7.249999999999998,4.450000000000001,0.45000000000000107,89
2261,689.655172414,Re_689p655172,32.625,7.249999999999998,4.500000000000001,0.5000000000000009,90
2262,689.655172414,Re_689p655172,32.9875,7.249999999999998,4.550000000000001,0.5500000000000007,91
2263,689.655172414,Re_689p655172,33.35,7.249999999999998,4.600000000000001,0.6000000000000014,92
2264,689.655172414,Re_689p655172,33.7125,7.249999999999998,4.650000000000001,0.6500000000000012,93
2265,689.655172414,Re_689p655172,34.075,7.249999999999998,4.700000000000002,0.700000000000002,94
2266,689.655172414,Re_689p655172,34.4375,7.249999999999998,4.750000000000001,0.7500000000000009,95
2267,689.655172414,Re_689p655172,34.8,7.249999999999998,4.800000000000001,0.8000000000000007,96
2268,689.655172414,Re_689p655172,35.1625,7.249999999999998,4.850000000000001,0.8500000000000014,97
2269,689.655172414,Re_689p655172,35.525,7.249999999999998,4.900000000000001,0.9000000000000012,98
2270,689.655172414,Re_689p655172,35.8875,7.249999999999998,4.950000000000002,0.950000000000002,99
2271,689.655172414,Re_689p655172,36.25,7.249999999999998,5.000000000000001,8.881784197001252e-16,100
2272,689.655172414,Re_689p655172,36.6125,7.249999999999998,5.050000000000001,0.05000000000000071,101
2273,689.655172414,Re_689p655172,36.975,7.249999999999998,5.100000000000001,0.10000000000000142,102
2274,689.655172414,Re_689p655172,37.3375,7.249999999999998,5.150000000000001,0.15000000000000124,103
2275,689.655172414,Re_689p655172,37.7,7.249999999999998,5.200000000000002,0.20000000000000195,104
2276,689.655172414,Re_689p655172,38.0625,7.249999999999998,5.250000000000001,0.2500000000000009,105
2277,689.655172414,Re_689p655172,38.425,7.249999999999998,5.300000000000001,0.3000000000000007,106
2278,689.655172414,Re_689p655172,38.7875,7.249999999999998,5.350000000000001,0.3500000000000014,107
2279,689.655172414,Re_689p655172,39.15,7.249999999999998,5.400000000000001,0.40000000000000124,108
2280,689.655172414,Re_689p655172,39.5125,7.249999999999998,5.450000000000002,0.45000000000000195,109
2281,689.655172414,Re_689p655172,39.875,7.249999999999998,5.500000000000002,0.5000000000000018,110
2282,689.655172414,Re_689p655172,40.2375,7.249999999999998,5.550000000000001,0.5500000000000007,111
2283,689.655172414,Re_689p655172,40.6,7.249999999999998,5.600000000000001,0.6000000000000014,112
2284,689.655172414,Re_689p655172,40.9625,7.249999999999998,5.650000000000001,0.6500000000000012,113
2285,689.655172414,Re_689p655172,41.325,7.249999999999998,5.700000000000002,0.700000000000002,114
2286,689.655172414,Re_689p655172,41.6875,7.249999999999998,5.750000000000002,0.7500000000000018,115
2287,689.655172414,Re_689p655172,42.05,7.249999999999998,5.800000000000001,0.8000000000000007,116
2288,689.655172414,Re_689p655172,42.4125,7.249999999999998,5.850000000000001,0.8500000000000014,117
2289,689.655172414,Re_689p655172,42.775,7.249999999999998,5.900000000000001,0.9000000000000012,118
2290,689.655172414,Re_689p655172,43.1375,7.249999999999998,5.950000000000002,0.950000000000002,119
2291,689.655172414,Re_689p655172,43.5,7.249999999999998,6.000000000000002,1.7763568394002505e-15,120
2292,689.655172414,Re_689p655172,43.8625,7.249999999999998,6.050000000000001,0.05000000000000071,121
2293,689.655172414,Re_689p655172,44.225,7.249999999999998,6.100000000000001,0.10000000000000142,122
2294,689.655172414,Re_689p655172,44.5875,7.249999999999998,6.150000000000001,0.15000000000000124,123
2295,689.655172414,Re_689p655172,44.95,7.249999999999998,6.200000000000002,0.20000000000000195,124
2296,689.655172414,Re_689p655172,45.3125,7.249999999999998,6.250000000000002,0.2500000000000018,125
2297,689.655172414,Re_689p655172,45.675,7.249999999999998,6.300000000000001,0.3000000000000007,126
2298,689.655172414,Re_689p655172,46.0375,7.249999999999998,6.350000000000001,0.3500000000000014,127
2299,689.655172414,Re_689p655172,46.4,7.249999999999998,6.400000000000001,0.40000000000000124,128
2300,689.655172414,Re_689p655172,46.7625,7.249999999999998,6.450000000000002,0.45000000000000195,129
2301,689.655172414,Re_689p655172,47.125,7.249999999999998,6.500000000000002,0.5000000000000018,130
2302,689.655172414,Re_689p655172,47.4875,7.249999999999998,6.550000000000002,0.5500000000000016,131
2303,689.655172414,Re_689p655172,47.85,7.249999999999998,6.600000000000001,0.6000000000000014,132
2304,689.655172414,Re_689p655172,48.2125,7.249999999999998,6.650000000000001,0.6500000000000012,133
2305,689.655172414,Re_689p655172,48.575,7.249999999999998,6.700000000000002,0.700000000000002,134
2306,689.655172414,Re_689p655172,48.9375,7.249999999999998,6.750000000000002,0.7500000000000018,135
2307,689.655172414,Re_689p655172,49.3,7.249999999999998,6.800000000000002,0.8000000000000016,136
2308,689.655172414,Re_689p655172,49.6625,7.249999999999998,6.850000000000002,0.8500000000000023,137
2309,689.655172414,Re_689p655172,50.025,7.249999999999998,6.900000000000001,0.9000000000000012,138
2310,689.655172414,Re_689p655172,50.3875,7.249999999999998,6.950000000000002,0.950000000000002,139
2311,689.655172414,Re_689p655172,50.75,7.249999999999998,7.000000000000002,1.7763568394002505e-15,140
2312,689.655172414,Re_689p655172,51.1125,7.249999999999998,7.050000000000002,0.0500000000000016,141
2313,689.655172414,Re_689p655172,51.475,7.249999999999998,7.100000000000002,0.10000000000000231,142
2314,689.655172414,Re_689p655172,51.8375,7.249999999999998,7.150000000000001,0.15000000000000124,143
2315,689.655172414,Re_689p655172,52.2,7.249999999999998,7.200000000000002,0.20000000000000195,144
2316,689.655172414,Re_689p655172,52.5625,7.249999999999998,7.250000000000002,0.2500000000000018,145
2317,689.655172414,Re_689p655172,52.925,7.249999999999998,7.300000000000002,0.3000000000000016,146
2318,689.655172414,Re_689p655172,53.2875,7.249999999999998,7.350000000000002,0.3500000000000023,147
2319,689.655172414,Re_689p655172,53.65,7.249999999999998,7.400000000000001,0.40000000000000124,148
2320,689.655172414,Re_689p655172,54.0125,7.249999999999998,7.450000000000002,0.45000000000000195,149
2321,689.655172414,Re_689p655172,54.375,7.249999999999998,7.500000000000002,0.5000000000000018,150
2322,689.655172414,Re_689p655172,54.7375,7.249999999999998,7.550000000000002,0.5500000000000016,151
2323,689.655172414,Re_689p655172,55.1,7.249999999999998,7.600000000000002,0.6000000000000023,152
2324,689.655172414,Re_689p655172,55.4625,7.249999999999998,7.650000000000001,0.6500000000000012,153
2325,689.655172414,Re_689p655172,55.825,7.249999999999998,7.700000000000002,0.700000000000002,154
2326,689.655172414,Re_689p655172,56.1875,7.249999999999998,7.750000000000002,0.7500000000000018,155
2327,689.655172414,Re_689p655172,56.55,7.249999999999998,7.800000000000002,0.8000000000000016,156
2328,689.655172414,Re_689p655172,56.9125,7.249999999999998,7.850000000000002,0.8500000000000023,157
2329,689.655172414,Re_689p655172,57.275,7.249999999999998,7.900000000000002,0.9000000000000021,158
2330,689.655172414,Re_689p655172,57.6375,7.249999999999998,7.950000000000002,0.950000000000002,159
2331,689.655172414,Re_689p655172,58.0,7.249999999999998,8.000000000000002,1.7763568394002505e-15,160
2332,689.655172414,Re_689p655172,58.3625,7.249999999999998,8.05,0.05000000000000071,161
2333,689.655172414,Re_689p655172,58.725,7.249999999999998,8.100000000000001,0.10000000000000142,162
2334,689.655172414,Re_689p655172,59.0875,7.249999999999998,8.150000000000002,0.15000000000000213,163
2335,689.655172414,Re_689p655172,59.45,7.249999999999998,8.200000000000003,0.20000000000000284,164
2336,689.655172414,Re_689p655172,59.8125,7.249999999999998,8.250000000000002,0.2500000000000018,165
2337,689.655172414,Re_689p655172,60.175,7.249999999999998,8.300000000000002,0.3000000000000025,166
2338,689.655172414,Re_689p655172,60.5375,7.249999999999998,8.350000000000001,0.3500000000000014,167
2339,689.655172414,Re_689p655172,60.9,7.249999999999998,8.400000000000002,0.40000000000000213,168
2340,689.655172414,Re_689p655172,61.2625,7.249999999999998,8.450000000000003,0.45000000000000284,169
2341,689.655172414,Re_689p655172,61.625,7.249999999999998,8.500000000000002,0.5000000000000018,170
2342,689.655172414,Re_689p655172,61.9875,7.249999999999998,8.550000000000002,0.5500000000000025,171
2343,689.655172414,Re_689p655172,62.35,7.249999999999998,8.600000000000001,0.6000000000000014,172
2344,689.655172414,Re_689p655172,62.7125,7.249999999999998,8.650000000000002,0.6500000000000021,173
2345,689.655172414,Re_689p655172,63.075,7.249999999999998,8.700000000000003,0.7000000000000028,174
2346,689.655172414,Re_689p655172,63.4375,7.249999999999998,8.750000000000002,0.7500000000000018,175
2347,689.655172414,Re_689p655172,63.8,7.249999999999998,8.800000000000002,0.8000000000000025,176
2348,689.655172414,Re_689p655172,64.1625,7.249999999999998,8.850000000000001,0.8500000000000014,177
2349,689.655172414,Re_689p655172,64.525,7.249999999999998,8.900000000000002,0.9000000000000021,178
2350,689.655172414,Re_689p655172,64.8875,7.249999999999998,8.950000000000003,0.9500000000000028,179
2351,689.655172414,Re_689p655172,65.25,7.249999999999998,9.000000000000002,1.7763568394002505e-15,180
2352,689.655172414,Re_689p655172,65.6125,7.249999999999998,9.050000000000002,0.05000000000000249,181
2353,689.655172414,Re_689p655172,65.975,7.249999999999998,9.100000000000001,0.10000000000000142,182
2354,689.655172414,Re_689p655172,66.3375,7.249999999999998,9.150000000000004,0.1500000000000039,183
2355,689.655172414,Re_689p655172,66.7,7.249999999999998,9.200000000000003,0.20000000000000284,184
2356,689.655172414,Re_689p655172,67.0625,7.249999999999998,9.250000000000002,0.2500000000000018,185
2357,689.655172414,Re_689p655172,67.425,7.249999999999998,9.300000000000002,0.3000000000000025,186
2358,689.655172414,Re_689p655172,67.7875,7.249999999999998,9.350000000000001,0.3500000000000014,187
2359,689.655172414,Re_689p655172,68.15,7.249999999999998,9.400000000000004,0.4000000000000039,188
2360,689.655172414,Re_689p655172,68.5125,7.249999999999998,9.450000000000003,0.45000000000000284,189
2361,689.655172414,Re_689p655172,68.875,7.249999999999998,9.500000000000002,0.5000000000000018,190
2362,689.655172414,Re_689p655172,69.2375,7.249999999999998,9.550000000000002,0.5500000000000025,191
2363,689.655172414,Re_689p655172,69.6,7.249999999999998,9.600000000000001,0.6000000000000014,192
2364,689.655172414,Re_689p655172,69.9625,7.249999999999998,9.650000000000004,0.6500000000000039,193
2365,689.655172414,Re_689p655172,70.325,7.249999999999998,9.700000000000003,0.7000000000000028,194
2366,689.655172414,Re_689p655172,70.6875,7.249999999999998,9.750000000000002,0.7500000000000018,195
2367,689.655172414,Re_689p655172,71.05,7.249999999999998,9.800000000000002,0.8000000000000025,196
2368,689.655172414,Re_689p655172,71.4125,7.249999999999998,9.850000000000001,0.8500000000000014,197
2369,689.655172414,Re_689p655172,71.775,7.249999999999998,9.900000000000004,0.9000000000000039,198
2370,689.655172414,Re_689p655172,72.1375,7.249999999999998,9.950000000000003,0.9500000000000028,199
2371,689.655172414,Re_689p655172,72.5,7.249999999999998,10.000000000000002,1.7763568394002505e-15,200
2372,689.655172414,Re_689p655172,72.8625,7.249999999999998,10.050000000000002,0.05000000000000249,201
2373,689.655172414,Re_689p655172,73.225,7.249999999999998,10.100000000000001,0.10000000000000142,202
2374,689.655172414,Re_689p655172,73.5875,7.249999999999998,10.150000000000004,0.1500000000000039,203
2375,689.655172414,Re_689p655172,73.95,7.249999999999998,10.200000000000003,0.20000000000000284,204
2376,689.655172414,Re_689p655172,74.3125,7.249999999999998,10.250000000000002,0.2500000000000018,205
2377,689.655172414,Re_689p655172,74.675,7.249999999999998,10.300000000000002,0.3000000000000025,206
2378,689.655172414,Re_689p655172,75.0375,7.249999999999998,10.350000000000001,0.3500000000000014,207
2379,689.655172414,Re_689p655172,75.4,7.249999999999998,10.400000000000004,0.4000000000000039,208
2380,689.655172414,Re_689p655172,75.7625,7.249999999999998,10.450000000000003,0.45000000000000284,209
2381,689.655172414,Re_689p655172,76.125,7.249999999999998,10.500000000000002,0.5000000000000018,210
2382,689.655172414,Re_689p655172,76.4875,7.249999999999998,10.550000000000002,0.5500000000000025,211
2383,689.655172414,Re_689p655172,76.85,7.249999999999998,10.600000000000001,0.6000000000000014,212
2384,689.655172414,Re_689p655172,77.2125,7.249999999999998,10.650000000000004,0.6500000000000039,213
2385,689.655172414,Re_689p655172,77.575,7.249999999999998,10.700000000000003,0.7000000000000028,214
2386,689.655172414,Re_689p655172,77.9375,7.249999999999998,10.750000000000002,0.7500000000000018,215
2387,689.655172414,Re_689p655172,78.3,7.249999999999998,10.800000000000002,0.8000000000000025,216
2388,689.655172414,Re_689p655172,78.6625,7.249999999999998,10.850000000000001,0.8500000000000014,217
2389,689.655172414,Re_689p655172,79.025,7.249999999999998,10.900000000000004,0.9000000000000039,218
2390,689.655172414,Re_689p655172,79.3875,7.249999999999998,10.950000000000003,0.9500000000000028,219
2391,689.655172414,Re_689p655172,79.75,7.249999999999998,11.000000000000004,3.552713678800501e-15,220
2392,689.655172414,Re_689p655172,80.1125,7.249999999999998,11.050000000000002,0.05000000000000249,221
2393,689.655172414,Re_689p655172,80.475,7.249999999999998,11.100000000000001,0.10000000000000142,222
2394,689.655172414,Re_689p655172,80.8375,7.249999999999998,11.150000000000004,0.1500000000000039,223
2395,689.655172414,Re_689p655172,81.2,7.249999999999998,11.200000000000003,0.20000000000000284,224
2396,689.655172414,Re_689p655172,81.5625,7.249999999999998,11.250000000000004,0.25000000000000355,225
2397,689.655172414,Re_689p655172,81.925,7.249999999999998,11.300000000000002,0.3000000000000025,226
2398,689.655172414,Re_689p655172,82.2875,7.249999999999998,11.350000000000001,0.3500000000000014,227
2399,689.655172414,Re_689p655172,82.65,7.249999999999998,11.400000000000004,0.4000000000000039,228
2400,689.655172414,Re_689p655172,83.0125,7.249999999999998,11.450000000000003,0.45000000000000284,229
2401,689.655172414,Re_689p655172,83.375,7.249999999999998,11.500000000000004,0.5000000000000036,230
2402,689.655172414,Re_689p655172,83.7375,7.249999999999998,11.550000000000002,0.5500000000000025,231
2403,689.655172414,Re_689p655172,84.1,7.249999999999998,11.600000000000001,0.6000000000000014,232
2404,689.655172414,Re_689p655172,84.4625,7.249999999999998,11.650000000000004,0.6500000000000039,233
2405,689.655172414,Re_689p655172,84.825,7.249999999999998,11.700000000000003,0.7000000000000028,234
2406,689.655172414,Re_689p655172,85.1875,7.249999999999998,11.750000000000004,0.7500000000000036,235
2407,689.655172414,Re_689p655172,85.55,7.249999999999998,11.800000000000002,0.8000000000000025,236
2408,689.655172414,Re_689p655172,85.9125,7.249999999999998,11.850000000000001,0.8500000000000014,237
2409,689.655172414,Re_689p655172,86.275,7.249999999999998,11.900000000000004,0.9000000000000039,238
2410,689.655172414,Re_689p655172,86.6375,7.249999999999998,11.950000000000003,0.9500000000000028,239
2411,689.655172414,Re_689p655172,87.0,7.249999999999998,12.000000000000004,3.552713678800501e-15,240
2412,706.896551724,Re_706p896552,14.14634146,7.073170731707317,1.9999999995172415,0.9999999995172415,40
2413,706.896551724,Re_706p896552,14.5,7.073170731707317,2.05,0.04999999999999982,41
2414,706.896551724,Re_706p896552,14.85365854,7.073170731707317,2.1000000004827584,0.10000000048275837,42
2415,706.896551724,Re_706p896552,15.20731707,7.073170731707317,2.1499999995517243,0.14999999955172427,43
2416,706.896551724,Re_706p896552,15.56097561,7.073170731707317,2.200000000034483,0.20000000003448282,44
2417,706.896551724,Re_706p896552,15.91463415,7.073170731707317,2.2500000005172414,0.25000000051724136,45
2418,706.896551724,Re_706p896552,16.26829268,7.073170731707317,2.299999999586207,0.2999999995862068,46
2419,706.896551724,Re_706p896552,16.62195122,7.073170731707317,2.3500000000689654,0.35000000006896537,47
2420,706.896551724,Re_706p896552,16.97560976,7.073170731707317,2.4000000005517244,0.40000000055172436,48
2421,706.896551724,Re_706p896552,17.32926829,7.073170731707317,2.44999999962069,0.4499999996206898,49
2422,706.896551724,Re_706p896552,17.68292683,7.073170731707317,2.5000000001034484,0.5000000001034484,50
2423,706.896551724,Re_706p896552,18.03658537,7.073170731707317,2.550000000586207,0.5500000005862069,51
2424,706.896551724,Re_706p896552,18.3902439,7.073170731707317,2.599999999655173,0.5999999996551728,52
2425,706.896551724,Re_706p896552,18.74390244,7.073170731707317,2.650000000137931,0.6500000001379309,53
2426,706.896551724,Re_706p896552,19.09756098,7.073170731707317,2.70000000062069,0.7000000006206899,54
2427,706.896551724,Re_706p896552,19.45121951,7.073170731707317,2.7499999996896554,0.7499999996896554,55
2428,706.896551724,Re_706p896552,19.80487805,7.073170731707317,2.8000000001724135,0.8000000001724135,56
2429,706.896551724,Re_706p896552,20.15853659,7.073170731707317,2.8500000006551724,0.8500000006551724,57
2430,706.896551724,Re_706p896552,20.51219512,7.073170731707317,2.899999999724138,0.8999999997241379,58
2431,706.896551724,Re_706p896552,20.86585366,7.073170731707317,2.9500000002068965,0.9500000002068965,59
2432,706.896551724,Re_706p896552,21.2195122,7.073170731707317,3.000000000689655,6.896549997748025e-10,60
2433,706.896551724,Re_706p896552,21.57317073,7.073170731707317,3.049999999758621,0.049999999758620906,61
2434,706.896551724,Re_706p896552,21.92682927,7.073170731707317,3.100000000241379,0.100000000241379,62
2435,706.896551724,Re_706p896552,22.2804878,7.073170731707317,3.149999999310345,0.1499999993103449,63
2436,706.896551724,Re_706p896552,22.63414634,7.073170731707317,3.1999999997931035,0.19999999979310346,64
2437,706.896551724,Re_706p896552,22.98780488,7.073170731707317,3.250000000275862,0.250000000275862,65
2438,706.896551724,Re_706p896552,23.34146341,7.073170731707317,3.2999999993448275,0.29999999934482746,66
2439,706.896551724,Re_706p896552,23.69512195,7.073170731707317,3.3499999998275864,0.34999999982758645,67
2440,706.896551724,Re_706p896552,24.04878049,7.073170731707317,3.4000000003103446,0.40000000031034455,68
2441,706.896551724,Re_706p896552,24.40243902,7.073170731707317,3.44999999937931,0.44999999937931,69
2442,706.896551724,Re_706p896552,24.75609756,7.073170731707317,3.499999999862069,0.499999999862069,70
2443,706.896551724,Re_706p896552,25.1097561,7.073170731707317,3.5500000003448275,0.5500000003448275,71
2444,706.896551724,Re_706p896552,25.46341463,7.073170731707317,3.599999999413793,0.599999999413793,72
2445,706.896551724,Re_706p896552,25.81707317,7.073170731707317,3.6499999998965516,0.6499999998965516,73
2446,706.896551724,Re_706p896552,26.17073171,7.073170731707317,3.70000000037931,0.7000000003793101,74
2447,706.896551724,Re_706p896552,26.52439024,7.073170731707317,3.7499999994482756,0.7499999994482756,75
2448,706.896551724,Re_706p896552,26.87804878,7.073170731707317,3.7999999999310345,0.7999999999310345,76
2449,706.896551724,Re_706p896552,27.23170732,7.073170731707317,3.850000000413793,0.8500000004137931,77
2450,706.896551724,Re_706p896552,27.58536585,7.073170731707317,3.8999999994827586,0.8999999994827586,78
2451,706.896551724,Re_706p896552,27.93902439,7.073170731707317,3.949999999965517,0.9499999999655171,79
2452,706.896551724,Re_706p896552,28.29268293,7.073170731707317,4.000000000448276,4.48276082920529e-10,80
2453,706.896551724,Re_706p896552,28.64634146,7.073170731707317,4.049999999517241,0.0499999995172411,81
2454,706.896551724,Re_706p896552,29.0,7.073170731707317,4.1,0.09999999999999964,82
2455,706.896551724,Re_706p896552,29.35365854,7.073170731707317,4.150000000482759,0.15000000048275908,83
2456,706.896551724,Re_706p896552,29.70731707,7.073170731707317,4.199999999551724,0.1999999995517241,84
2457,706.896551724,Re_706p896552,30.06097561,7.073170731707317,4.250000000034483,0.25000000003448264,85
2458,706.896551724,Re_706p896552,30.41463415,7.073170731707317,4.300000000517241,0.3000000005172412,86
2459,706.896551724,Re_706p896552,30.76829268,7.073170731707317,4.349999999586206,0.3499999995862062,87
2460,706.896551724,Re_706p896552,31.12195122,7.073170731707317,4.400000000068966,0.40000000006896563,88
2461,706.896551724,Re_706p896552,31.47560976,7.073170731707317,4.450000000551724,0.4500000005517242,89
2462,706.896551724,Re_706p896552,31.82926829,7.073170731707317,4.49999999962069,0.4999999996206901,90
2463,706.896551724,Re_706p896552,32.18292683,7.073170731707317,4.550000000103448,0.5500000001034477,91
2464,706.896551724,Re_706p896552,32.53658537,7.073170731707317,4.600000000586206,0.6000000005862063,92
2465,706.896551724,Re_706p896552,32.8902439,7.073170731707317,4.649999999655172,0.6499999996551722,93
2466,706.896551724,Re_706p896552,33.24390244,7.073170731707317,4.700000000137931,0.7000000001379307,94
2467,706.896551724,Re_706p896552,33.59756098,7.073170731707317,4.750000000620689,0.7500000006206893,95
2468,706.896551724,Re_706p896552,33.95121951,7.073170731707317,4.799999999689655,0.7999999996896552,96
2469,706.896551724,Re_706p896552,34.30487805,7.073170731707317,4.850000000172414,0.8500000001724137,97
2470,706.896551724,Re_706p896552,34.65853659,7.073170731707317,4.900000000655172,0.9000000006551723,98
2471,706.896551724,Re_706p896552,35.01219512,7.073170731707317,4.949999999724138,0.9499999997241382,99
2472,706.896551724,Re_706p896552,35.36585366,7.073170731707317,5.000000000206897,2.0689672197704567e-10,100
2473,706.896551724,Re_706p896552,35.7195122,7.073170731707317,5.050000000689654,0.05000000068965438,101
2474,706.896551724,Re_706p896552,36.07317073,7.073170731707317,5.099999999758621,0.09999999975862117,102
2475,706.896551724,Re_706p896552,36.42682927,7.073170731707317,5.150000000241379,0.15000000024137883,103
2476,706.896551724,Re_706p896552,36.7804878,7.073170731707317,5.199999999310346,0.19999999931034562,104
2477,706.896551724,Re_706p896552,37.13414634,7.073170731707317,5.249999999793103,0.24999999979310328,105
2478,706.896551724,Re_706p896552,37.48780488,7.073170731707317,5.300000000275862,0.3000000002758618,106
2479,706.896551724,Re_706p896552,37.84146341,7.073170731707317,5.349999999344828,0.34999999934482773,107
2480,706.896551724,Re_706p896552,38.19512195,7.073170731707317,5.399999999827586,0.3999999998275863,108
2481,706.896551724,Re_706p896552,38.54878049,7.073170731707317,5.450000000310345,0.4500000003103448,109
2482,706.896551724,Re_706p896552,38.90243902,7.073170731707317,5.499999999379311,0.4999999993793107,110
2483,706.896551724,Re_706p896552,39.25609756,7.073170731707317,5.549999999862069,0.5499999998620693,111
2484,706.896551724,Re_706p896552,39.6097561,7.073170731707317,5.600000000344827,0.6000000003448269,112
2485,706.896551724,Re_706p896552,39.96341463,7.073170731707317,5.649999999413794,0.6499999994137937,113
2486,706.896551724,Re_706p896552,40.31707317,7.073170731707317,5.699999999896551,0.6999999998965514,114
2487,706.896551724,Re_706p896552,40.67073171,7.073170731707317,5.75000000037931,0.7500000003793099,115
2488,706.896551724,Re_706p896552,41.02439024,7.073170731707317,5.799999999448276,0.7999999994482758,116
2489,706.896551724,Re_706p896552,41.37804878,7.073170731707317,5.849999999931034,0.8499999999310344,117
2490,706.896551724,Re_706p896552,41.73170732,7.073170731707317,5.900000000413793,0.9000000004137929,118
2491,706.896551724,Re_706p896552,42.08536585,7.073170731707317,5.949999999482759,0.9499999994827588,119
2492,706.896551724,Re_706p896552,42.43902439,7.073170731707317,5.999999999965517,0.9999999999655174,120
2493,706.896551724,Re_706p896552,42.79268293,7.073170731707317,6.050000000448276,0.050000000448275905,121
2494,706.896551724,Re_706p896552,43.14634146,7.073170731707317,6.099999999517242,0.09999999951724181,122
2495,706.896551724,Re_706p896552,43.5,7.073170731707317,6.15,0.15000000000000036,123
2496,706.896551724,Re_706p896552,43.85365854,7.073170731707317,6.200000000482758,0.200000000482758,124
2497,706.896551724,Re_706p896552,44.20731707,7.073170731707317,6.249999999551725,0.2499999995517248,125
2498,706.896551724,Re_706p896552,44.56097561,7.073170731707317,6.3000000000344825,0.30000000003448246,126
2499,706.896551724,Re_706p896552,44.91463415,7.073170731707317,6.350000000517241,0.350000000517241,127
2500,706.896551724,Re_706p896552,45.26829268,7.073170731707317,6.399999999586207,0.3999999995862069,128
2501,706.896551724,Re_706p896552,45.62195122,7.073170731707317,6.4500000000689655,0.45000000006896546,129
2502,706.896551724,Re_706p896552,45.97560976,7.073170731707317,6.500000000551724,0.500000000551724,130
2503,706.896551724,Re_706p896552,46.32926829,7.073170731707317,6.54999999962069,0.5499999996206899,131
2504,706.896551724,Re_706p896552,46.68292683,7.073170731707317,6.6000000001034484,0.6000000001034484,132
2505,706.896551724,Re_706p896552,47.03658537,7.073170731707317,6.650000000586206,0.6500000005862061,133
2506,706.896551724,Re_706p896552,47.3902439,7.073170731707317,6.699999999655173,0.6999999996551729,134
2507,706.896551724,Re_706p896552,47.74390244,7.073170731707317,6.7500000001379306,0.7500000001379306,135
2508,706.896551724,Re_706p896552,48.09756098,7.073170731707317,6.800000000620689,0.8000000006206891,136
2509,706.896551724,Re_706p896552,48.45121951,7.073170731707317,6.849999999689655,0.849999999689655,137
2510,706.896551724,Re_706p896552,48.80487805,7.073170731707317,6.9000000001724136,0.9000000001724136,138
2511,706.896551724,Re_706p896552,49.15853659,7.073170731707317,6.950000000655172,0.9500000006551721,139
2512,706.896551724,Re_706p896552,49.51219512,7.073170731707317,6.999999999724138,0.999999999724138,140
2513,706.896551724,Re_706p896552,49.86585366,7.073170731707317,7.0500000002068965,0.050000000206896544,141
2514,706.896551724,Re_706p896552,50.2195122,7.073170731707317,7.100000000689655,0.10000000068965509,142
2515,706.896551724,Re_706p896552,50.57317073,7.073170731707317,7.149999999758621,0.149999999758621,143
2516,706.896551724,Re_706p896552,50.92682927,7.073170731707317,7.200000000241379,0.20000000024137865,144
2517,706.896551724,Re_706p896552,51.2804878,7.073170731707317,7.2499999993103454,0.24999999931034544,145
2518,706.896551724,Re_706p896552,51.63414634,7.073170731707317,7.299999999793103,0.2999999997931031,146
2519,706.896551724,Re_706p896552,51.98780488,7.073170731707317,7.350000000275862,0.35000000027586164,147
2520,706.896551724,Re_706p896552,52.34146341,7.073170731707317,7.3999999993448276,0.39999999934482755,148
2521,706.896551724,Re_706p896552,52.69512195,7.073170731707317,7.449999999827586,0.4499999998275861,149
2522,706.896551724,Re_706p896552,53.04878049,7.073170731707317,7.500000000310345,0.5000000003103446,150
2523,706.896551724,Re_706p896552,53.40243902,7.073170731707317,7.5499999993793105,0.5499999993793105,151
2524,706.896551724,Re_706p896552,53.75609756,7.073170731707317,7.599999999862069,0.5999999998620691,152
2525,706.896551724,Re_706p896552,54.1097561,7.073170731707317,7.650000000344828,0.6500000003448276,153
2526,706.896551724,Re_706p896552,54.46341463,7.073170731707317,7.6999999994137935,0.6999999994137935,154
2527,706.896551724,Re_706p896552,54.81707317,7.073170731707317,7.749999999896552,0.7499999998965521,155
2528,706.896551724,Re_706p896552,55.17073171,7.073170731707317,7.80000000037931,0.8000000003793097,156
2529,706.896551724,Re_706p896552,55.52439024,7.073170731707317,7.8499999994482765,0.8499999994482765,157
2530,706.896551724,Re_706p896552,55.87804878,7.073170731707317,7.899999999931034,0.8999999999310342,158
2531,706.896551724,Re_706p896552,56.23170732,7.073170731707317,7.950000000413793,0.9500000004137927,159
2532,706.896551724,Re_706p896552,56.58536585,7.073170731707317,7.999999999482759,0.9999999994827586,160
2533,706.896551724,Re_706p896552,56.93902439,7.073170731707317,8.049999999965518,0.04999999996551807,161
2534,706.896551724,Re_706p896552,57.29268293,7.073170731707317,8.100000000448276,0.10000000044827573,162
2535,706.896551724,Re_706p896552,57.64634146,7.073170731707317,8.149999999517242,0.14999999951724163,163
2536,706.896551724,Re_706p896552,58.0,7.073170731707317,8.2,0.1999999999999993,164
2537,706.896551724,Re_706p896552,58.35365854,7.073170731707317,8.250000000482759,0.2500000004827587,165
2538,706.896551724,Re_706p896552,58.70731707,7.073170731707317,8.299999999551725,0.2999999995517246,166
2539,706.896551724,Re_706p896552,59.06097561,7.073170731707317,8.350000000034482,0.3500000000344823,167
2540,706.896551724,Re_706p896552,59.41463415,7.073170731707317,8.400000000517242,0.4000000005172417,168
2541,706.896551724,Re_706p896552,59.76829268,7.073170731707317,8.449999999586208,0.4499999995862076,169
2542,706.896551724,Re_706p896552,60.12195122,7.073170731707317,8.500000000068965,0.5000000000689653,170
2543,706.896551724,Re_706p896552,60.47560976,7.073170731707317,8.550000000551723,0.5500000005517229,171
2544,706.896551724,Re_706p896552,60.82926829,7.073170731707317,8.59999999962069,0.5999999996206906,172
2545,706.896551724,Re_706p896552,61.18292683,7.073170731707317,8.650000000103448,0.6500000001034483,173
2546,706.896551724,Re_706p896552,61.53658537,7.073170731707317,8.700000000586206,0.7000000005862059,174
2547,706.896551724,Re_706p896552,61.8902439,7.073170731707317,8.749999999655172,0.7499999996551718,175
2548,706.896551724,Re_706p896552,62.24390244,7.073170731707317,8.800000000137931,0.8000000001379313,176
2549,706.896551724,Re_706p896552,62.59756098,7.073170731707317,8.850000000620689,0.8500000006206889,177
2550,706.896551724,Re_706p896552,62.95121951,7.073170731707317,8.899999999689655,0.8999999996896548,178
2551,706.896551724,Re_706p896552,63.30487805,7.073170731707317,8.950000000172414,0.9500000001724143,179
2552,706.896551724,Re_706p896552,63.65853659,7.073170731707317,9.000000000655172,6.55171916719155e-10,180
2553,706.896551724,Re_706p896552,64.01219512,7.073170731707317,9.049999999724138,0.04999999972413782,181
2554,706.896551724,Re_706p896552,64.36585366,7.073170731707317,9.100000000206895,0.10000000020689548,182
2555,706.896551724,Re_706p896552,64.7195122,7.073170731707317,9.150000000689655,0.1500000006896549,183
2556,706.896551724,Re_706p896552,65.07317073,7.073170731707317,9.19999999975862,0.19999999975862082,184
2557,706.896551724,Re_706p896552,65.42682927,7.073170731707317,9.250000000241378,0.2500000002413785,185
2558,706.896551724,Re_706p896552,65.7804878,7.073170731707317,9.299999999310344,0.2999999993103444,186
2559,706.896551724,Re_706p896552,66.13414634,7.073170731707317,9.349999999793104,0.3499999997931038,187
2560,706.896551724,Re_706p896552,66.48780488,7.073170731707317,9.400000000275861,0.40000000027586147,188
2561,706.896551724,Re_706p896552,66.84146341,7.073170731707317,9.449999999344827,0.4499999993448274,189
2562,706.896551724,Re_706p896552,67.19512195,7.073170731707317,9.499999999827587,0.4999999998275868,190
2563,706.896551724,Re_706p896552,67.54878049,7.073170731707317,9.550000000310344,0.5500000003103445,191
2564,706.896551724,Re_706p896552,67.90243902,7.073170731707317,9.59999999937931,0.5999999993793104,192
2565,706.896551724,Re_706p896552,68.25609756,7.073170731707317,9.64999999986207,0.6499999998620698,193
2566,706.896551724,Re_706p896552,68.6097561,7.073170731707317,9.700000000344827,0.7000000003448275,194
2567,706.896551724,Re_706p896552,68.96341463,7.073170731707317,9.749999999413793,0.7499999994137934,195
2568,706.896551724,Re_706p896552,69.31707317,7.073170731707317,9.799999999896551,0.799999999896551,196
2569,706.896551724,Re_706p896552,69.67073171,7.073170731707317,9.85000000037931,0.8500000003793104,197
2570,706.896551724,Re_706p896552,70.02439024,7.073170731707317,9.899999999448276,0.8999999994482764,198
2571,706.896551724,Re_706p896552,70.37804878,7.073170731707317,9.949999999931034,0.949999999931034,199
2572,706.896551724,Re_706p896552,70.73170732,7.073170731707317,10.000000000413793,4.1379344395409134e-10,200
2573,706.896551724,Re_706p896552,71.08536585,7.073170731707317,10.04999999948276,0.04999999948275935,201
2574,706.896551724,Re_706p896552,71.43902439,7.073170731707317,10.099999999965517,0.099999999965517,202
2575,706.896551724,Re_706p896552,71.79268293,7.073170731707317,10.150000000448275,0.15000000044827466,203
2576,706.896551724,Re_706p896552,72.14634146,7.073170731707317,10.199999999517242,0.19999999951724234,204
2577,706.896551724,Re_706p896552,72.5,7.073170731707317,10.25,0.25,205
2578,706.896551724,Re_706p896552,72.85365854,7.073170731707317,10.300000000482758,0.30000000048275766,206
2579,706.896551724,Re_706p896552,73.20731707,7.073170731707317,10.349999999551724,0.34999999955172356,207
2580,706.896551724,Re_706p896552,73.56097561,7.073170731707317,10.400000000034483,0.400000000034483,208
2581,706.896551724,Re_706p896552,73.91463415,7.073170731707317,10.45000000051724,0.45000000051724065,209
2582,706.896551724,Re_706p896552,74.26829268,7.073170731707317,10.499999999586207,0.49999999958620656,210
2583,706.896551724,Re_706p896552,74.62195122,7.073170731707317,10.550000000068966,0.550000000068966,211
2584,706.896551724,Re_706p896552,74.97560976,7.073170731707317,10.600000000551724,0.6000000005517236,212
2585,706.896551724,Re_706p896552,75.32926829,7.073170731707317,10.64999999962069,0.6499999996206896,213
2586,706.896551724,Re_706p896552,75.68292683,7.073170731707317,10.700000000103449,0.700000000103449,214
2587,706.896551724,Re_706p896552,76.03658537,7.073170731707317,10.750000000586207,0.7500000005862066,215
2588,706.896551724,Re_706p896552,76.3902439,7.073170731707317,10.799999999655173,0.7999999996551725,216
2589,706.896551724,Re_706p896552,76.74390244,7.073170731707317,10.85000000013793,0.8500000001379302,217
2590,706.896551724,Re_706p896552,77.09756098,7.073170731707317,10.90000000062069,0.9000000006206896,218
2591,706.896551724,Re_706p896552,77.45121951,7.073170731707317,10.949999999689656,0.9499999996896555,219
2592,706.896551724,Re_706p896552,77.80487805,7.073170731707317,11.000000000172413,1.724131948321883e-10,220
2593,706.896551724,Re_706p896552,78.15853659,7.073170731707317,11.050000000655173,0.05000000065517263,221
2594,706.896551724,Re_706p896552,78.51219512,7.073170731707317,11.099999999724139,0.09999999972413853,222
2595,706.896551724,Re_706p896552,78.86585366,7.073170731707317,11.150000000206896,0.1500000002068962,223
2596,706.896551724,Re_706p896552,79.2195122,7.073170731707317,11.200000000689654,0.20000000068965385,224
2597,706.896551724,Re_706p896552,79.57317073,7.073170731707317,11.249999999758622,0.24999999975862153,225
2598,706.896551724,Re_706p896552,79.92682927,7.073170731707317,11.30000000024138,0.3000000002413792,226
2599,706.896551724,Re_706p896552,80.2804878,7.073170731707317,11.349999999310345,0.3499999993103451,227
2600,706.896551724,Re_706p896552,80.63414634,7.073170731707317,11.399999999793103,0.39999999979310275,228
2601,706.896551724,Re_706p896552,80.98780488,7.073170731707317,11.450000000275862,0.4500000002758622,229
2602,706.896551724,Re_706p896552,81.34146341,7.073170731707317,11.499999999344828,0.4999999993448281,230
2603,706.896551724,Re_706p896552,81.69512195,7.073170731707317,11.549999999827586,0.5499999998275857,231
2604,706.896551724,Re_706p896552,82.04878049,7.073170731707317,11.600000000310345,0.6000000003103452,232
2605,706.896551724,Re_706p896552,82.40243902,7.073170731707317,11.649999999379311,0.6499999993793111,233
2606,706.896551724,Re_706p896552,82.75609756,7.073170731707317,11.699999999862069,0.6999999998620687,234
2607,706.896551724,Re_706p896552,83.1097561,7.073170731707317,11.750000000344826,0.7500000003448264,235
2608,706.896551724,Re_706p896552,83.46341463,7.073170731707317,11.799999999413794,0.7999999994137941,236
2609,706.896551724,Re_706p896552,83.81707317,7.073170731707317,11.849999999896552,0.8499999998965517,237
2610,706.896551724,Re_706p896552,84.17073171,7.073170731707317,11.90000000037931,0.9000000003793094,238
2611,706.896551724,Re_706p896552,84.52439024,7.073170731707317,11.949999999448275,0.9499999994482753,239
2612,706.896551724,Re_706p896552,84.87804878,7.073170731707317,11.999999999931035,0.9999999999310347,240
2613,724.137931034,Re_724p137931,13.80952381,6.904761904761904,2.0000000000689657,6.896572202208517e-11,40
2614,724.137931034,Re_724p137931,14.1547619,6.904761904761904,2.0499999993103453,0.04999999931034527,41
2615,724.137931034,Re_724p137931,14.5,6.904761904761904,2.1,0.10000000000000009,42
2616,724.137931034,Re_724p137931,14.8452381,6.904761904761904,2.1500000006896554,0.15000000068965536,43
2617,724.137931034,Re_724p137931,15.19047619,6.904761904761904,2.1999999999310345,0.19999999993103446,44
2618,724.137931034,Re_724p137931,15.53571429,6.904761904761904,2.2500000006206897,0.2500000006206897,45
2619,724.137931034,Re_724p137931,15.88095238,6.904761904761904,2.2999999998620693,0.29999999986206927,46
2620,724.137931034,Re_724p137931,16.22619048,6.904761904761904,2.350000000551724,0.3500000005517241,47
2621,724.137931034,Re_724p137931,16.57142857,6.904761904761904,2.399999999793103,0.3999999997931032,48
2622,724.137931034,Re_724p137931,16.91666667,6.904761904761904,2.450000000482759,0.4500000004827589,49
2623,724.137931034,Re_724p137931,17.26190476,6.904761904761904,2.499999999724138,0.499999999724138,50
2624,724.137931034,Re_724p137931,17.60714286,6.904761904761904,2.5500000004137933,0.5500000004137933,51
2625,724.137931034,Re_724p137931,17.95238095,6.904761904761904,2.5999999996551724,0.5999999996551724,52
2626,724.137931034,Re_724p137931,18.29761905,6.904761904761904,2.650000000344828,0.6500000003448281,53
2627,724.137931034,Re_724p137931,18.64285714,6.904761904761904,2.699999999586207,0.6999999995862072,54
2628,724.137931034,Re_724p137931,18.98809524,6.904761904761904,2.7500000002758624,0.7500000002758624,55
2629,724.137931034,Re_724p137931,19.33333333,6.904761904761904,2.7999999995172415,0.7999999995172415,56
2630,724.137931034,Re_724p137931,19.67857143,6.904761904761904,2.850000000206897,0.8500000002068968,57
2631,724.137931034,Re_724p137931,20.02380952,6.904761904761904,2.8999999994482764,0.8999999994482764,58
2632,724.137931034,Re_724p137931,20.36904762,6.904761904761904,2.950000000137931,0.9500000001379312,59
2633,724.137931034,Re_724p137931,20.71428571,6.904761904761904,2.9999999993793103,0.9999999993793103,60
2634,724.137931034,Re_724p137931,21.05952381,6.904761904761904,3.050000000068966,0.05000000006896599,61
2635,724.137931034,Re_724p137931,21.4047619,6.904761904761904,3.099999999310345,0.09999999931034509,62
2636,724.137931034,Re_724p137931,21.75,6.904761904761904,3.1500000000000004,0.15000000000000036,63
2637,724.137931034,Re_724p137931,22.0952381,6.904761904761904,3.200000000689655,0.20000000068965518,64
2638,724.137931034,Re_724p137931,22.44047619,6.904761904761904,3.2499999999310343,0.24999999993103428,65
2639,724.137931034,Re_724p137931,22.78571429,6.904761904761904,3.30000000062069,0.30000000062069,66
2640,724.137931034,Re_724p137931,23.13095238,6.904761904761904,3.349999999862069,0.3499999998620691,67
2641,724.137931034,Re_724p137931,23.47619048,6.904761904761904,3.4000000005517244,0.40000000055172436,68
2642,724.137931034,Re_724p137931,23.82142857,6.904761904761904,3.4499999997931035,0.44999999979310346,69
2643,724.137931034,Re_724p137931,24.16666667,6.904761904761904,3.500000000482759,0.5000000004827592,70
2644,724.137931034,Re_724p137931,24.51190476,6.904761904761904,3.5499999997241383,0.5499999997241383,71
2645,724.137931034,Re_724p137931,24.85714286,6.904761904761904,3.6000000004137935,0.6000000004137935,72
2646,724.137931034,Re_724p137931,25.20238095,6.904761904761904,3.6499999996551726,0.6499999996551726,73
2647,724.137931034,Re_724p137931,25.54761905,6.904761904761904,3.700000000344828,0.7000000003448279,74
2648,724.137931034,Re_724p137931,25.89285714,6.904761904761904,3.7499999995862074,0.7499999995862074,75
2649,724.137931034,Re_724p137931,26.23809524,6.904761904761904,3.8000000002758623,0.8000000002758623,76
2650,724.137931034,Re_724p137931,26.58333333,6.904761904761904,3.8499999995172414,0.8499999995172414,77
2651,724.137931034,Re_724p137931,26.92857143,6.904761904761904,3.900000000206897,0.9000000002068971,78
2652,724.137931034,Re_724p137931,27.27380952,6.904761904761904,3.949999999448276,0.9499999994482762,79
2653,724.137931034,Re_724p137931,27.61904762,6.904761904761904,4.000000000137931,1.3793144404417035e-10,80
2654,724.137931034,Re_724p137931,27.96428571,6.904761904761904,4.0499999993793105,0.049999999379310545,81
2655,724.137931034,Re_724p137931,28.30952381,6.904761904761904,4.100000000068966,0.10000000006896581,82
2656,724.137931034,Re_724p137931,28.6547619,6.904761904761904,4.149999999310345,0.1499999993103449,83
2657,724.137931034,Re_724p137931,29.0,6.904761904761904,4.2,0.20000000000000018,84
2658,724.137931034,Re_724p137931,29.3452381,6.904761904761904,4.250000000689655,0.25000000068965544,85
2659,724.137931034,Re_724p137931,29.69047619,6.904761904761904,4.2999999999310345,0.29999999993103454,86
2660,724.137931034,Re_724p137931,30.03571429,6.904761904761904,4.35000000062069,0.3500000006206898,87
2661,724.137931034,Re_724p137931,30.38095238,6.904761904761904,4.399999999862069,0.3999999998620689,88
2662,724.137931034,Re_724p137931,30.72619048,6.904761904761904,4.450000000551724,0.4500000005517242,89
2663,724.137931034,Re_724p137931,31.07142857,6.904761904761904,4.499999999793103,0.4999999997931033,90
2664,724.137931034,Re_724p137931,31.41666667,6.904761904761904,4.550000000482759,0.5500000004827594,91
2665,724.137931034,Re_724p137931,31.76190476,6.904761904761904,4.5999999997241385,0.5999999997241385,92
2666,724.137931034,Re_724p137931,32.10714286,6.904761904761904,4.650000000413794,0.6500000004137938,93
2667,724.137931034,Re_724p137931,32.45238095,6.904761904761904,4.699999999655173,0.6999999996551729,94
2668,724.137931034,Re_724p137931,32.79761905,6.904761904761904,4.750000000344828,0.7500000003448282,95
2669,724.137931034,Re_724p137931,33.14285714,6.904761904761904,4.799999999586206,0.7999999995862064,96
2670,724.137931034,Re_724p137931,33.48809524,6.904761904761904,4.8500000002758625,0.8500000002758625,97
2671,724.137931034,Re_724p137931,33.83333333,6.904761904761904,4.899999999517242,0.8999999995172416,98
2672,724.137931034,Re_724p137931,34.17857143,6.904761904761904,4.950000000206897,0.9500000002068969,99
2673,724.137931034,Re_724p137931,34.52380952,6.904761904761904,4.999999999448276,0.999999999448276,100
2674,724.137931034,Re_724p137931,34.86904762,6.904761904761904,5.050000000137932,0.050000000137932155,101
2675,724.137931034,Re_724p137931,35.21428571,6.904761904761904,5.09999999937931,0.09999999937931037,102
2676,724.137931034,Re_724p137931,35.55952381,6.904761904761904,5.1500000000689665,0.15000000006896652,103
2677,724.137931034,Re_724p137931,35.9047619,6.904761904761904,5.199999999310345,0.19999999931034473,104
2678,724.137931034,Re_724p137931,36.25,6.904761904761904,5.25,0.25,105
2679,724.137931034,Re_724p137931,36.5952381,6.904761904761904,5.300000000689656,0.30000000068965615,106
2680,724.137931034,Re_724p137931,36.94047619,6.904761904761904,5.349999999931034,0.34999999993103437,107
2681,724.137931034,Re_724p137931,37.28571429,6.904761904761904,5.4000000006206905,0.4000000006206905,108
2682,724.137931034,Re_724p137931,37.63095238,6.904761904761904,5.449999999862069,0.44999999986206873,109
2683,724.137931034,Re_724p137931,37.97619048,6.904761904761904,5.500000000551725,0.5000000005517249,110
2684,724.137931034,Re_724p137931,38.32142857,6.904761904761904,5.549999999793104,0.549999999793104,111
2685,724.137931034,Re_724p137931,38.66666667,6.904761904761904,5.600000000482758,0.6000000004827584,112
2686,724.137931034,Re_724p137931,39.01190476,6.904761904761904,5.649999999724138,0.6499999997241384,113
2687,724.137931034,Re_724p137931,39.35714286,6.904761904761904,5.700000000413794,0.7000000004137936,114
2688,724.137931034,Re_724p137931,39.70238095,6.904761904761904,5.749999999655173,0.7499999996551727,115
2689,724.137931034,Re_724p137931,40.04761905,6.904761904761904,5.800000000344828,0.800000000344828,116
2690,724.137931034,Re_724p137931,40.39285714,6.904761904761904,5.849999999586207,0.8499999995862071,117
2691,724.137931034,Re_724p137931,40.73809524,6.904761904761904,5.900000000275862,0.9000000002758624,118
2692,724.137931034,Re_724p137931,41.08333333,6.904761904761904,5.949999999517242,0.9499999995172423,119
2693,724.137931034,Re_724p137931,41.42857143,6.904761904761904,6.000000000206897,2.0689672197704567e-10,120
2694,724.137931034,Re_724p137931,41.77380952,6.904761904761904,6.049999999448277,0.04999999944827671,121
2695,724.137931034,Re_724p137931,42.11904762,6.904761904761904,6.100000000137932,0.10000000013793198,122
2696,724.137931034,Re_724p137931,42.46428571,6.904761904761904,6.149999999379311,0.14999999937931108,123
2697,724.137931034,Re_724p137931,42.80952381,6.904761904761904,6.200000000068966,0.20000000006896634,124
2698,724.137931034,Re_724p137931,43.1547619,6.904761904761904,6.249999999310345,0.24999999931034456,125
2699,724.137931034,Re_724p137931,43.5,6.904761904761904,6.300000000000001,0.3000000000000007,126
2700,724.137931034,Re_724p137931,43.8452381,6.904761904761904,6.350000000689656,0.350000000689656,127
2701,724.137931034,Re_724p137931,44.19047619,6.904761904761904,6.399999999931035,0.3999999999310351,128
2702,724.137931034,Re_724p137931,44.53571429,6.904761904761904,6.45000000062069,0.45000000062069034,129
2703,724.137931034,Re_724p137931,44.88095238,6.904761904761904,6.499999999862069,0.49999999986206856,130
2704,724.137931034,Re_724p137931,45.22619048,6.904761904761904,6.550000000551725,0.5500000005517247,131
2705,724.137931034,Re_724p137931,45.57142857,6.904761904761904,6.599999999793104,0.5999999997931038,132
2706,724.137931034,Re_724p137931,45.91666667,6.904761904761904,6.650000000482759,0.6500000004827591,133
2707,724.137931034,Re_724p137931,46.26190476,6.904761904761904,6.699999999724138,0.6999999997241382,134
2708,724.137931034,Re_724p137931,46.60714286,6.904761904761904,6.750000000413794,0.7500000004137943,135
2709,724.137931034,Re_724p137931,46.95238095,6.904761904761904,6.7999999996551725,0.7999999996551725,136
2710,724.137931034,Re_724p137931,47.29761905,6.904761904761904,6.850000000344829,0.8500000003448287,137
2711,724.137931034,Re_724p137931,47.64285714,6.904761904761904,6.899999999586207,0.8999999995862069,138
2712,724.137931034,Re_724p137931,47.98809524,6.904761904761904,6.950000000275862,0.9500000002758622,139
2713,724.137931034,Re_724p137931,48.33333333,6.904761904761904,6.999999999517242,0.9999999995172422,140
2714,724.137931034,Re_724p137931,48.67857143,6.904761904761904,7.0500000002068965,0.050000000206896544,141
2715,724.137931034,Re_724p137931,49.02380952,6.904761904761904,7.0999999994482765,0.09999999944827653,142
2716,724.137931034,Re_724p137931,49.36904762,6.904761904761904,7.150000000137932,0.1500000001379318,143
2717,724.137931034,Re_724p137931,49.71428571,6.904761904761904,7.199999999379311,0.1999999993793109,144
2718,724.137931034,Re_724p137931,50.05952381,6.904761904761904,7.250000000068966,0.25000000006896617,145
2719,724.137931034,Re_724p137931,50.4047619,6.904761904761904,7.299999999310345,0.29999999931034527,146
2720,724.137931034,Re_724p137931,50.75,6.904761904761904,7.3500000000000005,0.35000000000000053,147
2721,724.137931034,Re_724p137931,51.0952381,6.904761904761904,7.400000000689656,0.4000000006896558,148
2722,724.137931034,Re_724p137931,51.44047619,6.904761904761904,7.449999999931035,0.4499999999310349,149
2723,724.137931034,Re_724p137931,51.78571429,6.904761904761904,7.50000000062069,0.5000000006206902,150
2724,724.137931034,Re_724p137931,52.13095238,6.904761904761904,7.549999999862069,0.5499999998620693,151
2725,724.137931034,Re_724p137931,52.47619048,6.904761904761904,7.6000000005517245,0.6000000005517245,152
2726,724.137931034,Re_724p137931,52.82142857,6.904761904761904,7.6499999997931045,0.6499999997931045,153
2727,724.137931034,Re_724p137931,53.16666667,6.904761904761904,7.700000000482759,0.7000000004827589,154
2728,724.137931034,Re_724p137931,53.51190476,6.904761904761904,7.749999999724139,0.7499999997241389,155
2729,724.137931034,Re_724p137931,53.85714286,6.904761904761904,7.800000000413794,0.8000000004137942,156
2730,724.137931034,Re_724p137931,54.20238095,6.904761904761904,7.849999999655173,0.8499999996551733,157
2731,724.137931034,Re_724p137931,54.54761905,6.904761904761904,7.9000000003448285,0.9000000003448285,158
2732,724.137931034,Re_724p137931,54.89285714,6.904761904761904,7.949999999586207,0.9499999995862067,159
2733,724.137931034,Re_724p137931,55.23809524,6.904761904761904,8.000000000275863,2.758628880883407e-10,160
2734,724.137931034,Re_724p137931,55.58333333,6.904761904761904,8.049999999517242,0.04999999951724199,161
2735,724.137931034,Re_724p137931,55.92857143,6.904761904761904,8.100000000206897,0.10000000020689725,162
2736,724.137931034,Re_724p137931,56.27380952,6.904761904761904,8.149999999448276,0.14999999944827636,163
2737,724.137931034,Re_724p137931,56.61904762,6.904761904761904,8.200000000137932,0.20000000013793162,164
2738,724.137931034,Re_724p137931,56.96428571,6.904761904761904,8.24999999937931,0.24999999937931072,165
2739,724.137931034,Re_724p137931,57.30952381,6.904761904761904,8.300000000068966,0.300000000068966,166
2740,724.137931034,Re_724p137931,57.6547619,6.904761904761904,8.349999999310345,0.3499999993103451,167
2741,724.137931034,Re_724p137931,58.0,6.904761904761904,8.4,0.40000000000000036,168
2742,724.137931034,Re_724p137931,58.3452381,6.904761904761904,8.450000000689656,0.4500000006896556,169
2743,724.137931034,Re_724p137931,58.69047619,6.904761904761904,8.499999999931035,0.4999999999310347,170
2744,724.137931034,Re_724p137931,59.03571429,6.904761904761904,8.55000000062069,0.55000000062069,171
2745,724.137931034,Re_724p137931,59.38095238,6.904761904761904,8.599999999862069,0.5999999998620691,172
2746,724.137931034,Re_724p137931,59.72619048,6.904761904761904,8.650000000551724,0.6500000005517244,173
2747,724.137931034,Re_724p137931,60.07142857,6.904761904761904,8.699999999793105,0.6999999997931052,174
2748,724.137931034,Re_724p137931,60.41666667,6.904761904761904,8.750000000482759,0.7500000004827587,175
2749,724.137931034,Re_724p137931,60.76190476,6.904761904761904,8.799999999724138,0.7999999997241378,176
2750,724.137931034,Re_724p137931,61.10714286,6.904761904761904,8.850000000413795,0.8500000004137949,177
2751,724.137931034,Re_724p137931,61.45238095,6.904761904761904,8.899999999655172,0.8999999996551722,178
2752,724.137931034,Re_724p137931,61.79761905,6.904761904761904,8.95000000034483,0.9500000003448292,179
2753,724.137931034,Re_724p137931,62.14285714,6.904761904761904,8.999999999586207,0.9999999995862066,180
2754,724.137931034,Re_724p137931,62.48809524,6.904761904761904,9.050000000275864,0.0500000002758636,181
2755,724.137931034,Re_724p137931,62.83333333,6.904761904761904,9.099999999517243,0.0999999995172427,182
2756,724.137931034,Re_724p137931,63.17857143,6.904761904761904,9.150000000206896,0.1500000002068962,183
2757,724.137931034,Re_724p137931,63.52380952,6.904761904761904,9.199999999448277,0.19999999944827707,184
2758,724.137931034,Re_724p137931,63.86904762,6.904761904761904,9.250000000137932,0.25000000013793233,185
2759,724.137931034,Re_724p137931,64.21428571,6.904761904761904,9.299999999379311,0.29999999937931143,186
2760,724.137931034,Re_724p137931,64.55952381,6.904761904761904,9.350000000068967,0.3500000000689667,187
2761,724.137931034,Re_724p137931,64.9047619,6.904761904761904,9.399999999310346,0.3999999993103458,188
2762,724.137931034,Re_724p137931,65.25,6.904761904761904,9.450000000000001,0.45000000000000107,189
2763,724.137931034,Re_724p137931,65.5952381,6.904761904761904,9.500000000689656,0.5000000006896563,190
2764,724.137931034,Re_724p137931,65.94047619,6.904761904761904,9.549999999931035,0.5499999999310354,191
2765,724.137931034,Re_724p137931,66.28571429,6.904761904761904,9.60000000062069,0.6000000006206907,192
2766,724.137931034,Re_724p137931,66.63095238,6.904761904761904,9.64999999986207,0.6499999998620698,193
2767,724.137931034,Re_724p137931,66.97619048,6.904761904761904,9.700000000551725,0.7000000005517251,194
2768,724.137931034,Re_724p137931,67.32142857,6.904761904761904,9.749999999793104,0.7499999997931042,195
2769,724.137931034,Re_724p137931,67.66666667,6.904761904761904,9.80000000048276,0.8000000004827594,196
2770,724.137931034,Re_724p137931,68.01190476,6.904761904761904,9.849999999724139,0.8499999997241385,197
2771,724.137931034,Re_724p137931,68.35714286,6.904761904761904,9.900000000413794,0.9000000004137938,198
2772,724.137931034,Re_724p137931,68.70238095,6.904761904761904,9.949999999655175,0.9499999996551747,199
2773,724.137931034,Re_724p137931,69.04761905,6.904761904761904,10.000000000344828,3.44828166021216e-10,200
2774,724.137931034,Re_724p137931,69.39285714,6.904761904761904,10.049999999586209,0.04999999958620904,201
2775,724.137931034,Re_724p137931,69.73809524,6.904761904761904,10.100000000275864,0.10000000027586431,202
2776,724.137931034,Re_724p137931,70.08333333,6.904761904761904,10.149999999517242,0.14999999951724163,203
2777,724.137931034,Re_724p137931,70.42857143,6.904761904761904,10.200000000206899,0.20000000020689868,204
2778,724.137931034,Re_724p137931,70.77380952,6.904761904761904,10.249999999448276,0.249999999448276,205
2779,724.137931034,Re_724p137931,71.11904762,6.904761904761904,10.300000000137933,0.30000000013793304,206
2780,724.137931034,Re_724p137931,71.46428571,6.904761904761904,10.34999999937931,0.34999999937931037,207
2781,724.137931034,Re_724p137931,71.80952381,6.904761904761904,10.400000000068967,0.4000000000689674,208
2782,724.137931034,Re_724p137931,72.1547619,6.904761904761904,10.449999999310345,0.44999999931034473,209
2783,724.137931034,Re_724p137931,72.5,6.904761904761904,10.5,0.5,210
2784,724.137931034,Re_724p137931,72.8452381,6.904761904761904,10.550000000689657,0.550000000689657,211
2785,724.137931034,Re_724p137931,73.19047619,6.904761904761904,10.599999999931034,0.5999999999310344,212
2786,724.137931034,Re_724p137931,73.53571429,6.904761904761904,10.650000000620691,0.6500000006206914,213
2787,724.137931034,Re_724p137931,73.88095238,6.904761904761904,10.699999999862069,0.6999999998620687,214
2788,724.137931034,Re_724p137931,74.22619048,6.904761904761904,10.750000000551726,0.7500000005517258,215
2789,724.137931034,Re_724p137931,74.57142857,6.904761904761904,10.799999999793103,0.7999999997931031,216
2790,724.137931034,Re_724p137931,74.91666667,6.904761904761904,10.850000000482758,0.8500000004827584,217
2791,724.137931034,Re_724p137931,75.26190476,6.904761904761904,10.899999999724137,0.8999999997241375,218
2792,724.137931034,Re_724p137931,75.60714286,6.904761904761904,10.950000000413793,0.9500000004137927,219
2793,724.137931034,Re_724p137931,75.95238095,6.904761904761904,10.999999999655174,0.9999999996551736,220
2794,724.137931034,Re_724p137931,76.29761905,6.904761904761904,11.050000000344827,0.0500000003448271,221
2795,724.137931034,Re_724p137931,76.64285714,6.904761904761904,11.099999999586208,0.09999999958620798,222
2796,724.137931034,Re_724p137931,76.98809524,6.904761904761904,11.150000000275863,0.15000000027586324,223
2797,724.137931034,Re_724p137931,77.33333333,6.904761904761904,11.199999999517242,0.19999999951724234,224
2798,724.137931034,Re_724p137931,77.67857143,6.904761904761904,11.250000000206898,0.2500000002068976,225
2799,724.137931034,Re_724p137931,78.02380952,6.904761904761904,11.299999999448277,0.2999999994482767,226
2800,724.137931034,Re_724p137931,78.36904762,6.904761904761904,11.350000000137932,0.350000000137932,227
2801,724.137931034,Re_724p137931,78.71428571,6.904761904761904,11.399999999379311,0.3999999993793111,228
2802,724.137931034,Re_724p137931,79.05952381,6.904761904761904,11.450000000068966,0.45000000006896634,229
2803,724.137931034,Re_724p137931,79.4047619,6.904761904761904,11.499999999310345,0.49999999931034544,230
2804,724.137931034,Re_724p137931,79.75,6.904761904761904,11.55,0.5500000000000007,231
2805,724.137931034,Re_724p137931,80.0952381,6.904761904761904,11.600000000689656,0.600000000689656,232
2806,724.137931034,Re_724p137931,80.44047619,6.904761904761904,11.649999999931035,0.6499999999310351,233
2807,724.137931034,Re_724p137931,80.78571429,6.904761904761904,11.70000000062069,0.7000000006206903,234
2808,724.137931034,Re_724p137931,81.13095238,6.904761904761904,11.74999999986207,0.7499999998620694,235
2809,724.137931034,Re_724p137931,81.47619048,6.904761904761904,11.800000000551725,0.8000000005517247,236
2810,724.137931034,Re_724p137931,81.82142857,6.904761904761904,11.849999999793104,0.8499999997931038,237
2811,724.137931034,Re_724p137931,82.16666667,6.904761904761904,11.900000000482759,0.9000000004827591,238
2812,724.137931034,Re_724p137931,82.51190476,6.904761904761904,11.949999999724138,0.9499999997241382,239
2813,724.137931034,Re_724p137931,82.85714286,6.904761904761904,12.000000000413793,4.1379344395409134e-10,240
2814,741.379310345,Re_741p379310,13.48837209,6.744186046511626,1.9999999995517248,0.9999999995517248,40
2815,741.379310345,Re_741p379310,13.8255814,6.744186046511626,2.050000000689656,0.050000000689656154,41
2816,741.379310345,Re_741p379310,14.1627907,6.744186046511626,2.1000000003448283,0.10000000034482825,42
2817,741.379310345,Re_741p379310,14.5,6.744186046511626,2.150000000000001,0.1500000000000008,43
2818,741.379310345,Re_741p379310,14.8372093,6.744186046511626,2.199999999655173,0.1999999996551729,44
2819,741.379310345,Re_741p379310,15.1744186,6.744186046511626,2.2499999993103454,0.24999999931034544,45
2820,741.379310345,Re_741p379310,15.51162791,6.744186046511626,2.3000000004482763,0.30000000044827635,46
2821,741.379310345,Re_741p379310,15.84883721,6.744186046511626,2.350000000103449,0.3500000001034489,47
2822,741.379310345,Re_741p379310,16.18604651,6.744186046511626,2.3999999997586214,0.39999999975862144,48
2823,741.379310345,Re_741p379310,16.52325581,6.744186046511626,2.4499999994137935,0.44999999941379354,49
2824,741.379310345,Re_741p379310,16.86046512,6.744186046511626,2.500000000551725,0.5000000005517249,50
2825,741.379310345,Re_741p379310,17.19767442,6.744186046511626,2.550000000206897,0.550000000206897,51
2826,741.379310345,Re_741p379310,17.53488372,6.744186046511626,2.59999999986207,0.59999999986207,52
2827,741.379310345,Re_741p379310,17.87209302,6.744186046511626,2.6499999995172425,0.6499999995172425,53
2828,741.379310345,Re_741p379310,18.20930233,6.744186046511626,2.7000000006551734,0.7000000006551734,54
2829,741.379310345,Re_741p379310,18.54651163,6.744186046511626,2.750000000310346,0.750000000310346,55
2830,741.379310345,Re_741p379310,18.88372093,6.744186046511626,2.799999999965518,0.7999999999655181,56
2831,741.379310345,Re_741p379310,19.22093023,6.744186046511626,2.8499999996206906,0.8499999996206906,57
2832,741.379310345,Re_741p379310,19.55813953,6.744186046511626,2.8999999992758627,0.8999999992758627,58
2833,741.379310345,Re_741p379310,19.89534884,6.744186046511626,2.950000000413794,0.9500000004137941,59
2834,741.379310345,Re_741p379310,20.23255814,6.744186046511626,3.000000000068966,6.896616611129502e-11,60
2835,741.379310345,Re_741p379310,20.56976744,6.744186046511626,3.0499999997241387,0.04999999972413871,61
2836,741.379310345,Re_741p379310,20.90697674,6.744186046511626,3.0999999993793117,0.0999999993793117,62
2837,741.379310345,Re_741p379310,21.24418605,6.744186046511626,3.150000000517242,0.15000000051724216,63
2838,741.379310345,Re_741p379310,21.58139535,6.744186046511626,3.200000000172415,0.20000000017241515,64
2839,741.379310345,Re_741p379310,21.91860465,6.744186046511626,3.2499999998275872,0.24999999982758725,65
2840,741.379310345,Re_741p379310,22.25581395,6.744186046511626,3.29999999948276,0.2999999994827598,66
2841,741.379310345,Re_741p379310,22.59302326,6.744186046511626,3.3500000006206907,0.3500000006206907,67
2842,741.379310345,Re_741p379310,22.93023256,6.744186046511626,3.4000000002758632,0.40000000027586324,68
2843,741.379310345,Re_741p379310,23.26744186,6.744186046511626,3.449999999931036,0.4499999999310358,69
2844,741.379310345,Re_741p379310,23.60465116,6.744186046511626,3.499999999586208,0.4999999995862079,70
2845,741.379310345,Re_741p379310,23.94186047,6.744186046511626,3.5500000007241392,0.5500000007241392,71
2846,741.379310345,Re_741p379310,24.27906977,6.744186046511626,3.6000000003793113,0.6000000003793113,72
2847,741.379310345,Re_741p379310,24.61627907,6.744186046511626,3.650000000034484,0.6500000000344839,73
2848,741.379310345,Re_741p379310,24.95348837,6.744186046511626,3.6999999996896564,0.6999999996896564,74
2849,741.379310345,Re_741p379310,25.29069767,6.744186046511626,3.749999999344829,0.749999999344829,75
2850,741.379310345,Re_741p379310,25.62790698,6.744186046511626,3.80000000048276,0.8000000004827599,76
2851,741.379310345,Re_741p379310,25.96511628,6.744186046511626,3.8500000001379324,0.8500000001379324,77
2852,741.379310345,Re_741p379310,26.30232558,6.744186046511626,3.899999999793105,0.899999999793105,78
2853,741.379310345,Re_741p379310,26.63953488,6.744186046511626,3.949999999448277,0.9499999994482771,79
2854,741.379310345,Re_741p379310,26.97674419,6.744186046511626,4.000000000586208,5.862084151431191e-10,80
2855,741.379310345,Re_741p379310,27.31395349,6.744186046511626,4.050000000241381,0.05000000024138096,81
2856,741.379310345,Re_741p379310,27.65116279,6.744186046511626,4.0999999998965535,0.0999999998965535,82
2857,741.379310345,Re_741p379310,27.98837209,6.744186046511626,4.149999999551725,0.14999999955172516,83
2858,741.379310345,Re_741p379310,28.3255814,6.744186046511626,4.2000000006896565,0.2000000006896565,84
2859,741.379310345,Re_741p379310,28.6627907,6.744186046511626,4.250000000344829,0.25000000034482905,85
2860,741.379310345,Re_741p379310,29.0,6.744186046511626,4.300000000000002,0.3000000000000016,86
2861,741.379310345,Re_741p379310,29.3372093,6.744186046511626,4.349999999655174,0.34999999965517414,87
2862,741.379310345,Re_741p379310,29.6744186,6.744186046511626,4.399999999310346,0.3999999993103458,88
2863,741.379310345,Re_741p379310,30.01162791,6.744186046511626,4.450000000448277,0.45000000044827715,89
2864,741.379310345,Re_741p379310,30.34883721,6.744186046511626,4.50000000010345,0.5000000001034497,90
2865,741.379310345,Re_741p379310,30.68604651,6.744186046511626,4.549999999758622,0.5499999997586222,91
2866,741.379310345,Re_741p379310,31.02325581,6.744186046511626,4.599999999413795,0.5999999994137948,92
2867,741.379310345,Re_741p379310,31.36046512,6.744186046511626,4.650000000551726,0.6500000005517261,93
2868,741.379310345,Re_741p379310,31.69767442,6.744186046511626,4.700000000206898,0.7000000002068978,94
2869,741.379310345,Re_741p379310,32.03488372,6.744186046511626,4.749999999862071,0.7499999998620712,95
2870,741.379310345,Re_741p379310,32.37209302,6.744186046511626,4.799999999517243,0.7999999995172429,96
2871,741.379310345,Re_741p379310,32.70930233,6.744186046511626,4.850000000655174,0.8500000006551742,97
2872,741.379310345,Re_741p379310,33.04651163,6.744186046511626,4.900000000310346,0.9000000003103459,98
2873,741.379310345,Re_741p379310,33.38372093,6.744186046511626,4.949999999965519,0.9499999999655193,99
2874,741.379310345,Re_741p379310,33.72093023,6.744186046511626,4.999999999620691,0.999999999620691,100
2875,741.379310345,Re_741p379310,34.05813953,6.744186046511626,5.0499999992758635,0.049999999275863516,101
2876,741.379310345,Re_741p379310,34.39534884,6.744186046511626,5.100000000413794,0.10000000041379398,102
2877,741.379310345,Re_741p379310,34.73255814,6.744186046511626,5.150000000068967,0.1500000000689674,103
2878,741.379310345,Re_741p379310,35.06976744,6.744186046511626,5.19999999972414,0.19999999972413995,104
2879,741.379310345,Re_741p379310,35.40697674,6.744186046511626,5.249999999379312,0.2499999993793116,105
2880,741.379310345,Re_741p379310,35.74418605,6.744186046511626,5.300000000517244,0.30000000051724385,106
2881,741.379310345,Re_741p379310,36.08139535,6.744186046511626,5.3500000001724155,0.3500000001724155,107
2882,741.379310345,Re_741p379310,36.41860465,6.744186046511626,5.399999999827588,0.39999999982758805,108
2883,741.379310345,Re_741p379310,36.75581395,6.744186046511626,5.44999999948276,0.4499999994827597,109
2884,741.379310345,Re_741p379310,37.09302326,6.744186046511626,5.500000000620692,0.5000000006206919,110
2885,741.379310345,Re_741p379310,37.43023256,6.744186046511626,5.550000000275864,0.5500000002758636,111
2886,741.379310345,Re_741p379310,37.76744186,6.744186046511626,5.599999999931036,0.5999999999310361,112
2887,741.379310345,Re_741p379310,38.10465116,6.744186046511626,5.64999999958621,0.6499999995862096,113
2888,741.379310345,Re_741p379310,38.44186047,6.744186046511626,5.70000000072414,0.70000000072414,114
2889,741.379310345,Re_741p379310,38.77906977,6.744186046511626,5.750000000379313,0.7500000003793126,115
2890,741.379310345,Re_741p379310,39.11627907,6.744186046511626,5.800000000034484,0.8000000000344842,116
2891,741.379310345,Re_741p379310,39.45348837,6.744186046511626,5.849999999689658,0.8499999996896577,117
2892,741.379310345,Re_741p379310,39.79069767,6.744186046511626,5.899999999344829,0.8999999993448293,118
2893,741.379310345,Re_741p379310,40.12790698,6.744186046511626,5.950000000482761,0.9500000004827607,119
2894,741.379310345,Re_741p379310,40.46511628,6.744186046511626,6.000000000137932,1.3793233222259005e-10,120
2895,741.379310345,Re_741p379310,40.80232558,6.744186046511626,6.049999999793106,0.049999999793105765,121
2896,741.379310345,Re_741p379310,41.13953488,6.744186046511626,6.099999999448277,0.09999999944827742,122
2897,741.379310345,Re_741p379310,41.47674419,6.744186046511626,6.150000000586209,0.15000000058620877,123
2898,741.379310345,Re_741p379310,41.81395349,6.744186046511626,6.200000000241382,0.2000000002413822,124
2899,741.379310345,Re_741p379310,42.15116279,6.744186046511626,6.249999999896554,0.24999999989655386,125
2900,741.379310345,Re_741p379310,42.48837209,6.744186046511626,6.299999999551726,0.2999999995517264,126
2901,741.379310345,Re_741p379310,42.8255814,6.744186046511626,6.350000000689657,0.35000000068965686,127
2902,741.379310345,Re_741p379310,43.1627907,6.744186046511626,6.40000000034483,0.4000000003448303,128
2903,741.379310345,Re_741p379310,43.5,6.744186046511626,6.450000000000002,0.45000000000000195,129
2904,741.379310345,Re_741p379310,43.8372093,6.744186046511626,6.4999999996551745,0.4999999996551745,130
2905,741.379310345,Re_741p379310,44.1744186,6.744186046511626,6.549999999310347,0.549999999310347,131
2906,741.379310345,Re_741p379310,44.51162791,6.744186046511626,6.600000000448278,0.6000000004482784,132
2907,741.379310345,Re_741p379310,44.84883721,6.744186046511626,6.65000000010345,0.65000000010345,133
2908,741.379310345,Re_741p379310,45.18604651,6.744186046511626,6.699999999758623,0.6999999997586226,134
2909,741.379310345,Re_741p379310,45.52325581,6.744186046511626,6.749999999413796,0.749999999413796,135
2910,741.379310345,Re_741p379310,45.86046512,6.744186046511626,6.8000000005517265,0.8000000005517265,136
2911,741.379310345,Re_741p379310,46.19767442,6.744186046511626,6.850000000206899,0.850000000206899,137
2912,741.379310345,Re_741p379310,46.53488372,6.744186046511626,6.899999999862072,0.8999999998620716,138
2913,741.379310345,Re_741p379310,46.87209302,6.744186046511626,6.949999999517244,0.9499999995172441,139
2914,741.379310345,Re_741p379310,47.20930233,6.744186046511626,7.000000000655175,6.551745812544141e-10,140
2915,741.379310345,Re_741p379310,47.54651163,6.744186046511626,7.050000000310347,0.050000000310347126,141
2916,741.379310345,Re_741p379310,47.88372093,6.744186046511626,7.09999999996552,0.09999999996551967,142
2917,741.379310345,Re_741p379310,48.22093023,6.744186046511626,7.149999999620692,0.14999999962069221,143
2918,741.379310345,Re_741p379310,48.55813953,6.744186046511626,7.199999999275864,0.19999999927586387,144
2919,741.379310345,Re_741p379310,48.89534884,6.744186046511626,7.250000000413795,0.2500000004137952,145
2920,741.379310345,Re_741p379310,49.23255814,6.744186046511626,7.300000000068968,0.30000000006896776,146
2921,741.379310345,Re_741p379310,49.56976744,6.744186046511626,7.34999999972414,0.3499999997241403,147
2922,741.379310345,Re_741p379310,49.90697674,6.744186046511626,7.399999999379313,0.39999999937931285,148
2923,741.379310345,Re_741p379310,50.24418605,6.744186046511626,7.450000000517244,0.4500000005172442,149
2924,741.379310345,Re_741p379310,50.58139535,6.744186046511626,7.500000000172417,0.5000000001724167,150
2925,741.379310345,Re_741p379310,50.91860465,6.744186046511626,7.549999999827588,0.5499999998275884,151
2926,741.379310345,Re_741p379310,51.25581395,6.744186046511626,7.599999999482761,0.599999999482761,152
2927,741.379310345,Re_741p379310,51.59302326,6.744186046511626,7.650000000620692,0.6500000006206923,153
2928,741.379310345,Re_741p379310,51.93023256,6.744186046511626,7.700000000275865,0.7000000002758648,154
2929,741.379310345,Re_741p379310,52.26744186,6.744186046511626,7.7499999999310365,0.7499999999310365,155
2930,741.379310345,Re_741p379310,52.60465116,6.744186046511626,7.79999999958621,0.7999999995862099,156
2931,741.379310345,Re_741p379310,52.94186047,6.744186046511626,7.85000000072414,0.8500000007241404,157
2932,741.379310345,Re_741p379310,53.27906977,6.744186046511626,7.900000000379313,0.9000000003793129,158
2933,741.379310345,Re_741p379310,53.61627907,6.744186046511626,7.950000000034485,0.9500000000344846,159
2934,741.379310345,Re_741p379310,53.95348837,6.744186046511626,7.999999999689658,0.999999999689658,160
2935,741.379310345,Re_741p379310,54.29069767,6.744186046511626,8.04999999934483,0.04999999934483057,161
2936,741.379310345,Re_741p379310,54.62790698,6.744186046511626,8.100000000482762,0.10000000048276192,162
2937,741.379310345,Re_741p379310,54.96511628,6.744186046511626,8.150000000137933,0.1500000001379327,163
2938,741.379310345,Re_741p379310,55.30232558,6.744186046511626,8.199999999793107,0.199999999793107,164
2939,741.379310345,Re_741p379310,55.63953488,6.744186046511626,8.249999999448278,0.24999999944827778,165
2940,741.379310345,Re_741p379310,55.97674419,6.744186046511626,8.30000000058621,0.3000000005862091,166
2941,741.379310345,Re_741p379310,56.31395349,6.744186046511626,8.350000000241382,0.35000000024138167,167
2942,741.379310345,Re_741p379310,56.65116279,6.744186046511626,8.399999999896554,0.3999999998965542,168
2943,741.379310345,Re_741p379310,56.98837209,6.744186046511626,8.449999999551727,0.44999999955172676,169
2944,741.379310345,Re_741p379310,57.3255814,6.744186046511626,8.500000000689658,0.5000000006896581,170
2945,741.379310345,Re_741p379310,57.6627907,6.744186046511626,8.55000000034483,0.5500000003448307,171
2946,741.379310345,Re_741p379310,58.0,6.744186046511626,8.600000000000003,0.6000000000000032,172
2947,741.379310345,Re_741p379310,58.3372093,6.744186046511626,8.649999999655176,0.6499999996551757,173
2948,741.379310345,Re_741p379310,58.6744186,6.744186046511626,8.699999999310348,0.6999999993103483,174
2949,741.379310345,Re_741p379310,59.01162791,6.744186046511626,8.75000000044828,0.7500000004482796,175
2950,741.379310345,Re_741p379310,59.34883721,6.744186046511626,8.80000000010345,0.8000000001034504,176
2951,741.379310345,Re_741p379310,59.68604651,6.744186046511626,8.849999999758623,0.849999999758623,177
2952,741.379310345,Re_741p379310,60.02325581,6.744186046511626,8.899999999413795,0.8999999994137955,178
2953,741.379310345,Re_741p379310,60.36046512,6.744186046511626,8.950000000551727,0.9500000005517268,179
2954,741.379310345,Re_741p379310,60.69767442,6.744186046511626,9.0000000002069,2.0689938651230477e-10,180
2955,741.379310345,Re_741p379310,61.03488372,6.744186046511626,9.049999999862072,0.04999999986207193,181
2956,741.379310345,Re_741p379310,61.37209302,6.744186046511626,9.099999999517244,0.09999999951724448,182
2957,741.379310345,Re_741p379310,61.70930233,6.744186046511626,9.150000000655176,0.15000000065517582,183
2958,741.379310345,Re_741p379310,62.04651163,6.744186046511626,9.200000000310348,0.20000000031034837,184
2959,741.379310345,Re_741p379310,62.38372093,6.744186046511626,9.249999999965521,0.2499999999655209,185
2960,741.379310345,Re_741p379310,62.72093023,6.744186046511626,9.299999999620693,0.29999999962069346,186
2961,741.379310345,Re_741p379310,63.05813953,6.744186046511626,9.349999999275864,0.3499999992758642,187
2962,741.379310345,Re_741p379310,63.39534884,6.744186046511626,9.400000000413796,0.4000000004137956,188
2963,741.379310345,Re_741p379310,63.73255814,6.744186046511626,9.450000000068968,0.4500000000689681,189
2964,741.379310345,Re_741p379310,64.06976744,6.744186046511626,9.499999999724142,0.49999999972414244,190
2965,741.379310345,Re_741p379310,64.40697674,6.744186046511626,9.549999999379315,0.549999999379315,191
2966,741.379310345,Re_741p379310,64.74418605,6.744186046511626,9.600000000517245,0.6000000005172446,192
2967,741.379310345,Re_741p379310,65.08139535,6.744186046511626,9.650000000172415,0.6500000001724153,193
2968,741.379310345,Re_741p379310,65.41860465,6.744186046511626,9.69999999982759,0.6999999998275896,194
2969,741.379310345,Re_741p379310,65.75581395,6.744186046511626,9.749999999482762,0.7499999994827622,195
2970,741.379310345,Re_741p379310,66.09302326,6.744186046511626,9.800000000620692,0.8000000006206918,196
2971,741.379310345,Re_741p379310,66.43023256,6.744186046511626,9.850000000275864,0.8500000002758643,197
2972,741.379310345,Re_741p379310,66.76744186,6.744186046511626,9.899999999931039,0.8999999999310386,198
2973,741.379310345,Re_741p379310,67.10465116,6.744186046511626,9.949999999586211,0.9499999995862112,199
2974,741.379310345,Re_741p379310,67.44186047,6.744186046511626,10.00000000072414,7.241407473657091e-10,200
2975,741.379310345,Re_741p379310,67.77906977,6.744186046511626,10.050000000379315,0.05000000037931507,201
2976,741.379310345,Re_741p379310,68.11627907,6.744186046511626,10.100000000034488,0.10000000003448761,202
2977,741.379310345,Re_741p379310,68.45348837,6.744186046511626,10.149999999689658,0.14999999968965838,203
2978,741.379310345,Re_741p379310,68.79069767,6.744186046511626,10.199999999344831,0.19999999934483093,204
2979,741.379310345,Re_741p379310,69.12790698,6.744186046511626,10.250000000482762,0.2500000004827623,205
2980,741.379310345,Re_741p379310,69.46511628,6.744186046511626,10.300000000137935,0.3000000001379348,206
2981,741.379310345,Re_741p379310,69.80232558,6.744186046511626,10.349999999793107,0.34999999979310736,207
2982,741.379310345,Re_741p379310,70.13953488,6.744186046511626,10.39999999944828,0.3999999994482799,208
2983,741.379310345,Re_741p379310,70.47674419,6.744186046511626,10.450000000586211,0.45000000058621126,209
2984,741.379310345,Re_741p379310,70.81395349,6.744186046511626,10.500000000241384,0.5000000002413838,210
2985,741.379310345,Re_741p379310,71.15116279,6.744186046511626,10.549999999896555,0.5499999998965546,211
2986,741.379310345,Re_741p379310,71.48837209,6.744186046511626,10.599999999551727,0.5999999995517271,212
2987,741.379310345,Re_741p379310,71.8255814,6.744186046511626,10.650000000689658,0.6500000006896585,213
2988,741.379310345,Re_741p379310,72.1627907,6.744186046511626,10.700000000344831,0.700000000344831,214
2989,741.379310345,Re_741p379310,72.5,6.744186046511626,10.750000000000004,0.7500000000000036,215
2990,741.379310345,Re_741p379310,72.8372093,6.744186046511626,10.799999999655176,0.7999999996551761,216
2991,741.379310345,Re_741p379310,73.1744186,6.744186046511626,10.849999999310349,0.8499999993103486,217
2992,741.379310345,Re_741p379310,73.51162791,6.744186046511626,10.90000000044828,0.90000000044828,218
2993,741.379310345,Re_741p379310,73.84883721,6.744186046511626,10.950000000103453,0.9500000001034525,219
2994,741.379310345,Re_741p379310,74.18604651,6.744186046511626,10.999999999758623,0.9999999997586233,220
2995,741.379310345,Re_741p379310,74.52325581,6.744186046511626,11.049999999413796,0.04999999941379585,221
2996,741.379310345,Re_741p379310,74.86046512,6.744186046511626,11.100000000551727,0.1000000005517272,222
2997,741.379310345,Re_741p379310,75.19767442,6.744186046511626,11.1500000002069,0.15000000020689974,223
2998,741.379310345,Re_741p379310,75.53488372,6.744186046511626,11.199999999862072,0.1999999998620723,224
2999,741.379310345,Re_741p379310,75.87209302,6.744186046511626,11.249999999517245,0.24999999951724483,225
3000,741.379310345,Re_741p379310,76.20930233,6.744186046511626,11.300000000655176,0.3000000006551762,226
3001,741.379310345,Re_741p379310,76.54651163,6.744186046511626,11.350000000310349,0.3500000003103487,227
3002,741.379310345,Re_741p379310,76.88372093,6.744186046511626,11.39999999996552,0.3999999999655195,228
3003,741.379310345,Re_741p379310,77.22093023,6.744186046511626,11.449999999620692,0.44999999962069204,229
3004,741.379310345,Re_741p379310,77.55813953,6.744186046511626,11.499999999275866,0.49999999927586636,230
3005,741.379310345,Re_741p379310,77.89534884,6.744186046511626,11.550000000413796,0.5500000004137959,231
3006,741.379310345,Re_741p379310,78.23255814,6.744186046511626,11.600000000068968,0.6000000000689685,232
3007,741.379310345,Re_741p379310,78.56976744,6.744186046511626,11.649999999724143,0.6499999997241428,233
3008,741.379310345,Re_741p379310,78.90697674,6.744186046511626,11.699999999379315,0.6999999993793153,234
3009,741.379310345,Re_741p379310,79.24418605,6.744186046511626,11.750000000517245,0.7500000005172449,235
3010,741.379310345,Re_741p379310,79.58139535,6.744186046511626,11.800000000172417,0.8000000001724175,236
3011,741.379310345,Re_741p379310,79.91860465,6.744186046511626,11.849999999827592,0.8499999998275918,237
3012,741.379310345,Re_741p379310,80.25581395,6.744186046511626,11.899999999482763,0.8999999994827625,238
3013,741.379310345,Re_741p379310,80.59302326,6.744186046511626,11.950000000620692,0.9500000006206921,239
3014,741.379310345,Re_741p379310,80.93023256,6.744186046511626,12.000000000275865,2.758646644451801e-10,240
3015,758.620689655,Re_758p620690,13.18181818,6.59090909090909,1.9999999997241382,0.9999999997241382,40
3016,758.620689655,Re_758p620690,13.51136364,6.59090909090909,2.0500000005517247,0.05000000055172471,41
3017,758.620689655,Re_758p620690,13.84090909,6.59090909090909,2.0999999998620695,0.09999999986206953,42
3018,758.620689655,Re_758p620690,14.17045455,6.59090909090909,2.1500000006896554,0.15000000068965536,43
3019,758.620689655,Re_758p620690,14.5,6.59090909090909,2.2,0.20000000000000018,44
3020,758.620689655,Re_758p620690,14.82954545,6.59090909090909,2.249999999310345,0.249999999310345,45
3021,758.620689655,Re_758p620690,15.15909091,6.59090909090909,2.3000000001379313,0.30000000013793127,46
3022,758.620689655,Re_758p620690,15.48863636,6.59090909090909,2.349999999448276,0.3499999994482761,47
3023,758.620689655,Re_758p620690,15.81818182,6.59090909090909,2.4000000002758624,0.40000000027586236,48
3024,758.620689655,Re_758p620690,16.14772727,6.59090909090909,2.449999999586207,0.4499999995862072,49
3025,758.620689655,Re_758p620690,16.47727273,6.59090909090909,2.5000000004137934,0.5000000004137934,50
3026,758.620689655,Re_758p620690,16.80681818,6.59090909090909,2.5499999997241383,0.5499999997241383,51
3027,758.620689655,Re_758p620690,17.13636364,6.59090909090909,2.6000000005517245,0.6000000005517245,52
3028,758.620689655,Re_758p620690,17.46590909,6.59090909090909,2.6499999998620694,0.6499999998620694,53
3029,758.620689655,Re_758p620690,17.79545455,6.59090909090909,2.700000000689655,0.7000000006896552,54
3030,758.620689655,Re_758p620690,18.125,6.59090909090909,2.7500000000000004,0.7500000000000004,55
3031,758.620689655,Re_758p620690,18.45454545,6.59090909090909,2.7999999993103453,0.7999999993103453,56
3032,758.620689655,Re_758p620690,18.78409091,6.59090909090909,2.8500000001379315,0.8500000001379315,57
3033,758.620689655,Re_758p620690,19.11363636,6.59090909090909,2.8999999994482764,0.8999999994482764,58
3034,758.620689655,Re_758p620690,19.44318182,6.59090909090909,2.9500000002758626,0.9500000002758626,59
3035,758.620689655,Re_758p620690,19.77272727,6.59090909090909,2.9999999995862074,0.9999999995862074,60
3036,758.620689655,Re_758p620690,20.10227273,6.59090909090909,3.0500000004137933,0.050000000413793266,61
3037,758.620689655,Re_758p620690,20.43181818,6.59090909090909,3.0999999997241385,0.09999999972413853,62
3038,758.620689655,Re_758p620690,20.76136364,6.59090909090909,3.1500000005517244,0.15000000055172436,63
3039,758.620689655,Re_758p620690,21.09090909,6.59090909090909,3.1999999998620696,0.19999999986206962,64
3040,758.620689655,Re_758p620690,21.42045455,6.59090909090909,3.2500000006896554,0.25000000068965544,65
3041,758.620689655,Re_758p620690,21.75,6.59090909090909,3.3000000000000003,0.30000000000000027,66
3042,758.620689655,Re_758p620690,22.07954545,6.59090909090909,3.3499999993103455,0.34999999931034553,67
3043,758.620689655,Re_758p620690,22.40909091,6.59090909090909,3.4000000001379314,0.40000000013793136,68
3044,758.620689655,Re_758p620690,22.73863636,6.59090909090909,3.4499999994482766,0.4499999994482766,69
3045,758.620689655,Re_758p620690,23.06818182,6.59090909090909,3.5000000002758624,0.5000000002758624,70
3046,758.620689655,Re_758p620690,23.39772727,6.59090909090909,3.5499999995862077,0.5499999995862077,71
3047,758.620689655,Re_758p620690,23.72727273,6.59090909090909,3.6000000004137935,0.6000000004137935,72
3048,758.620689655,Re_758p620690,24.05681818,6.59090909090909,3.6499999997241384,0.6499999997241384,73
3049,758.620689655,Re_758p620690,24.38636364,6.59090909090909,3.7000000005517246,0.7000000005517246,74
3050,758.620689655,Re_758p620690,24.71590909,6.59090909090909,3.7499999998620694,0.7499999998620694,75
3051,758.620689655,Re_758p620690,25.04545455,6.59090909090909,3.8000000006896557,0.8000000006896557,76
3052,758.620689655,Re_758p620690,25.375,6.59090909090909,3.8500000000000005,0.8500000000000005,77
3053,758.620689655,Re_758p620690,25.70454545,6.59090909090909,3.899999999310346,0.8999999993103458,78
3054,758.620689655,Re_758p620690,26.03409091,6.59090909090909,3.9500000001379316,0.9500000001379316,79
3055,758.620689655,Re_758p620690,26.36363636,6.59090909090909,3.9999999994482764,0.9999999994482764,80
3056,758.620689655,Re_758p620690,26.69318182,6.59090909090909,4.050000000275863,0.05000000027586271,81
3057,758.620689655,Re_758p620690,27.02272727,6.59090909090909,4.099999999586208,0.09999999958620798,82
3058,758.620689655,Re_758p620690,27.35227273,6.59090909090909,4.150000000413794,0.1500000004137938,83
3059,758.620689655,Re_758p620690,27.68181818,6.59090909090909,4.199999999724139,0.19999999972413907,84
3060,758.620689655,Re_758p620690,28.01136364,6.59090909090909,4.250000000551725,0.2500000005517249,85
3061,758.620689655,Re_758p620690,28.34090909,6.59090909090909,4.299999999862069,0.29999999986206927,86
3062,758.620689655,Re_758p620690,28.67045455,6.59090909090909,4.350000000689656,0.350000000689656,87
3063,758.620689655,Re_758p620690,29.0,6.59090909090909,4.4,0.40000000000000036,88
3064,758.620689655,Re_758p620690,29.32954545,6.59090909090909,4.449999999310346,0.4499999993103456,89
3065,758.620689655,Re_758p620690,29.65909091,6.59090909090909,4.500000000137931,0.5000000001379314,90
3066,758.620689655,Re_758p620690,29.98863636,6.59090909090909,4.549999999448277,0.5499999994482767,91
3067,758.620689655,Re_758p620690,30.31818182,6.59090909090909,4.6000000002758625,0.6000000002758625,92
3068,758.620689655,Re_758p620690,30.64772727,6.59090909090909,4.649999999586208,0.6499999995862078,93
3069,758.620689655,Re_758p620690,30.97727273,6.59090909090909,4.700000000413794,0.7000000004137936,94
3070,758.620689655,Re_758p620690,31.30681818,6.59090909090909,4.749999999724139,0.7499999997241389,95
3071,758.620689655,Re_758p620690,31.63636364,6.59090909090909,4.800000000551725,0.8000000005517247,96
3072,758.620689655,Re_758p620690,31.96590909,6.59090909090909,4.84999999986207,0.84999999986207,97
3073,758.620689655,Re_758p620690,32.29545455,6.59090909090909,4.900000000689657,0.9000000006896567,98
3074,758.620689655,Re_758p620690,32.625,6.59090909090909,4.950000000000001,0.9500000000000011,99
3075,758.620689655,Re_758p620690,32.95454545,6.59090909090909,4.9999999993103454,0.9999999993103454,100
3076,758.620689655,Re_758p620690,33.28409091,6.59090909090909,5.050000000137932,0.050000000137932155,101
3077,758.620689655,Re_758p620690,33.61363636,6.59090909090909,5.0999999994482765,0.09999999944827653,102
3078,758.620689655,Re_758p620690,33.94318182,6.59090909090909,5.150000000275862,0.15000000027586236,103
3079,758.620689655,Re_758p620690,34.27272727,6.59090909090909,5.199999999586208,0.19999999958620762,104
3080,758.620689655,Re_758p620690,34.60227273,6.59090909090909,5.250000000413794,0.25000000041379433,105
3081,758.620689655,Re_758p620690,34.93181818,6.59090909090909,5.299999999724139,0.2999999997241387,106
3082,758.620689655,Re_758p620690,35.26136364,6.59090909090909,5.3500000005517245,0.35000000055172453,107
3083,758.620689655,Re_758p620690,35.59090909,6.59090909090909,5.399999999862069,0.3999999998620689,108
3084,758.620689655,Re_758p620690,35.92045455,6.59090909090909,5.4500000006896565,0.4500000006896565,109
3085,758.620689655,Re_758p620690,36.25,6.59090909090909,5.500000000000001,0.5000000000000009,110
3086,758.620689655,Re_758p620690,36.57954545,6.59090909090909,5.549999999310345,0.5499999993103453,111
3087,758.620689655,Re_758p620690,36.90909091,6.59090909090909,5.600000000137932,0.600000000137932,112
3088,758.620689655,Re_758p620690,37.23863636,6.59090909090909,5.649999999448277,0.6499999994482772,113
3089,758.620689655,Re_758p620690,37.56818182,6.59090909090909,5.700000000275863,0.7000000002758631,114
3090,758.620689655,Re_758p620690,37.89772727,6.59090909090909,5.7499999995862074,0.7499999995862074,115
3091,758.620689655,Re_758p620690,38.22727273,6.59090909090909,5.800000000413794,0.8000000004137942,116
3092,758.620689655,Re_758p620690,38.55681818,6.59090909090909,5.8499999997241385,0.8499999997241385,117
3093,758.620689655,Re_758p620690,38.88636364,6.59090909090909,5.900000000551725,0.9000000005517252,118
3094,758.620689655,Re_758p620690,39.21590909,6.59090909090909,5.94999999986207,0.9499999998620696,119
3095,758.620689655,Re_758p620690,39.54545455,6.59090909090909,6.000000000689656,6.89656332042432e-10,120
3096,758.620689655,Re_758p620690,39.875,6.59090909090909,6.050000000000001,0.05000000000000071,121
3097,758.620689655,Re_758p620690,40.20454545,6.59090909090909,6.099999999310345,0.09999999931034509,122
3098,758.620689655,Re_758p620690,40.53409091,6.59090909090909,6.150000000137933,0.1500000001379327,123
3099,758.620689655,Re_758p620690,40.86363636,6.59090909090909,6.199999999448277,0.19999999944827707,124
3100,758.620689655,Re_758p620690,41.19318182,6.59090909090909,6.250000000275863,0.2500000002758629,125
3101,758.620689655,Re_758p620690,41.52272727,6.59090909090909,6.299999999586207,0.29999999958620727,126
3102,758.620689655,Re_758p620690,41.85227273,6.59090909090909,6.350000000413795,0.35000000041379487,127
3103,758.620689655,Re_758p620690,42.18181818,6.59090909090909,6.399999999724139,0.39999999972413924,128
3104,758.620689655,Re_758p620690,42.51136364,6.59090909090909,6.450000000551725,0.45000000055172507,129
3105,758.620689655,Re_758p620690,42.84090909,6.59090909090909,6.4999999998620694,0.49999999986206944,130
3106,758.620689655,Re_758p620690,43.17045455,6.59090909090909,6.550000000689656,0.5500000006896562,131
3107,758.620689655,Re_758p620690,43.5,6.59090909090909,6.6000000000000005,0.6000000000000005,132
3108,758.620689655,Re_758p620690,43.82954545,6.59090909090909,6.649999999310346,0.6499999993103458,133
3109,758.620689655,Re_758p620690,44.15909091,6.59090909090909,6.7000000001379325,0.7000000001379325,134
3110,758.620689655,Re_758p620690,44.48863636,6.59090909090909,6.749999999448277,0.7499999994482769,135
3111,758.620689655,Re_758p620690,44.81818182,6.59090909090909,6.800000000275863,0.8000000002758627,136
3112,758.620689655,Re_758p620690,45.14772727,6.59090909090909,6.849999999586207,0.8499999995862071,137
3113,758.620689655,Re_758p620690,45.47727273,6.59090909090909,6.900000000413795,0.9000000004137947,138
3114,758.620689655,Re_758p620690,45.80681818,6.59090909090909,6.949999999724139,0.9499999997241391,139
3115,758.620689655,Re_758p620690,46.13636364,6.59090909090909,7.000000000551725,5.517248879982617e-10,140
3116,758.620689655,Re_758p620690,46.46590909,6.59090909090909,7.049999999862069,0.049999999862069266,141
3117,758.620689655,Re_758p620690,46.79545455,6.59090909090909,7.100000000689657,0.10000000068965686,142
3118,758.620689655,Re_758p620690,47.125,6.59090909090909,7.150000000000001,0.15000000000000124,143
3119,758.620689655,Re_758p620690,47.45454545,6.59090909090909,7.199999999310346,0.19999999931034562,144
3120,758.620689655,Re_758p620690,47.78409091,6.59090909090909,7.250000000137932,0.25000000013793233,145
3121,758.620689655,Re_758p620690,48.11363636,6.59090909090909,7.299999999448277,0.2999999994482767,146
3122,758.620689655,Re_758p620690,48.44318182,6.59090909090909,7.350000000275863,0.3500000002758634,147
3123,758.620689655,Re_758p620690,48.77272727,6.59090909090909,7.399999999586208,0.3999999995862078,148
3124,758.620689655,Re_758p620690,49.10227273,6.59090909090909,7.4500000004137945,0.4500000004137945,149
3125,758.620689655,Re_758p620690,49.43181818,6.59090909090909,7.499999999724139,0.4999999997241389,150
3126,758.620689655,Re_758p620690,49.76136364,6.59090909090909,7.550000000551725,0.5500000005517247,151
3127,758.620689655,Re_758p620690,50.09090909,6.59090909090909,7.59999999986207,0.59999999986207,152
3128,758.620689655,Re_758p620690,50.42045455,6.59090909090909,7.650000000689657,0.6500000006896567,153
3129,758.620689655,Re_758p620690,50.75,6.59090909090909,7.700000000000001,0.7000000000000011,154
3130,758.620689655,Re_758p620690,51.07954545,6.59090909090909,7.7499999993103454,0.7499999993103454,155
3131,758.620689655,Re_758p620690,51.40909091,6.59090909090909,7.800000000137933,0.800000000137933,156
3132,758.620689655,Re_758p620690,51.73863636,6.59090909090909,7.849999999448277,0.8499999994482774,157
3133,758.620689655,Re_758p620690,52.06818182,6.59090909090909,7.900000000275863,0.9000000002758632,158
3134,758.620689655,Re_758p620690,52.39772727,6.59090909090909,7.949999999586208,0.9499999995862076,159
3135,758.620689655,Re_758p620690,52.72727273,6.59090909090909,8.000000000413795,4.1379522031093074e-10,160
3136,758.620689655,Re_758p620690,53.05681818,6.59090909090909,8.04999999972414,0.0499999997241396,161
3137,758.620689655,Re_758p620690,53.38636364,6.59090909090909,8.100000000551725,0.10000000055172542,162
3138,758.620689655,Re_758p620690,53.71590909,6.59090909090909,8.14999999986207,0.1499999998620698,163
3139,758.620689655,Re_758p620690,54.04545455,6.59090909090909,8.200000000689657,0.2000000006896574,164
3140,758.620689655,Re_758p620690,54.375,6.59090909090909,8.250000000000002,0.2500000000000018,165
3141,758.620689655,Re_758p620690,54.70454545,6.59090909090909,8.299999999310346,0.29999999931034615,166
3142,758.620689655,Re_758p620690,55.03409091,6.59090909090909,8.350000000137932,0.350000000137932,167
3143,758.620689655,Re_758p620690,55.36363636,6.59090909090909,8.399999999448278,0.39999999944827813,168
3144,758.620689655,Re_758p620690,55.69318182,6.59090909090909,8.450000000275864,0.45000000027586395,169
3145,758.620689655,Re_758p620690,56.02272727,6.59090909090909,8.499999999586208,0.49999999958620833,170
3146,758.620689655,Re_758p620690,56.35227273,6.59090909090909,8.550000000413794,0.5500000004137942,171
3147,758.620689655,Re_758p620690,56.68181818,6.59090909090909,8.599999999724139,0.5999999997241385,172
3148,758.620689655,Re_758p620690,57.01136364,6.59090909090909,8.650000000551726,0.6500000005517261,173
3149,758.620689655,Re_758p620690,57.34090909,6.59090909090909,8.69999999986207,0.6999999998620705,174
3150,758.620689655,Re_758p620690,57.67045455,6.59090909090909,8.750000000689656,0.7500000006896563,175
3151,758.620689655,Re_758p620690,58.0,6.59090909090909,8.8,0.8000000000000007,176
3152,758.620689655,Re_758p620690,58.32954545,6.59090909090909,8.849999999310345,0.8499999993103451,177
3153,758.620689655,Re_758p620690,58.65909091,6.59090909090909,8.900000000137933,0.9000000001379327,178
3154,758.620689655,Re_758p620690,58.98863636,6.59090909090909,8.949999999448277,0.9499999994482771,179
3155,758.620689655,Re_758p620690,59.31818182,6.59090909090909,9.000000000275863,2.758628880883407e-10,180
3156,758.620689655,Re_758p620690,59.64772727,6.59090909090909,9.049999999586207,0.04999999958620727,181
3157,758.620689655,Re_758p620690,59.97727273,6.59090909090909,9.100000000413795,0.10000000041379487,182
3158,758.620689655,Re_758p620690,60.30681818,6.59090909090909,9.14999999972414,0.14999999972413924,183
3159,758.620689655,Re_758p620690,60.63636364,6.59090909090909,9.200000000551725,0.20000000055172507,184
3160,758.620689655,Re_758p620690,60.96590909,6.59090909090909,9.24999999986207,0.24999999986206944,185
3161,758.620689655,Re_758p620690,61.29545455,6.59090909090909,9.300000000689657,0.30000000068965704,186
3162,758.620689655,Re_758p620690,61.625,6.59090909090909,9.350000000000001,0.3500000000000014,187
3163,758.620689655,Re_758p620690,61.95454545,6.59090909090909,9.399999999310346,0.3999999993103458,188
3164,758.620689655,Re_758p620690,62.28409091,6.59090909090909,9.450000000137933,0.4500000001379334,189
3165,758.620689655,Re_758p620690,62.61363636,6.59090909090909,9.499999999448278,0.4999999994482778,190
3166,758.620689655,Re_758p620690,62.94318182,6.59090909090909,9.550000000275864,0.5500000002758636,191
3167,758.620689655,Re_758p620690,63.27272727,6.59090909090909,9.599999999586208,0.599999999586208,192
3168,758.620689655,Re_758p620690,63.60227273,6.59090909090909,9.650000000413796,0.6500000004137956,193
3169,758.620689655,Re_758p620690,63.93181818,6.59090909090909,9.69999999972414,0.69999999972414,194
3170,758.620689655,Re_758p620690,64.26136364,6.59090909090909,9.750000000551726,0.7500000005517258,195
3171,758.620689655,Re_758p620690,64.59090909,6.59090909090909,9.79999999986207,0.7999999998620702,196
3172,758.620689655,Re_758p620690,64.92045455,6.59090909090909,9.850000000689658,0.8500000006896578,197
3173,758.620689655,Re_758p620690,65.25,6.59090909090909,9.900000000000002,0.9000000000000021,198
3174,758.620689655,Re_758p620690,65.57954545,6.59090909090909,9.949999999310347,0.9499999993103465,199
3175,758.620689655,Re_758p620690,65.90909091,6.59090909090909,10.000000000137932,1.3793233222259005e-10,200
3176,758.620689655,Re_758p620690,66.23863636,6.59090909090909,10.049999999448277,0.04999999944827671,201
3177,758.620689655,Re_758p620690,66.56818182,6.59090909090909,10.100000000275864,0.10000000027586431,202
3178,758.620689655,Re_758p620690,66.89772727,6.59090909090909,10.149999999586209,0.1499999995862087,203
3179,758.620689655,Re_758p620690,67.22727273,6.59090909090909,10.200000000413795,0.2000000004137945,204
3180,758.620689655,Re_758p620690,67.55681818,6.59090909090909,10.249999999724139,0.2499999997241389,205
3181,758.620689655,Re_758p620690,67.88636364,6.59090909090909,10.300000000551725,0.3000000005517247,206
3182,758.620689655,Re_758p620690,68.21590909,6.59090909090909,10.34999999986207,0.34999999986207087,207
3183,758.620689655,Re_758p620690,68.54545455,6.59090909090909,10.400000000689657,0.4000000006896567,208
3184,758.620689655,Re_758p620690,68.875,6.59090909090909,10.450000000000001,0.45000000000000107,209
3185,758.620689655,Re_758p620690,69.20454545,6.59090909090909,10.499999999310345,0.49999999931034544,210
3186,758.620689655,Re_758p620690,69.53409091,6.59090909090909,10.550000000137933,0.550000000137933,211
3187,758.620689655,Re_758p620690,69.86363636,6.59090909090909,10.599999999448277,0.5999999994482774,212
3188,758.620689655,Re_758p620690,70.19318182,6.59090909090909,10.650000000275865,0.650000000275865,213
3189,758.620689655,Re_758p620690,70.52272727,6.59090909090909,10.69999999958621,0.6999999995862094,214
3190,758.620689655,Re_758p620690,70.85227273,6.59090909090909,10.750000000413793,0.7500000004137934,215
3191,758.620689655,Re_758p620690,71.18181818,6.59090909090909,10.799999999724138,0.7999999997241378,216
3192,758.620689655,Re_758p620690,71.51136364,6.59090909090909,10.850000000551725,0.8500000005517254,217
3193,758.620689655,Re_758p620690,71.84090909,6.59090909090909,10.89999999986207,0.8999999998620698,218
3194,758.620689655,Re_758p620690,72.17045455,6.59090909090909,10.950000000689657,0.9500000006896574,219
3195,758.620689655,Re_758p620690,72.5,6.59090909090909,11.000000000000002,1.7763568394002505e-15,220
3196,758.620689655,Re_758p620690,72.82954545,6.59090909090909,11.049999999310346,0.049999999310346155,221
3197,758.620689655,Re_758p620690,73.15909091,6.59090909090909,11.100000000137934,0.10000000013793375,222
3198,758.620689655,Re_758p620690,73.48863636,6.59090909090909,11.149999999448278,0.14999999944827813,223
3199,758.620689655,Re_758p620690,73.81818182,6.59090909090909,11.200000000275864,0.20000000027586395,224
3200,758.620689655,Re_758p620690,74.14772727,6.59090909090909,11.249999999586208,0.24999999958620833,225
3201,758.620689655,Re_758p620690,74.47727273,6.59090909090909,11.300000000413794,0.30000000041379415,226
3202,758.620689655,Re_758p620690,74.80681818,6.59090909090909,11.349999999724139,0.34999999972413853,227
3203,758.620689655,Re_758p620690,75.13636364,6.59090909090909,11.400000000551726,0.40000000055172613,228
3204,758.620689655,Re_758p620690,75.46590909,6.59090909090909,11.44999999986207,0.4499999998620705,229
3205,758.620689655,Re_758p620690,75.79545455,6.59090909090909,11.500000000689656,0.5000000006896563,230
3206,758.620689655,Re_758p620690,76.125,6.59090909090909,11.550000000000002,0.5500000000000025,231
3207,758.620689655,Re_758p620690,76.45454545,6.59090909090909,11.599999999310347,0.5999999993103469,232
3208,758.620689655,Re_758p620690,76.78409091,6.59090909090909,11.650000000137933,0.6500000001379327,233
3209,758.620689655,Re_758p620690,77.11363636,6.59090909090909,11.699999999448277,0.6999999994482771,234
3210,758.620689655,Re_758p620690,77.44318182,6.59090909090909,11.750000000275865,0.7500000002758647,235
3211,758.620689655,Re_758p620690,77.77272727,6.59090909090909,11.799999999586209,0.799999999586209,236
3212,758.620689655,Re_758p620690,78.10227273,6.59090909090909,11.850000000413795,0.8500000004137949,237
3213,758.620689655,Re_758p620690,78.43181818,6.59090909090909,11.89999999972414,0.8999999997241392,238
3214,758.620689655,Re_758p620690,78.76136364,6.59090909090909,11.950000000551725,0.9500000005517251,239
3215,758.620689655,Re_758p620690,79.09090909,6.59090909090909,11.99999999986207,0.9999999998620694,240
3216,775.862068966,Re_775p862069,12.88888889,6.444444444444445,2.0000000001724136,1.7241363892139816e-10,40
3217,775.862068966,Re_775p862069,13.21111111,6.444444444444445,2.049999999827586,0.04999999982758618,41
3218,775.862068966,Re_775p862069,13.53333333,6.444444444444445,2.0999999994827583,0.09999999948275828,42
3219,775.862068966,Re_775p862069,13.85555556,6.444444444444445,2.1500000006896554,0.15000000068965536,43
3220,775.862068966,Re_775p862069,14.17777778,6.444444444444445,2.2000000003448275,0.20000000034482746,44
3221,775.862068966,Re_775p862069,14.5,6.444444444444445,2.25,0.25,45
3222,775.862068966,Re_775p862069,14.82222222,6.444444444444445,2.2999999996551725,0.29999999965517254,46
3223,775.862068966,Re_775p862069,15.14444444,6.444444444444445,2.3499999993103446,0.34999999931034464,47
3224,775.862068966,Re_775p862069,15.46666667,6.444444444444445,2.4000000005172413,0.40000000051724127,48
3225,775.862068966,Re_775p862069,15.78888889,6.444444444444445,2.450000000172414,0.4500000001724138,49
3226,775.862068966,Re_775p862069,16.11111111,6.444444444444445,2.499999999827586,0.4999999998275859,50
3227,775.862068966,Re_775p862069,16.43333333,6.444444444444445,2.5499999994827585,0.5499999994827585,51
3228,775.862068966,Re_775p862069,16.75555556,6.444444444444445,2.600000000689655,0.6000000006896551,52
3229,775.862068966,Re_775p862069,17.07777778,6.444444444444445,2.6500000003448276,0.6500000003448276,53
3230,775.862068966,Re_775p862069,17.4,6.444444444444445,2.6999999999999997,0.6999999999999997,54
3231,775.862068966,Re_775p862069,17.72222222,6.444444444444445,2.7499999996551723,0.7499999996551723,55
3232,775.862068966,Re_775p862069,18.04444444,6.444444444444445,2.799999999310345,0.7999999993103448,56
3233,775.862068966,Re_775p862069,18.36666667,6.444444444444445,2.8500000005172414,0.8500000005172414,57
3234,775.862068966,Re_775p862069,18.68888889,6.444444444444445,2.900000000172414,0.900000000172414,58
3235,775.862068966,Re_775p862069,19.01111111,6.444444444444445,2.9499999998275865,0.9499999998275865,59
3236,775.862068966,Re_775p862069,19.33333333,6.444444444444445,2.999999999482758,0.9999999994827582,60
3237,775.862068966,Re_775p862069,19.65555556,6.444444444444445,3.0500000006896553,0.050000000689655266,61
3238,775.862068966,Re_775p862069,19.97777778,6.444444444444445,3.1000000003448274,0.10000000034482737,62
3239,775.862068966,Re_775p862069,20.3,6.444444444444445,3.15,0.1499999999999999,63
3240,775.862068966,Re_775p862069,20.62222222,6.444444444444445,3.1999999996551725,0.19999999965517246,64
3241,775.862068966,Re_775p862069,20.94444444,6.444444444444445,3.249999999310345,0.249999999310345,65
3242,775.862068966,Re_775p862069,21.26666667,6.444444444444445,3.300000000517241,0.3000000005172412,66
3243,775.862068966,Re_775p862069,21.58888889,6.444444444444445,3.3500000001724137,0.3500000001724137,67
3244,775.862068966,Re_775p862069,21.91111111,6.444444444444445,3.3999999998275863,0.3999999998275863,68
3245,775.862068966,Re_775p862069,22.23333333,6.444444444444445,3.449999999482759,0.4499999994827588,69
3246,775.862068966,Re_775p862069,22.55555556,6.444444444444445,3.500000000689655,0.500000000689655,70
3247,775.862068966,Re_775p862069,22.87777778,6.444444444444445,3.550000000344827,0.5500000003448271,71
3248,775.862068966,Re_775p862069,23.2,6.444444444444445,3.5999999999999996,0.5999999999999996,72
3249,775.862068966,Re_775p862069,23.52222222,6.444444444444445,3.649999999655172,0.6499999996551722,73
3250,775.862068966,Re_775p862069,23.84444444,6.444444444444445,3.6999999993103447,0.6999999993103447,74
3251,775.862068966,Re_775p862069,24.16666667,6.444444444444445,3.7500000005172414,0.7500000005172414,75
3252,775.862068966,Re_775p862069,24.48888889,6.444444444444445,3.8000000001724135,0.8000000001724135,76
3253,775.862068966,Re_775p862069,24.81111111,6.444444444444445,3.849999999827586,0.849999999827586,77
3254,775.862068966,Re_775p862069,25.13333333,6.444444444444445,3.8999999994827586,0.8999999994827586,78
3255,775.862068966,Re_775p862069,25.45555556,6.444444444444445,3.950000000689655,0.9500000006896552,79
3256,775.862068966,Re_775p862069,25.77777778,6.444444444444445,4.000000000344827,3.448272778427963e-10,80
3257,775.862068966,Re_775p862069,26.1,6.444444444444445,4.05,0.04999999999999982,81
3258,775.862068966,Re_775p862069,26.42222222,6.444444444444445,4.099999999655172,0.09999999965517237,82
3259,775.862068966,Re_775p862069,26.74444444,6.444444444444445,4.149999999310345,0.1499999993103449,83
3260,775.862068966,Re_775p862069,27.06666667,6.444444444444445,4.2000000005172415,0.20000000051724154,84
3261,775.862068966,Re_775p862069,27.38888889,6.444444444444445,4.250000000172414,0.2500000001724141,85
3262,775.862068966,Re_775p862069,27.71111111,6.444444444444445,4.299999999827587,0.2999999998275866,86
3263,775.862068966,Re_775p862069,28.03333333,6.444444444444445,4.349999999482758,0.3499999994827583,87
3264,775.862068966,Re_775p862069,28.35555556,6.444444444444445,4.400000000689655,0.4000000006896549,88
3265,775.862068966,Re_775p862069,28.67777778,6.444444444444445,4.4500000003448275,0.45000000034482746,89
3266,775.862068966,Re_775p862069,29.0,6.444444444444445,4.5,0.5,90
3267,775.862068966,Re_775p862069,29.32222222,6.444444444444445,4.5499999996551725,0.5499999996551725,91
3268,775.862068966,Re_775p862069,29.64444444,6.444444444444445,4.599999999310345,0.5999999993103451,92
3269,775.862068966,Re_775p862069,29.96666667,6.444444444444445,4.650000000517241,0.6500000005172408,93
3270,775.862068966,Re_775p862069,30.28888889,6.444444444444445,4.700000000172413,0.7000000001724134,94
3271,775.862068966,Re_775p862069,30.61111111,6.444444444444445,4.749999999827586,0.7499999998275859,95
3272,775.862068966,Re_775p862069,30.93333333,6.444444444444445,4.7999999994827585,0.7999999994827585,96
3273,775.862068966,Re_775p862069,31.25555556,6.444444444444445,4.850000000689655,0.8500000006896551,97
3274,775.862068966,Re_775p862069,31.57777778,6.444444444444445,4.900000000344828,0.9000000003448276,98
3275,775.862068966,Re_775p862069,31.9,6.444444444444445,4.949999999999999,0.9499999999999993,99
3276,775.862068966,Re_775p862069,32.22222222,6.444444444444445,4.999999999655172,0.9999999996551718,100
3277,775.862068966,Re_775p862069,32.54444444,6.444444444444445,5.049999999310344,0.04999999931034438,101
3278,775.862068966,Re_775p862069,32.86666667,6.444444444444445,5.100000000517241,0.100000000517241,102
3279,775.862068966,Re_775p862069,33.18888889,6.444444444444445,5.1500000001724136,0.15000000017241355,103
3280,775.862068966,Re_775p862069,33.51111111,6.444444444444445,5.199999999827586,0.1999999998275861,104
3281,775.862068966,Re_775p862069,33.83333333,6.444444444444445,5.249999999482759,0.24999999948275864,105
3282,775.862068966,Re_775p862069,34.15555556,6.444444444444445,5.300000000689655,0.30000000068965527,106
3283,775.862068966,Re_775p862069,34.47777778,6.444444444444445,5.350000000344827,0.3500000003448269,107
3284,775.862068966,Re_775p862069,34.8,6.444444444444445,5.3999999999999995,0.39999999999999947,108
3285,775.862068966,Re_775p862069,35.12222222,6.444444444444445,5.449999999655172,0.449999999655172,109
3286,775.862068966,Re_775p862069,35.44444444,6.444444444444445,5.499999999310345,0.49999999931034456,110
3287,775.862068966,Re_775p862069,35.76666667,6.444444444444445,5.550000000517241,0.5500000005172412,111
3288,775.862068966,Re_775p862069,36.08888889,6.444444444444445,5.600000000172414,0.6000000001724137,112
3289,775.862068966,Re_775p862069,36.41111111,6.444444444444445,5.649999999827586,0.6499999998275863,113
3290,775.862068966,Re_775p862069,36.73333333,6.444444444444445,5.699999999482759,0.6999999994827588,114
3291,775.862068966,Re_775p862069,37.05555556,6.444444444444445,5.750000000689655,0.7500000006896554,115
3292,775.862068966,Re_775p862069,37.37777778,6.444444444444445,5.800000000344828,0.800000000344828,116
3293,775.862068966,Re_775p862069,37.7,6.444444444444445,5.8500000000000005,0.8500000000000005,117
3294,775.862068966,Re_775p862069,38.02222222,6.444444444444445,5.899999999655173,0.8999999996551731,118
3295,775.862068966,Re_775p862069,38.34444444,6.444444444444445,5.949999999310344,0.9499999993103438,119
3296,775.862068966,Re_775p862069,38.66666667,6.444444444444445,6.0000000005172405,5.172404726749846e-10,120
3297,775.862068966,Re_775p862069,38.98888889,6.444444444444445,6.050000000172413,0.05000000017241302,121
3298,775.862068966,Re_775p862069,39.31111111,6.444444444444445,6.099999999827586,0.09999999982758556,122
3299,775.862068966,Re_775p862069,39.63333333,6.444444444444445,6.149999999482758,0.1499999994827581,123
3300,775.862068966,Re_775p862069,39.95555556,6.444444444444445,6.200000000689655,0.20000000068965473,124
3301,775.862068966,Re_775p862069,40.27777778,6.444444444444445,6.250000000344827,0.2500000003448273,125
3302,775.862068966,Re_775p862069,40.6,6.444444444444445,6.3,0.2999999999999998,126
3303,775.862068966,Re_775p862069,40.92222222,6.444444444444445,6.349999999655172,0.34999999965517237,127
3304,775.862068966,Re_775p862069,41.24444444,6.444444444444445,6.399999999310345,0.3999999993103449,128
3305,775.862068966,Re_775p862069,41.56666667,6.444444444444445,6.450000000517241,0.45000000051724065,129
3306,775.862068966,Re_775p862069,41.88888889,6.444444444444445,6.500000000172413,0.5000000001724132,130
3307,775.862068966,Re_775p862069,42.21111111,6.444444444444445,6.549999999827586,0.5499999998275857,131
3308,775.862068966,Re_775p862069,42.53333333,6.444444444444445,6.599999999482758,0.5999999994827583,132
3309,775.862068966,Re_775p862069,42.85555556,6.444444444444445,6.650000000689655,0.6500000006896549,133
3310,775.862068966,Re_775p862069,43.17777778,6.444444444444445,6.7000000003448275,0.7000000003448275,134
3311,775.862068966,Re_775p862069,43.5,6.444444444444445,6.75,0.75,135
3312,775.862068966,Re_775p862069,43.82222222,6.444444444444445,6.7999999996551725,0.7999999996551725,136
3313,775.862068966,Re_775p862069,44.14444444,6.444444444444445,6.849999999310345,0.8499999993103451,137
3314,775.862068966,Re_775p862069,44.46666667,6.444444444444445,6.900000000517242,0.9000000005172417,138
3315,775.862068966,Re_775p862069,44.78888889,6.444444444444445,6.950000000172414,0.9500000001724143,139
3316,775.862068966,Re_775p862069,45.11111111,6.444444444444445,6.999999999827587,0.9999999998275868,140
3317,775.862068966,Re_775p862069,45.43333333,6.444444444444445,7.049999999482759,0.04999999948275935,141
3318,775.862068966,Re_775p862069,45.75555556,6.444444444444445,7.100000000689654,0.1000000006896542,142
3319,775.862068966,Re_775p862069,46.07777778,6.444444444444445,7.150000000344827,0.15000000034482674,143
3320,775.862068966,Re_775p862069,46.4,6.444444444444445,7.199999999999999,0.1999999999999993,144
3321,775.862068966,Re_775p862069,46.72222222,6.444444444444445,7.249999999655172,0.24999999965517183,145
3322,775.862068966,Re_775p862069,47.04444444,6.444444444444445,7.299999999310344,0.2999999993103444,146
3323,775.862068966,Re_775p862069,47.36666667,6.444444444444445,7.350000000517241,0.350000000517241,147
3324,775.862068966,Re_775p862069,47.68888889,6.444444444444445,7.4000000001724136,0.40000000017241355,148
3325,775.862068966,Re_775p862069,48.01111111,6.444444444444445,7.449999999827586,0.4499999998275861,149
3326,775.862068966,Re_775p862069,48.33333333,6.444444444444445,7.499999999482759,0.49999999948275864,150
3327,775.862068966,Re_775p862069,48.65555556,6.444444444444445,7.550000000689655,0.5500000006896553,151
3328,775.862068966,Re_775p862069,48.97777778,6.444444444444445,7.600000000344827,0.6000000003448269,152
3329,775.862068966,Re_775p862069,49.3,6.444444444444445,7.6499999999999995,0.6499999999999995,153
3330,775.862068966,Re_775p862069,49.62222222,6.444444444444445,7.699999999655172,0.699999999655172,154
3331,775.862068966,Re_775p862069,49.94444444,6.444444444444445,7.749999999310345,0.7499999993103446,155
3332,775.862068966,Re_775p862069,50.26666667,6.444444444444445,7.800000000517241,0.8000000005172412,156
3333,775.862068966,Re_775p862069,50.58888889,6.444444444444445,7.850000000172414,0.8500000001724137,157
3334,775.862068966,Re_775p862069,50.91111111,6.444444444444445,7.899999999827586,0.8999999998275863,158
3335,775.862068966,Re_775p862069,51.23333333,6.444444444444445,7.949999999482759,0.9499999994827588,159
3336,775.862068966,Re_775p862069,51.55555556,6.444444444444445,8.000000000689655,6.896545556855926e-10,160
3337,775.862068966,Re_775p862069,51.87777778,6.444444444444445,8.050000000344827,0.0500000003448271,161
3338,775.862068966,Re_775p862069,52.2,6.444444444444445,8.1,0.09999999999999964,162
3339,775.862068966,Re_775p862069,52.52222222,6.444444444444445,8.149999999655172,0.1499999996551722,163
3340,775.862068966,Re_775p862069,52.84444444,6.444444444444445,8.199999999310345,0.19999999931034473,164
3341,775.862068966,Re_775p862069,53.16666667,6.444444444444445,8.250000000517241,0.25000000051724136,165
3342,775.862068966,Re_775p862069,53.48888889,6.444444444444445,8.300000000172414,0.3000000001724139,166
3343,775.862068966,Re_775p862069,53.81111111,6.444444444444445,8.349999999827586,0.34999999982758645,167
3344,775.862068966,Re_775p862069,54.13333333,6.444444444444445,8.399999999482759,0.399999999482759,168
3345,775.862068966,Re_775p862069,54.45555556,6.444444444444445,8.450000000689656,0.4500000006896556,169
3346,775.862068966,Re_775p862069,54.77777778,6.444444444444445,8.500000000344828,0.5000000003448282,170
3347,775.862068966,Re_775p862069,55.1,6.444444444444445,8.55,0.5500000000000007,171
3348,775.862068966,Re_775p862069,55.42222222,6.444444444444445,8.599999999655173,0.5999999996551733,172
3349,775.862068966,Re_775p862069,55.74444444,6.444444444444445,8.649999999310346,0.6499999993103458,173
3350,775.862068966,Re_775p862069,56.06666667,6.444444444444445,8.70000000051724,0.7000000005172407,174
3351,775.862068966,Re_775p862069,56.38888889,6.444444444444445,8.750000000172413,0.7500000001724132,175
3352,775.862068966,Re_775p862069,56.71111111,6.444444444444445,8.799999999827586,0.7999999998275857,176
3353,775.862068966,Re_775p862069,57.03333333,6.444444444444445,8.849999999482758,0.8499999994827583,177
3354,775.862068966,Re_775p862069,57.35555556,6.444444444444445,8.900000000689655,0.9000000006896549,178
3355,775.862068966,Re_775p862069,57.67777778,6.444444444444445,8.950000000344827,0.9500000003448275,179
3356,775.862068966,Re_775p862069,58.0,6.444444444444445,9.0,0.0,180
3357,775.862068966,Re_775p862069,58.32222222,6.444444444444445,9.049999999655173,0.049999999655172545,181
3358,775.862068966,Re_775p862069,58.64444444,6.444444444444445,9.099999999310345,0.09999999931034509,182
3359,775.862068966,Re_775p862069,58.96666667,6.444444444444445,9.150000000517242,0.15000000051724172,183
3360,775.862068966,Re_775p862069,59.28888889,6.444444444444445,9.200000000172414,0.20000000017241426,184
3361,775.862068966,Re_775p862069,59.61111111,6.444444444444445,9.249999999827587,0.2499999998275868,185
3362,775.862068966,Re_775p862069,59.93333333,6.444444444444445,9.29999999948276,0.29999999948275935,186
3363,775.862068966,Re_775p862069,60.25555556,6.444444444444445,9.350000000689654,0.3500000006896542,187
3364,775.862068966,Re_775p862069,60.57777778,6.444444444444445,9.400000000344827,0.40000000034482674,188
3365,775.862068966,Re_775p862069,60.9,6.444444444444445,9.45,0.4499999999999993,189
3366,775.862068966,Re_775p862069,61.22222222,6.444444444444445,9.499999999655172,0.49999999965517183,190
3367,775.862068966,Re_775p862069,61.54444444,6.444444444444445,9.549999999310344,0.5499999993103444,191
3368,775.862068966,Re_775p862069,61.86666667,6.444444444444445,9.600000000517241,0.600000000517241,192
3369,775.862068966,Re_775p862069,62.18888889,6.444444444444445,9.650000000172414,0.6500000001724136,193
3370,775.862068966,Re_775p862069,62.51111111,6.444444444444445,9.699999999827586,0.6999999998275861,194
3371,775.862068966,Re_775p862069,62.83333333,6.444444444444445,9.749999999482759,0.7499999994827586,195
3372,775.862068966,Re_775p862069,63.15555556,6.444444444444445,9.800000000689655,0.8000000006896553,196
3373,775.862068966,Re_775p862069,63.47777778,6.444444444444445,9.850000000344826,0.850000000344826,197
3374,775.862068966,Re_775p862069,63.8,6.444444444444445,9.899999999999999,0.8999999999999986,198
3375,775.862068966,Re_775p862069,64.12222222,6.444444444444445,9.949999999655171,0.9499999996551711,199
3376,775.862068966,Re_775p862069,64.44444444,6.444444444444445,9.999999999310344,0.9999999993103437,200
3377,775.862068966,Re_775p862069,64.76666667,6.444444444444445,10.050000000517242,0.05000000051724207,201
3378,775.862068966,Re_775p862069,65.08888889,6.444444444444445,10.100000000172415,0.10000000017241462,202
3379,775.862068966,Re_775p862069,65.41111111,6.444444444444445,10.149999999827585,0.14999999982758538,203
3380,775.862068966,Re_775p862069,65.73333333,6.444444444444445,10.199999999482758,0.19999999948275793,204
3381,775.862068966,Re_775p862069,66.05555556,6.444444444444445,10.250000000689655,0.25000000068965456,205
3382,775.862068966,Re_775p862069,66.37777778,6.444444444444445,10.300000000344827,0.3000000003448271,206
3383,775.862068966,Re_775p862069,66.7,6.444444444444445,10.35,0.34999999999999964,207
3384,775.862068966,Re_775p862069,67.02222222,6.444444444444445,10.399999999655172,0.3999999996551722,208
3385,775.862068966,Re_775p862069,67.34444444,6.444444444444445,10.449999999310345,0.44999999931034473,209
3386,775.862068966,Re_775p862069,67.66666667,6.444444444444445,10.500000000517241,0.5000000005172414,210
3387,775.862068966,Re_775p862069,67.98888889,6.444444444444445,10.550000000172414,0.5500000001724139,211
3388,775.862068966,Re_775p862069,68.31111111,6.444444444444445,10.599999999827586,0.5999999998275864,212
3389,775.862068966,Re_775p862069,68.63333333,6.444444444444445,10.649999999482759,0.649999999482759,213
3390,775.862068966,Re_775p862069,68.95555556,6.444444444444445,10.700000000689654,0.7000000006896538,214
3391,775.862068966,Re_775p862069,69.27777778,6.444444444444445,10.750000000344826,0.7500000003448264,215
3392,775.862068966,Re_775p862069,69.6,6.444444444444445,10.799999999999999,0.7999999999999989,216
3393,775.862068966,Re_775p862069,69.92222222,6.444444444444445,10.849999999655171,0.8499999996551715,217
3394,775.862068966,Re_775p862069,70.24444444,6.444444444444445,10.899999999310344,0.899999999310344,218
3395,775.862068966,Re_775p862069,70.56666667,6.444444444444445,10.950000000517242,0.9500000005172424,219
3396,775.862068966,Re_775p862069,70.88888889,6.444444444444445,11.000000000172413,1.724131948321883e-10,220
3397,775.862068966,Re_775p862069,71.21111111,6.444444444444445,11.049999999827586,0.04999999982758574,221
3398,775.862068966,Re_775p862069,71.53333333,6.444444444444445,11.099999999482758,0.09999999948275828,222
3399,775.862068966,Re_775p862069,71.85555556,6.444444444444445,11.150000000689655,0.1500000006896549,223
3400,775.862068966,Re_775p862069,72.17777778,6.444444444444445,11.200000000344827,0.20000000034482746,224
3401,775.862068966,Re_775p862069,72.5,6.444444444444445,11.25,0.25,225
3402,775.862068966,Re_775p862069,72.82222222,6.444444444444445,11.299999999655173,0.29999999965517254,226
3403,775.862068966,Re_775p862069,73.14444444,6.444444444444445,11.349999999310345,0.3499999993103451,227
3404,775.862068966,Re_775p862069,73.46666667,6.444444444444445,11.40000000051724,0.40000000051723994,228
3405,775.862068966,Re_775p862069,73.78888889,6.444444444444445,11.450000000172412,0.4500000001724125,229
3406,775.862068966,Re_775p862069,74.11111111,6.444444444444445,11.499999999827585,0.49999999982758503,230
3407,775.862068966,Re_775p862069,74.43333333,6.444444444444445,11.549999999482758,0.5499999994827576,231
3408,775.862068966,Re_775p862069,74.75555556,6.444444444444445,11.600000000689656,0.600000000689656,232
3409,775.862068966,Re_775p862069,75.07777778,6.444444444444445,11.650000000344829,0.6500000003448285,233
3410,775.862068966,Re_775p862069,75.4,6.444444444444445,11.700000000000001,0.7000000000000011,234
3411,775.862068966,Re_775p862069,75.72222222,6.444444444444445,11.749999999655174,0.7499999996551736,235
3412,775.862068966,Re_775p862069,76.04444444,6.444444444444445,11.799999999310346,0.7999999993103462,236
3413,775.862068966,Re_775p862069,76.36666667,6.444444444444445,11.850000000517241,0.850000000517241,237
3414,775.862068966,Re_775p862069,76.68888889,6.444444444444445,11.900000000172414,0.9000000001724136,238
3415,775.862068966,Re_775p862069,77.01111111,6.444444444444445,11.949999999827586,0.9499999998275861,239
3416,775.862068966,Re_775p862069,77.33333333,6.444444444444445,11.999999999482759,0.9999999994827586,240
3417,793.103448276,Re_793p103448,12.60869565,6.304347826086956,1.9999999996551725,0.9999999996551725,40
3418,793.103448276,Re_793p103448,12.92391304,6.304347826086956,2.0499999994482763,0.04999999944827627,41
3419,793.103448276,Re_793p103448,13.23913043,6.304347826086956,2.0999999992413794,0.09999999924137937,42
3420,793.103448276,Re_793p103448,13.55434783,6.304347826086956,2.1500000006206896,0.15000000062068963,43
3421,793.103448276,Re_793p103448,13.86956522,6.304347826086956,2.200000000413793,0.20000000041379318,44
3422,793.103448276,Re_793p103448,14.18478261,6.304347826086956,2.2500000002068967,0.2500000002068967,45
3423,793.103448276,Re_793p103448,14.5,6.304347826086956,2.3000000000000003,0.30000000000000027,46
3424,793.103448276,Re_793p103448,14.81521739,6.304347826086956,2.349999999793104,0.3499999997931038,47
3425,793.103448276,Re_793p103448,15.13043478,6.304347826086956,2.399999999586207,0.3999999995862069,48
3426,793.103448276,Re_793p103448,15.44565217,6.304347826086956,2.4499999993793105,0.44999999937931046,49
3427,793.103448276,Re_793p103448,15.76086957,6.304347826086956,2.500000000758621,0.5000000007586212,50
3428,793.103448276,Re_793p103448,16.07608696,6.304347826086956,2.5500000005517247,0.5500000005517247,51
3429,793.103448276,Re_793p103448,16.39130435,6.304347826086956,2.6000000003448274,0.6000000003448274,52
3430,793.103448276,Re_793p103448,16.70652174,6.304347826086956,2.650000000137931,0.6500000001379309,53
3431,793.103448276,Re_793p103448,17.02173913,6.304347826086956,2.699999999931035,0.6999999999310349,54
3432,793.103448276,Re_793p103448,17.33695652,6.304347826086956,2.7499999997241384,0.7499999997241384,55
3433,793.103448276,Re_793p103448,17.65217391,6.304347826086956,2.799999999517241,0.7999999995172411,56
3434,793.103448276,Re_793p103448,17.9673913,6.304347826086956,2.849999999310345,0.8499999993103451,57
3435,793.103448276,Re_793p103448,18.2826087,6.304347826086956,2.9000000006896554,0.9000000006896554,58
3436,793.103448276,Re_793p103448,18.59782609,6.304347826086956,2.950000000482759,0.9500000004827589,59
3437,793.103448276,Re_793p103448,18.91304348,6.304347826086956,3.000000000275862,2.75861999909921e-10,60
3438,793.103448276,Re_793p103448,19.22826087,6.304347826086956,3.0500000000689655,0.050000000068965544,61
3439,793.103448276,Re_793p103448,19.54347826,6.304347826086956,3.099999999862069,0.09999999986206909,62
3440,793.103448276,Re_793p103448,19.85869565,6.304347826086956,3.1499999996551726,0.14999999965517263,63
3441,793.103448276,Re_793p103448,20.17391304,6.304347826086956,3.1999999994482757,0.19999999944827573,64
3442,793.103448276,Re_793p103448,20.48913043,6.304347826086956,3.2499999992413793,0.24999999924137928,65
3443,793.103448276,Re_793p103448,20.80434783,6.304347826086956,3.30000000062069,0.30000000062069,66
3444,793.103448276,Re_793p103448,21.11956522,6.304347826086956,3.350000000413793,0.3500000004137931,67
3445,793.103448276,Re_793p103448,21.43478261,6.304347826086956,3.4000000002068966,0.40000000020689663,68
3446,793.103448276,Re_793p103448,21.75,6.304347826086956,3.45,0.4500000000000002,69
3447,793.103448276,Re_793p103448,22.06521739,6.304347826086956,3.4999999997931037,0.4999999997931037,70
3448,793.103448276,Re_793p103448,22.38043478,6.304347826086956,3.5499999995862073,0.5499999995862073,71
3449,793.103448276,Re_793p103448,22.69565217,6.304347826086956,3.5999999993793104,0.5999999993793104,72
3450,793.103448276,Re_793p103448,23.01086957,6.304347826086956,3.650000000758621,0.6500000007586211,73
3451,793.103448276,Re_793p103448,23.32608696,6.304347826086956,3.7000000005517246,0.7000000005517246,74
3452,793.103448276,Re_793p103448,23.64130435,6.304347826086956,3.7500000003448277,0.7500000003448277,75
3453,793.103448276,Re_793p103448,23.95652174,6.304347826086956,3.8000000001379313,0.8000000001379313,76
3454,793.103448276,Re_793p103448,24.27173913,6.304347826086956,3.849999999931035,0.8499999999310348,77
3455,793.103448276,Re_793p103448,24.58695652,6.304347826086956,3.8999999997241384,0.8999999997241384,78
3456,793.103448276,Re_793p103448,24.90217391,6.304347826086956,3.9499999995172415,0.9499999995172415,79
3457,793.103448276,Re_793p103448,25.2173913,6.304347826086956,3.999999999310345,0.999999999310345,80
3458,793.103448276,Re_793p103448,25.5326087,6.304347826086956,4.050000000689655,0.050000000689655266,81
3459,793.103448276,Re_793p103448,25.84782609,6.304347826086956,4.100000000482759,0.10000000048275925,82
3460,793.103448276,Re_793p103448,26.16304348,6.304347826086956,4.150000000275862,0.15000000027586236,83
3461,793.103448276,Re_793p103448,26.47826087,6.304347826086956,4.2000000000689655,0.20000000006896546,84
3462,793.103448276,Re_793p103448,26.79347826,6.304347826086956,4.2499999998620694,0.24999999986206944,85
3463,793.103448276,Re_793p103448,27.10869565,6.304347826086956,4.2999999996551725,0.29999999965517254,86
3464,793.103448276,Re_793p103448,27.42391304,6.304347826086956,4.349999999448276,0.34999999944827564,87
3465,793.103448276,Re_793p103448,27.73913043,6.304347826086956,4.39999999924138,0.39999999924137963,88
3466,793.103448276,Re_793p103448,28.05434783,6.304347826086956,4.45000000062069,0.45000000062069034,89
3467,793.103448276,Re_793p103448,28.36956522,6.304347826086956,4.500000000413793,0.5000000004137934,90
3468,793.103448276,Re_793p103448,28.68478261,6.304347826086956,4.5500000002068965,0.5500000002068965,91
3469,793.103448276,Re_793p103448,29.0,6.304347826086956,4.6000000000000005,0.6000000000000005,92
3470,793.103448276,Re_793p103448,29.31521739,6.304347826086956,4.649999999793104,0.6499999997931036,93
3471,793.103448276,Re_793p103448,29.63043478,6.304347826086956,4.699999999586208,0.6999999995862076,94
3472,793.103448276,Re_793p103448,29.94565217,6.304347826086956,4.749999999379311,0.7499999993793107,95
3473,793.103448276,Re_793p103448,30.26086957,6.304347826086956,4.800000000758621,0.8000000007586214,96
3474,793.103448276,Re_793p103448,30.57608696,6.304347826086956,4.8500000005517245,0.8500000005517245,97
3475,793.103448276,Re_793p103448,30.89130435,6.304347826086956,4.900000000344828,0.9000000003448276,98
3476,793.103448276,Re_793p103448,31.20652174,6.304347826086956,4.950000000137932,0.9500000001379316,99
3477,793.103448276,Re_793p103448,31.52173913,6.304347826086956,4.999999999931035,0.9999999999310347,100
3478,793.103448276,Re_793p103448,31.83695652,6.304347826086956,5.049999999724139,0.04999999972413871,101
3479,793.103448276,Re_793p103448,32.15217391,6.304347826086956,5.099999999517242,0.09999999951724181,102
3480,793.103448276,Re_793p103448,32.4673913,6.304347826086956,5.149999999310346,0.1499999993103458,103
3481,793.103448276,Re_793p103448,32.7826087,6.304347826086956,5.200000000689655,0.20000000068965473,104
3482,793.103448276,Re_793p103448,33.09782609,6.304347826086956,5.250000000482759,0.2500000004827587,105
3483,793.103448276,Re_793p103448,33.41304348,6.304347826086956,5.300000000275862,0.3000000002758618,106
3484,793.103448276,Re_793p103448,33.72826087,6.304347826086956,5.350000000068966,0.3500000000689658,107
3485,793.103448276,Re_793p103448,34.04347826,6.304347826086956,5.39999999986207,0.3999999998620698,108
3486,793.103448276,Re_793p103448,34.35869565,6.304347826086956,5.449999999655173,0.4499999996551729,109
3487,793.103448276,Re_793p103448,34.67391304,6.304347826086956,5.499999999448277,0.4999999994482769,110
3488,793.103448276,Re_793p103448,34.98913043,6.304347826086956,5.54999999924138,0.54999999924138,111
3489,793.103448276,Re_793p103448,35.30434783,6.304347826086956,5.60000000062069,0.6000000006206898,112
3490,793.103448276,Re_793p103448,35.61956522,6.304347826086956,5.650000000413793,0.6500000004137929,113
3491,793.103448276,Re_793p103448,35.93478261,6.304347826086956,5.700000000206897,0.7000000002068969,114
3492,793.103448276,Re_793p103448,36.25,6.304347826086956,5.75,0.75,115
3493,793.103448276,Re_793p103448,36.56521739,6.304347826086956,5.799999999793104,0.799999999793104,116
3494,793.103448276,Re_793p103448,36.88043478,6.304347826086956,5.849999999586208,0.849999999586208,117
3495,793.103448276,Re_793p103448,37.19565217,6.304347826086956,5.899999999379311,0.8999999993793111,118
3496,793.103448276,Re_793p103448,37.51086957,6.304347826086956,5.950000000758621,0.9500000007586209,119
3497,793.103448276,Re_793p103448,37.82608696,6.304347826086956,6.000000000551724,5.51723999819842e-10,120
3498,793.103448276,Re_793p103448,38.14130435,6.304347826086956,6.050000000344828,0.05000000034482799,121
3499,793.103448276,Re_793p103448,38.45652174,6.304347826086956,6.100000000137931,0.10000000013793109,122
3500,793.103448276,Re_793p103448,38.77173913,6.304347826086956,6.149999999931035,0.14999999993103508,123
3501,793.103448276,Re_793p103448,39.08695652,6.304347826086956,6.199999999724138,0.19999999972413818,124
3502,793.103448276,Re_793p103448,39.40217391,6.304347826086956,6.249999999517242,0.24999999951724217,125
3503,793.103448276,Re_793p103448,39.7173913,6.304347826086956,6.299999999310345,0.29999999931034527,126
3504,793.103448276,Re_793p103448,40.0326087,6.304347826086956,6.350000000689655,0.3500000006896551,127
3505,793.103448276,Re_793p103448,40.34782609,6.304347826086956,6.400000000482759,0.4000000004827591,128
3506,793.103448276,Re_793p103448,40.66304348,6.304347826086956,6.450000000275862,0.4500000002758622,129
3507,793.103448276,Re_793p103448,40.97826087,6.304347826086956,6.500000000068966,0.5000000000689662,130
3508,793.103448276,Re_793p103448,41.29347826,6.304347826086956,6.549999999862069,0.5499999998620693,131
3509,793.103448276,Re_793p103448,41.60869565,6.304347826086956,6.599999999655173,0.5999999996551733,132
3510,793.103448276,Re_793p103448,41.92391304,6.304347826086956,6.649999999448276,0.6499999994482764,133
3511,793.103448276,Re_793p103448,42.23913043,6.304347826086956,6.69999999924138,0.6999999992413803,134
3512,793.103448276,Re_793p103448,42.55434783,6.304347826086956,6.750000000620689,0.7500000006206893,135
3513,793.103448276,Re_793p103448,42.86956522,6.304347826086956,6.800000000413793,0.8000000004137933,136
3514,793.103448276,Re_793p103448,43.18478261,6.304347826086956,6.850000000206897,0.8500000002068973,137
3515,793.103448276,Re_793p103448,43.5,6.304347826086956,6.9,0.9000000000000004,138
3516,793.103448276,Re_793p103448,43.81521739,6.304347826086956,6.949999999793104,0.9499999997931043,139
3517,793.103448276,Re_793p103448,44.13043478,6.304347826086956,6.9999999995862074,0.9999999995862074,140
3518,793.103448276,Re_793p103448,44.44565217,6.304347826086956,7.049999999379311,0.04999999937931143,141
3519,793.103448276,Re_793p103448,44.76086957,6.304347826086956,7.10000000075862,0.10000000075862037,142
3520,793.103448276,Re_793p103448,45.07608696,6.304347826086956,7.150000000551724,0.15000000055172436,143
3521,793.103448276,Re_793p103448,45.39130435,6.304347826086956,7.2000000003448275,0.20000000034482746,144
3522,793.103448276,Re_793p103448,45.70652174,6.304347826086956,7.250000000137931,0.25000000013793144,145
3523,793.103448276,Re_793p103448,46.02173913,6.304347826086956,7.299999999931035,0.29999999993103543,146
3524,793.103448276,Re_793p103448,46.33695652,6.304347826086956,7.3499999997241385,0.34999999972413853,147
3525,793.103448276,Re_793p103448,46.65217391,6.304347826086956,7.3999999995172425,0.3999999995172425,148
3526,793.103448276,Re_793p103448,46.9673913,6.304347826086956,7.449999999310346,0.4499999993103456,149
3527,793.103448276,Re_793p103448,47.2826087,6.304347826086956,7.500000000689655,0.5000000006896554,150
3528,793.103448276,Re_793p103448,47.59782609,6.304347826086956,7.5500000004827585,0.5500000004827585,151
3529,793.103448276,Re_793p103448,47.91304348,6.304347826086956,7.6000000002758625,0.6000000002758625,152
3530,793.103448276,Re_793p103448,48.22826087,6.304347826086956,7.650000000068966,0.6500000000689656,153
3531,793.103448276,Re_793p103448,48.54347826,6.304347826086956,7.69999999986207,0.6999999998620696,154
3532,793.103448276,Re_793p103448,48.85869565,6.304347826086956,7.749999999655173,0.7499999996551727,155
3533,793.103448276,Re_793p103448,49.17391304,6.304347826086956,7.799999999448277,0.7999999994482767,156
3534,793.103448276,Re_793p103448,49.48913043,6.304347826086956,7.849999999241381,0.8499999992413807,157
3535,793.103448276,Re_793p103448,49.80434783,6.304347826086956,7.90000000062069,0.9000000006206896,158
3536,793.103448276,Re_793p103448,50.11956522,6.304347826086956,7.950000000413794,0.9500000004137936,159
3537,793.103448276,Re_793p103448,50.43478261,6.304347826086956,8.000000000206898,2.0689761015546537e-10,160
3538,793.103448276,Re_793p103448,50.75,6.304347826086956,8.05,0.05000000000000071,161
3539,793.103448276,Re_793p103448,51.06521739,6.304347826086956,8.099999999793104,0.09999999979310381,162
3540,793.103448276,Re_793p103448,51.38043478,6.304347826086956,8.149999999586207,0.1499999995862069,163
3541,793.103448276,Re_793p103448,51.69565217,6.304347826086956,8.199999999379312,0.1999999993793118,164
3542,793.103448276,Re_793p103448,52.01086957,6.304347826086956,8.250000000758622,0.2500000007586216,165
3543,793.103448276,Re_793p103448,52.32608696,6.304347826086956,8.300000000551725,0.3000000005517247,166
3544,793.103448276,Re_793p103448,52.64130435,6.304347826086956,8.350000000344828,0.3500000003448278,167
3545,793.103448276,Re_793p103448,52.95652174,6.304347826086956,8.400000000137931,0.4000000001379309,168
3546,793.103448276,Re_793p103448,53.27173913,6.304347826086956,8.449999999931036,0.4499999999310358,169
3547,793.103448276,Re_793p103448,53.58695652,6.304347826086956,8.499999999724139,0.4999999997241389,170
3548,793.103448276,Re_793p103448,53.90217391,6.304347826086956,8.549999999517242,0.549999999517242,171
3549,793.103448276,Re_793p103448,54.2173913,6.304347826086956,8.599999999310345,0.5999999993103451,172
3550,793.103448276,Re_793p103448,54.5326087,6.304347826086956,8.650000000689655,0.6500000006896549,173
3551,793.103448276,Re_793p103448,54.84782609,6.304347826086956,8.70000000048276,0.7000000004827598,174
3552,793.103448276,Re_793p103448,55.16304348,6.304347826086956,8.750000000275863,0.7500000002758629,175
3553,793.103448276,Re_793p103448,55.47826087,6.304347826086956,8.800000000068966,0.800000000068966,176
3554,793.103448276,Re_793p103448,55.79347826,6.304347826086956,8.849999999862069,0.8499999998620691,177
3555,793.103448276,Re_793p103448,56.10869565,6.304347826086956,8.899999999655174,0.899999999655174,178
3556,793.103448276,Re_793p103448,56.42391304,6.304347826086956,8.949999999448277,0.9499999994482771,179
3557,793.103448276,Re_793p103448,56.73913043,6.304347826086956,8.99999999924138,0.9999999992413802,180
3558,793.103448276,Re_793p103448,57.05434783,6.304347826086956,9.05000000062069,0.05000000062068999,181
3559,793.103448276,Re_793p103448,57.36956522,6.304347826086956,9.100000000413793,0.10000000041379309,182
3560,793.103448276,Re_793p103448,57.68478261,6.304347826086956,9.150000000206896,0.1500000002068962,183
3561,793.103448276,Re_793p103448,58.0,6.304347826086956,9.200000000000001,0.20000000000000107,184
3562,793.103448276,Re_793p103448,58.31521739,6.304347826086956,9.249999999793104,0.24999999979310417,185
3563,793.103448276,Re_793p103448,58.63043478,6.304347826086956,9.299999999586207,0.29999999958620727,186
3564,793.103448276,Re_793p103448,58.94565217,6.304347826086956,9.349999999379312,0.34999999937931214,187
3565,793.103448276,Re_793p103448,59.26086957,6.304347826086956,9.40000000075862,0.4000000007586202,188
3566,793.103448276,Re_793p103448,59.57608696,6.304347826086956,9.450000000551725,0.45000000055172507,189
3567,793.103448276,Re_793p103448,59.89130435,6.304347826086956,9.500000000344828,0.5000000003448282,190
3568,793.103448276,Re_793p103448,60.20652174,6.304347826086956,9.550000000137931,0.5500000001379313,191
3569,793.103448276,Re_793p103448,60.52173913,6.304347826086956,9.599999999931034,0.5999999999310344,192
3570,793.103448276,Re_793p103448,60.83695652,6.304347826086956,9.64999999972414,0.6499999997241392,193
3571,793.103448276,Re_793p103448,61.15217391,6.304347826086956,9.699999999517242,0.6999999995172423,194
3572,793.103448276,Re_793p103448,61.4673913,6.304347826086956,9.749999999310345,0.7499999993103454,195
3573,793.103448276,Re_793p103448,61.7826087,6.304347826086956,9.800000000689655,0.8000000006896553,196
3574,793.103448276,Re_793p103448,62.09782609,6.304347826086956,9.850000000482758,0.8500000004827584,197
3575,793.103448276,Re_793p103448,62.41304348,6.304347826086956,9.900000000275863,0.9000000002758632,198
3576,793.103448276,Re_793p103448,62.72826087,6.304347826086956,9.950000000068966,0.9500000000689663,199
3577,793.103448276,Re_793p103448,63.04347826,6.304347826086956,9.99999999986207,0.9999999998620694,200
3578,793.103448276,Re_793p103448,63.35869565,6.304347826086956,10.049999999655173,0.049999999655172545,201
3579,793.103448276,Re_793p103448,63.67391304,6.304347826086956,10.099999999448277,0.09999999944827742,202
3580,793.103448276,Re_793p103448,63.98913043,6.304347826086956,10.14999999924138,0.14999999924138052,203
3581,793.103448276,Re_793p103448,64.30434783,6.304347826086956,10.20000000062069,0.20000000062069034,204
3582,793.103448276,Re_793p103448,64.61956522,6.304347826086956,10.250000000413793,0.25000000041379344,205
3583,793.103448276,Re_793p103448,64.93478261,6.304347826086956,10.300000000206897,0.30000000020689654,206
3584,793.103448276,Re_793p103448,65.25,6.304347826086956,10.350000000000001,0.3500000000000014,207
3585,793.103448276,Re_793p103448,65.56521739,6.304347826086956,10.399999999793105,0.3999999997931045,208
3586,793.103448276,Re_793p103448,65.88043478,6.304347826086956,10.449999999586208,0.4499999995862076,209
3587,793.103448276,Re_793p103448,66.19565217,6.304347826086956,10.49999999937931,0.4999999993793107,210
3588,793.103448276,Re_793p103448,66.51086957,6.304347826086956,10.55000000075862,0.5500000007586205,211
3589,793.103448276,Re_793p103448,66.82608696,6.304347826086956,10.600000000551724,0.6000000005517236,212
3590,793.103448276,Re_793p103448,67.14130435,6.304347826086956,10.650000000344829,0.6500000003448285,213
3591,793.103448276,Re_793p103448,67.45652174,6.304347826086956,10.700000000137932,0.7000000001379316,214
3592,793.103448276,Re_793p103448,67.77173913,6.304347826086956,10.749999999931035,0.7499999999310347,215
3593,793.103448276,Re_793p103448,68.08695652,6.304347826086956,10.79999999972414,0.7999999997241396,216
3594,793.103448276,Re_793p103448,68.40217391,6.304347826086956,10.849999999517243,0.8499999995172427,217
3595,793.103448276,Re_793p103448,68.7173913,6.304347826086956,10.899999999310346,0.8999999993103458,218
3596,793.103448276,Re_793p103448,69.0326087,6.304347826086956,10.950000000689656,0.9500000006896556,219
3597,793.103448276,Re_793p103448,69.34782609,6.304347826086956,11.000000000482759,4.827587218869667e-10,220
3598,793.103448276,Re_793p103448,69.66304348,6.304347826086956,11.050000000275862,0.05000000027586182,221
3599,793.103448276,Re_793p103448,69.97826087,6.304347826086956,11.100000000068967,0.1000000000689667,222
3600,793.103448276,Re_793p103448,70.29347826,6.304347826086956,11.14999999986207,0.1499999998620698,223
3601,793.103448276,Re_793p103448,70.60869565,6.304347826086956,11.199999999655173,0.1999999996551729,224
3602,793.103448276,Re_793p103448,70.92391304,6.304347826086956,11.249999999448278,0.24999999944827778,225
3603,793.103448276,Re_793p103448,71.23913043,6.304347826086956,11.29999999924138,0.2999999992413809,226
3604,793.103448276,Re_793p103448,71.55434783,6.304347826086956,11.35000000062069,0.3500000006206907,227
3605,793.103448276,Re_793p103448,71.86956522,6.304347826086956,11.400000000413794,0.4000000004137938,228
3606,793.103448276,Re_793p103448,72.18478261,6.304347826086956,11.450000000206897,0.4500000002068969,229
3607,793.103448276,Re_793p103448,72.5,6.304347826086956,11.5,0.5,230
3608,793.103448276,Re_793p103448,72.81521739,6.304347826086956,11.549999999793105,0.5499999997931049,231
3609,793.103448276,Re_793p103448,73.13043478,6.304347826086956,11.599999999586208,0.599999999586208,232
3610,793.103448276,Re_793p103448,73.44565217,6.304347826086956,11.649999999379311,0.6499999993793111,233
3611,793.103448276,Re_793p103448,73.76086957,6.304347826086956,11.700000000758621,0.7000000007586209,234
3612,793.103448276,Re_793p103448,74.07608696,6.304347826086956,11.750000000551724,0.750000000551724,235
3613,793.103448276,Re_793p103448,74.39130435,6.304347826086956,11.800000000344829,0.8000000003448289,236
3614,793.103448276,Re_793p103448,74.70652174,6.304347826086956,11.850000000137932,0.850000000137932,237
3615,793.103448276,Re_793p103448,75.02173913,6.304347826086956,11.899999999931035,0.8999999999310351,238
3616,793.103448276,Re_793p103448,75.33695652,6.304347826086956,11.949999999724138,0.9499999997241382,239
3617,793.103448276,Re_793p103448,75.65217391,6.304347826086956,11.999999999517243,0.999999999517243,240
3618,810.344827586,Re_810p344828,12.34042553,6.170212765957446,1.9999999996896554,0.9999999996896554,40
3619,810.344827586,Re_810p344828,12.64893617,6.170212765957446,2.0499999999655176,0.04999999996551763,41
3620,810.344827586,Re_810p344828,12.95744681,6.170212765957446,2.1000000002413794,0.10000000024137945,42
3621,810.344827586,Re_810p344828,13.26595745,6.170212765957446,2.1500000005172417,0.15000000051724172,43
3622,810.344827586,Re_810p344828,13.57446809,6.170212765957446,2.2000000007931035,0.20000000079310354,44
3623,810.344827586,Re_810p344828,13.88297872,6.170212765957446,2.249999999448276,0.249999999448276,45
3624,810.344827586,Re_810p344828,14.19148936,6.170212765957446,2.2999999997241383,0.29999999972413827,46
3625,810.344827586,Re_810p344828,14.5,6.170212765957446,2.35,0.3500000000000001,47
3626,810.344827586,Re_810p344828,14.80851064,6.170212765957446,2.4000000002758624,0.40000000027586236,48
3627,810.344827586,Re_810p344828,15.11702128,6.170212765957446,2.450000000551724,0.4500000005517242,49
3628,810.344827586,Re_810p344828,15.42553191,6.170212765957446,2.4999999992068966,0.49999999920689664,50
3629,810.344827586,Re_810p344828,15.73404255,6.170212765957446,2.549999999482759,0.5499999994827589,51
3630,810.344827586,Re_810p344828,16.04255319,6.170212765957446,2.5999999997586207,0.5999999997586207,52
3631,810.344827586,Re_810p344828,16.35106383,6.170212765957446,2.650000000034483,0.650000000034483,53
3632,810.344827586,Re_810p344828,16.65957447,6.170212765957446,2.700000000310345,0.7000000003103448,54
3633,810.344827586,Re_810p344828,16.96808511,6.170212765957446,2.750000000586207,0.7500000005862071,55
3634,810.344827586,Re_810p344828,17.27659574,6.170212765957446,2.79999999924138,0.79999999924138,56
3635,810.344827586,Re_810p344828,17.58510638,6.170212765957446,2.8499999995172414,0.8499999995172414,57
3636,810.344827586,Re_810p344828,17.89361702,6.170212765957446,2.899999999793104,0.8999999997931041,58
3637,810.344827586,Re_810p344828,18.20212766,6.170212765957446,2.9500000000689655,0.9500000000689655,59
3638,810.344827586,Re_810p344828,18.5106383,6.170212765957446,3.0000000003448277,3.4482772193200617e-10,60
3639,810.344827586,Re_810p344828,18.81914894,6.170212765957446,3.0500000006206904,0.05000000062069043,61
3640,810.344827586,Re_810p344828,19.12765957,6.170212765957446,3.099999999275862,0.099999999275862,62
3641,810.344827586,Re_810p344828,19.43617021,6.170212765957446,3.1499999995517247,0.14999999955172472,63
3642,810.344827586,Re_810p344828,19.74468085,6.170212765957446,3.199999999827587,0.19999999982758698,64
3643,810.344827586,Re_810p344828,20.05319149,6.170212765957446,3.2500000001034484,0.25000000010344836,65
3644,810.344827586,Re_810p344828,20.36170213,6.170212765957446,3.300000000379311,0.30000000037931107,66
3645,810.344827586,Re_810p344828,20.67021277,6.170212765957446,3.3500000006551724,0.35000000065517245,67
3646,810.344827586,Re_810p344828,20.9787234,6.170212765957446,3.3999999993103454,0.39999999931034536,68
3647,810.344827586,Re_810p344828,21.28723404,6.170212765957446,3.4499999995862076,0.4499999995862076,69
3648,810.344827586,Re_810p344828,21.59574468,6.170212765957446,3.499999999862069,0.499999999862069,70
3649,810.344827586,Re_810p344828,21.90425532,6.170212765957446,3.5500000001379317,0.5500000001379317,71
3650,810.344827586,Re_810p344828,22.21276596,6.170212765957446,3.600000000413793,0.6000000004137931,72
3651,810.344827586,Re_810p344828,22.5212766,6.170212765957446,3.650000000689656,0.6500000006896558,73
3652,810.344827586,Re_810p344828,22.82978723,6.170212765957446,3.6999999993448283,0.6999999993448283,74
3653,810.344827586,Re_810p344828,23.13829787,6.170212765957446,3.7499999996206896,0.7499999996206896,75
3654,810.344827586,Re_810p344828,23.44680851,6.170212765957446,3.7999999998965523,0.7999999998965523,76
3655,810.344827586,Re_810p344828,23.75531915,6.170212765957446,3.8500000001724137,0.8500000001724137,77
3656,810.344827586,Re_810p344828,24.06382979,6.170212765957446,3.9000000004482764,0.9000000004482764,78
3657,810.344827586,Re_810p344828,24.37234043,6.170212765957446,3.9500000007241387,0.9500000007241387,79
3658,810.344827586,Re_810p344828,24.68085106,6.170212765957446,3.9999999993793107,0.9999999993793107,80
3659,810.344827586,Re_810p344828,24.9893617,6.170212765957446,4.0499999996551725,0.049999999655172545,81
3660,810.344827586,Re_810p344828,25.29787234,6.170212765957446,4.099999999931035,0.09999999993103525,82
3661,810.344827586,Re_810p344828,25.60638298,6.170212765957446,4.150000000206897,0.15000000020689708,83
3662,810.344827586,Re_810p344828,25.91489362,6.170212765957446,4.200000000482759,0.2000000004827589,84
3663,810.344827586,Re_810p344828,26.22340426,6.170212765957446,4.250000000758621,0.2500000007586207,85
3664,810.344827586,Re_810p344828,26.53191489,6.170212765957446,4.299999999413793,0.2999999994137932,86
3665,810.344827586,Re_810p344828,26.84042553,6.170212765957446,4.349999999689656,0.3499999996896559,87
3666,810.344827586,Re_810p344828,27.14893617,6.170212765957446,4.399999999965518,0.3999999999655177,88
3667,810.344827586,Re_810p344828,27.45744681,6.170212765957446,4.4500000002413795,0.45000000024137954,89
3668,810.344827586,Re_810p344828,27.76595745,6.170212765957446,4.500000000517241,0.5000000005172414,90
3669,810.344827586,Re_810p344828,28.07446809,6.170212765957446,4.550000000793104,0.5500000007931041,91
3670,810.344827586,Re_810p344828,28.38297872,6.170212765957446,4.5999999994482765,0.5999999994482765,92
3671,810.344827586,Re_810p344828,28.69148936,6.170212765957446,4.649999999724138,0.6499999997241384,93
3672,810.344827586,Re_810p344828,29.0,6.170212765957446,4.7,0.7000000000000002,94
3673,810.344827586,Re_810p344828,29.30851064,6.170212765957446,4.750000000275863,0.7500000002758629,95
3674,810.344827586,Re_810p344828,29.61702128,6.170212765957446,4.800000000551725,0.8000000005517247,96
3675,810.344827586,Re_810p344828,29.92553191,6.170212765957446,4.849999999206897,0.8499999992068972,97
3676,810.344827586,Re_810p344828,30.23404255,6.170212765957446,4.899999999482759,0.899999999482759,98
3677,810.344827586,Re_810p344828,30.54255319,6.170212765957446,4.949999999758621,0.9499999997586208,99
3678,810.344827586,Re_810p344828,30.85106383,6.170212765957446,5.0000000000344835,3.448352714485736e-11,100
3679,810.344827586,Re_810p344828,31.15957447,6.170212765957446,5.050000000310345,0.05000000031034535,101
3680,810.344827586,Re_810p344828,31.46808511,6.170212765957446,5.100000000586207,0.10000000058620717,102
3681,810.344827586,Re_810p344828,31.77659574,6.170212765957446,5.14999999924138,0.14999999924137963,103
3682,810.344827586,Re_810p344828,32.08510638,6.170212765957446,5.1999999995172415,0.19999999951724146,104
3683,810.344827586,Re_810p344828,32.39361702,6.170212765957446,5.249999999793104,0.24999999979310417,105
3684,810.344827586,Re_810p344828,32.70212766,6.170212765957446,5.300000000068966,0.300000000068966,106
3685,810.344827586,Re_810p344828,33.0106383,6.170212765957446,5.350000000344828,0.3500000003448278,107
3686,810.344827586,Re_810p344828,33.31914894,6.170212765957446,5.40000000062069,0.40000000062068963,108
3687,810.344827586,Re_810p344828,33.62765957,6.170212765957446,5.449999999275862,0.4499999992758621,109
3688,810.344827586,Re_810p344828,33.93617021,6.170212765957446,5.499999999551725,0.4999999995517248,110
3689,810.344827586,Re_810p344828,34.24468085,6.170212765957446,5.549999999827587,0.5499999998275866,111
3690,810.344827586,Re_810p344828,34.55319149,6.170212765957446,5.600000000103449,0.6000000001034493,112
3691,810.344827586,Re_810p344828,34.86170213,6.170212765957446,5.65000000037931,0.6500000003793103,113
3692,810.344827586,Re_810p344828,35.17021277,6.170212765957446,5.700000000655173,0.700000000655173,114
3693,810.344827586,Re_810p344828,35.4787234,6.170212765957446,5.7499999993103454,0.7499999993103454,115
3694,810.344827586,Re_810p344828,35.78723404,6.170212765957446,5.799999999586208,0.7999999995862082,116
3695,810.344827586,Re_810p344828,36.09574468,6.170212765957446,5.84999999986207,0.84999999986207,117
3696,810.344827586,Re_810p344828,36.40425532,6.170212765957446,5.900000000137931,0.9000000001379309,118
3697,810.344827586,Re_810p344828,36.71276596,6.170212765957446,5.950000000413794,0.9500000004137936,119
3698,810.344827586,Re_810p344828,37.0212766,6.170212765957446,6.000000000689655,6.896554438640123e-10,120
3699,810.344827586,Re_810p344828,37.32978723,6.170212765957446,6.049999999344829,0.049999999344828794,121
3700,810.344827586,Re_810p344828,37.63829787,6.170212765957446,6.099999999620691,0.09999999962069062,122
3701,810.344827586,Re_810p344828,37.94680851,6.170212765957446,6.1499999998965516,0.14999999989655155,123
3702,810.344827586,Re_810p344828,38.25531915,6.170212765957446,6.200000000172414,0.20000000017241426,124
3703,810.344827586,Re_810p344828,38.56382979,6.170212765957446,6.250000000448276,0.2500000004482761,125
3704,810.344827586,Re_810p344828,38.87234043,6.170212765957446,6.300000000724139,0.3000000007241388,126
3705,810.344827586,Re_810p344828,39.18085106,6.170212765957446,6.349999999379311,0.34999999937931126,127
3706,810.344827586,Re_810p344828,39.4893617,6.170212765957446,6.399999999655174,0.39999999965517397,128
3707,810.344827586,Re_810p344828,39.79787234,6.170212765957446,6.449999999931035,0.4499999999310349,129
3708,810.344827586,Re_810p344828,40.10638298,6.170212765957446,6.500000000206897,0.5000000002068967,130
3709,810.344827586,Re_810p344828,40.41489362,6.170212765957446,6.550000000482759,0.5500000004827594,131
3710,810.344827586,Re_810p344828,40.72340426,6.170212765957446,6.600000000758622,0.6000000007586221,132
3711,810.344827586,Re_810p344828,41.03191489,6.170212765957446,6.649999999413795,0.6499999994137946,133
3712,810.344827586,Re_810p344828,41.34042553,6.170212765957446,6.6999999996896555,0.6999999996896555,134
3713,810.344827586,Re_810p344828,41.64893617,6.170212765957446,6.749999999965517,0.7499999999655174,135
3714,810.344827586,Re_810p344828,41.95744681,6.170212765957446,6.80000000024138,0.8000000002413801,136
3715,810.344827586,Re_810p344828,42.26595745,6.170212765957446,6.850000000517243,0.8500000005172428,137
3716,810.344827586,Re_810p344828,42.57446809,6.170212765957446,6.900000000793105,0.9000000007931046,138
3717,810.344827586,Re_810p344828,42.88297872,6.170212765957446,6.949999999448276,0.9499999994482762,139
3718,810.344827586,Re_810p344828,43.19148936,6.170212765957446,6.999999999724138,0.999999999724138,140
3719,810.344827586,Re_810p344828,43.5,6.170212765957446,7.050000000000001,0.05000000000000071,141
3720,810.344827586,Re_810p344828,43.80851064,6.170212765957446,7.100000000275863,0.10000000027586342,142
3721,810.344827586,Re_810p344828,44.11702128,6.170212765957446,7.150000000551725,0.15000000055172524,143
3722,810.344827586,Re_810p344828,44.42553191,6.170212765957446,7.199999999206897,0.19999999920689682,144
3723,810.344827586,Re_810p344828,44.73404255,6.170212765957446,7.249999999482759,0.24999999948275864,145
3724,810.344827586,Re_810p344828,45.04255319,6.170212765957446,7.299999999758621,0.29999999975862135,146
3725,810.344827586,Re_810p344828,45.35106383,6.170212765957446,7.350000000034484,0.35000000003448406,147
3726,810.344827586,Re_810p344828,45.65957447,6.170212765957446,7.400000000310346,0.4000000003103459,148
3727,810.344827586,Re_810p344828,45.96808511,6.170212765957446,7.450000000586207,0.4500000005862068,149
3728,810.344827586,Re_810p344828,46.27659574,6.170212765957446,7.499999999241379,0.4999999992413793,150
3729,810.344827586,Re_810p344828,46.58510638,6.170212765957446,7.549999999517242,0.549999999517242,151
3730,810.344827586,Re_810p344828,46.89361702,6.170212765957446,7.599999999793105,0.5999999997931047,152
3731,810.344827586,Re_810p344828,47.20212766,6.170212765957446,7.6500000000689665,0.6500000000689665,153
3732,810.344827586,Re_810p344828,47.5106383,6.170212765957446,7.7000000003448275,0.7000000003448275,154
3733,810.344827586,Re_810p344828,47.81914894,6.170212765957446,7.75000000062069,0.7500000006206902,155
3734,810.344827586,Re_810p344828,48.12765957,6.170212765957446,7.799999999275863,0.7999999992758626,156
3735,810.344827586,Re_810p344828,48.43617021,6.170212765957446,7.849999999551725,0.8499999995517253,157
3736,810.344827586,Re_810p344828,48.74468085,6.170212765957446,7.899999999827587,0.8999999998275872,158
3737,810.344827586,Re_810p344828,49.05319149,6.170212765957446,7.95000000010345,0.9500000001034499,159
3738,810.344827586,Re_810p344828,49.36170213,6.170212765957446,8.00000000037931,3.793108049876537e-10,160
3739,810.344827586,Re_810p344828,49.67021277,6.170212765957446,8.050000000655173,0.05000000065517263,161
3740,810.344827586,Re_810p344828,49.9787234,6.170212765957446,8.099999999310345,0.09999999931034509,162
3741,810.344827586,Re_810p344828,50.28723404,6.170212765957446,8.149999999586209,0.1499999995862087,163
3742,810.344827586,Re_810p344828,50.59574468,6.170212765957446,8.19999999986207,0.1999999998620705,164
3743,810.344827586,Re_810p344828,50.90425532,6.170212765957446,8.25000000013793,0.25000000013793056,165
3744,810.344827586,Re_810p344828,51.21276596,6.170212765957446,8.300000000413794,0.30000000041379415,166
3745,810.344827586,Re_810p344828,51.5212766,6.170212765957446,8.350000000689656,0.350000000689656,167
3746,810.344827586,Re_810p344828,51.82978723,6.170212765957446,8.399999999344828,0.39999999934482844,168
3747,810.344827586,Re_810p344828,52.13829787,6.170212765957446,8.44999999962069,0.44999999962069026,169
3748,810.344827586,Re_810p344828,52.44680851,6.170212765957446,8.499999999896552,0.4999999998965521,170
3749,810.344827586,Re_810p344828,52.75531915,6.170212765957446,8.550000000172414,0.5500000001724139,171
3750,810.344827586,Re_810p344828,53.06382979,6.170212765957446,8.600000000448278,0.6000000004482775,172
3751,810.344827586,Re_810p344828,53.37234043,6.170212765957446,8.65000000072414,0.6500000007241393,173
3752,810.344827586,Re_810p344828,53.68085106,6.170212765957446,8.699999999379312,0.6999999993793118,174
3753,810.344827586,Re_810p344828,53.9893617,6.170212765957446,8.749999999655174,0.7499999996551736,175
3754,810.344827586,Re_810p344828,54.29787234,6.170212765957446,8.799999999931035,0.7999999999310354,176
3755,810.344827586,Re_810p344828,54.60638298,6.170212765957446,8.850000000206897,0.8500000002068973,177
3756,810.344827586,Re_810p344828,54.91489362,6.170212765957446,8.900000000482759,0.9000000004827591,178
3757,810.344827586,Re_810p344828,55.22340426,6.170212765957446,8.950000000758623,0.9500000007586227,179
3758,810.344827586,Re_810p344828,55.53191489,6.170212765957446,8.999999999413795,0.9999999994137951,180
3759,810.344827586,Re_810p344828,55.84042553,6.170212765957446,9.049999999689655,0.049999999689655183,181
3760,810.344827586,Re_810p344828,56.14893617,6.170212765957446,9.099999999965519,0.09999999996551878,182
3761,810.344827586,Re_810p344828,56.45744681,6.170212765957446,9.15000000024138,0.1500000002413806,183
3762,810.344827586,Re_810p344828,56.76595745,6.170212765957446,9.200000000517242,0.20000000051724243,184
3763,810.344827586,Re_810p344828,57.07446809,6.170212765957446,9.250000000793104,0.25000000079310425,185
3764,810.344827586,Re_810p344828,57.38297872,6.170212765957446,9.299999999448277,0.2999999994482767,186
3765,810.344827586,Re_810p344828,57.69148936,6.170212765957446,9.349999999724139,0.34999999972413853,187
3766,810.344827586,Re_810p344828,58.0,6.170212765957446,9.4,0.40000000000000036,188
3767,810.344827586,Re_810p344828,58.30851064,6.170212765957446,9.450000000275864,0.45000000027586395,189
3768,810.344827586,Re_810p344828,58.61702128,6.170212765957446,9.500000000551726,0.5000000005517258,190
3769,810.344827586,Re_810p344828,58.92553191,6.170212765957446,9.549999999206896,0.5499999992068965,191
3770,810.344827586,Re_810p344828,59.23404255,6.170212765957446,9.59999999948276,0.5999999994827601,192
3771,810.344827586,Re_810p344828,59.54255319,6.170212765957446,9.649999999758622,0.6499999997586219,193
3772,810.344827586,Re_810p344828,59.85106383,6.170212765957446,9.700000000034484,0.7000000000344837,194
3773,810.344827586,Re_810p344828,60.15957447,6.170212765957446,9.750000000310346,0.7500000003103455,195
3774,810.344827586,Re_810p344828,60.46808511,6.170212765957446,9.800000000586207,0.8000000005862073,196
3775,810.344827586,Re_810p344828,60.77659574,6.170212765957446,9.84999999924138,0.8499999992413798,197
3776,810.344827586,Re_810p344828,61.08510638,6.170212765957446,9.899999999517242,0.8999999995172416,198
3777,810.344827586,Re_810p344828,61.39361702,6.170212765957446,9.949999999793105,0.9499999997931052,199
3778,810.344827586,Re_810p344828,61.70212766,6.170212765957446,10.000000000068967,6.896705428971472e-11,200
3779,810.344827586,Re_810p344828,62.0106383,6.170212765957446,10.050000000344829,0.05000000034482888,201
3780,810.344827586,Re_810p344828,62.31914894,6.170212765957446,10.10000000062069,0.1000000006206907,202
3781,810.344827586,Re_810p344828,62.62765957,6.170212765957446,10.149999999275863,0.14999999927586316,203
3782,810.344827586,Re_810p344828,62.93617021,6.170212765957446,10.199999999551725,0.19999999955172498,204
3783,810.344827586,Re_810p344828,63.24468085,6.170212765957446,10.249999999827587,0.2499999998275868,205
3784,810.344827586,Re_810p344828,63.55319149,6.170212765957446,10.30000000010345,0.3000000001034504,206
3785,810.344827586,Re_810p344828,63.86170213,6.170212765957446,10.35000000037931,0.35000000037931045,207
3786,810.344827586,Re_810p344828,64.17021277,6.170212765957446,10.400000000655174,0.40000000065517405,208
3787,810.344827586,Re_810p344828,64.4787234,6.170212765957446,10.449999999310347,0.4499999993103465,209
3788,810.344827586,Re_810p344828,64.78723404,6.170212765957446,10.499999999586208,0.49999999958620833,210
3789,810.344827586,Re_810p344828,65.09574468,6.170212765957446,10.54999999986207,0.5499999998620702,211
3790,810.344827586,Re_810p344828,65.40425532,6.170212765957446,10.600000000137932,0.600000000137932,212
3791,810.344827586,Re_810p344828,65.71276596,6.170212765957446,10.650000000413794,0.6500000004137938,213
3792,810.344827586,Re_810p344828,66.0212766,6.170212765957446,10.700000000689656,0.7000000006896556,214
3793,810.344827586,Re_810p344828,66.32978723,6.170212765957446,10.749999999344828,0.7499999993448281,215
3794,810.344827586,Re_810p344828,66.63829787,6.170212765957446,10.799999999620692,0.7999999996206917,216
3795,810.344827586,Re_810p344828,66.94680851,6.170212765957446,10.849999999896552,0.8499999998965517,217
3796,810.344827586,Re_810p344828,67.25531915,6.170212765957446,10.900000000172415,0.9000000001724153,218
3797,810.344827586,Re_810p344828,67.56382979,6.170212765957446,10.950000000448277,0.9500000004482771,219
3798,810.344827586,Re_810p344828,67.87234043,6.170212765957446,11.000000000724139,7.241389710088697e-10,220
3799,810.344827586,Re_810p344828,68.18085106,6.170212765957446,11.049999999379311,0.04999999937931143,221
3800,810.344827586,Re_810p344828,68.4893617,6.170212765957446,11.099999999655173,0.09999999965517326,222
3801,810.344827586,Re_810p344828,68.79787234,6.170212765957446,11.149999999931035,0.14999999993103508,223
3802,810.344827586,Re_810p344828,69.10638298,6.170212765957446,11.200000000206899,0.20000000020689868,224
3803,810.344827586,Re_810p344828,69.41489362,6.170212765957446,11.25000000048276,0.2500000004827605,225
3804,810.344827586,Re_810p344828,69.72340426,6.170212765957446,11.30000000075862,0.30000000075862054,226
3805,810.344827586,Re_810p344828,70.03191489,6.170212765957446,11.349999999413793,0.349999999413793,227
3806,810.344827586,Re_810p344828,70.34042553,6.170212765957446,11.399999999689657,0.3999999996896566,228
3807,810.344827586,Re_810p344828,70.64893617,6.170212765957446,11.449999999965518,0.4499999999655184,229
3808,810.344827586,Re_810p344828,70.95744681,6.170212765957446,11.50000000024138,0.5000000002413802,230
3809,810.344827586,Re_810p344828,71.26595745,6.170212765957446,11.550000000517242,0.5500000005172421,231
3810,810.344827586,Re_810p344828,71.57446809,6.170212765957446,11.600000000793104,0.6000000007931039,232
3811,810.344827586,Re_810p344828,71.88297872,6.170212765957446,11.649999999448276,0.6499999994482764,233
3812,810.344827586,Re_810p344828,72.19148936,6.170212765957446,11.69999999972414,0.69999999972414,234
3813,810.344827586,Re_810p344828,72.5,6.170212765957446,11.750000000000002,0.7500000000000018,235
3814,810.344827586,Re_810p344828,72.80851064,6.170212765957446,11.800000000275862,0.8000000002758618,236
3815,810.344827586,Re_810p344828,73.11702128,6.170212765957446,11.850000000551725,0.8500000005517254,237
3816,810.344827586,Re_810p344828,73.42553191,6.170212765957446,11.899999999206898,0.8999999992068979,238
3817,810.344827586,Re_810p344828,73.73404255,6.170212765957446,11.94999999948276,0.9499999994827597,239
3818,810.344827586,Re_810p344828,74.04255319,6.170212765957446,11.999999999758623,0.9999999997586233,240
3819,827.586206897,Re_827p586207,12.08333333,6.041666666666667,1.9999999994482758,0.9999999994482758,40
3820,827.586206897,Re_827p586207,12.38541667,6.041666666666667,2.050000000551724,0.05000000055172382,41
3821,827.586206897,Re_827p586207,12.6875,6.041666666666667,2.1,0.10000000000000009,42
3822,827.586206897,Re_827p586207,12.98958333,6.041666666666667,2.149999999448276,0.1499999994482759,43
3823,827.586206897,Re_827p586207,13.29166667,6.041666666666667,2.200000000551724,0.20000000055172418,44
3824,827.586206897,Re_827p586207,13.59375,6.041666666666667,2.25,0.25,45
3825,827.586206897,Re_827p586207,13.89583333,6.041666666666667,2.299999999448276,0.2999999994482758,46
3826,827.586206897,Re_827p586207,14.19791667,6.041666666666667,2.350000000551724,0.3500000005517241,47
3827,827.586206897,Re_827p586207,14.5,6.041666666666667,2.4,0.3999999999999999,48
3828,827.586206897,Re_827p586207,14.80208333,6.041666666666667,2.4499999994482757,0.44999999944827573,49
3829,827.586206897,Re_827p586207,15.10416667,6.041666666666667,2.500000000551724,0.500000000551724,50
3830,827.586206897,Re_827p586207,15.40625,6.041666666666667,2.55,0.5499999999999998,51
3831,827.586206897,Re_827p586207,15.70833333,6.041666666666667,2.5999999994482756,0.5999999994482756,52
3832,827.586206897,Re_827p586207,16.01041667,6.041666666666667,2.6500000005517244,0.6500000005517244,53
3833,827.586206897,Re_827p586207,16.3125,6.041666666666667,2.6999999999999997,0.6999999999999997,54
3834,827.586206897,Re_827p586207,16.61458333,6.041666666666667,2.7499999994482756,0.7499999994482756,55
3835,827.586206897,Re_827p586207,16.91666667,6.041666666666667,2.8000000005517243,0.8000000005517243,56
3836,827.586206897,Re_827p586207,17.21875,6.041666666666667,2.8499999999999996,0.8499999999999996,57
3837,827.586206897,Re_827p586207,17.52083333,6.041666666666667,2.8999999994482755,0.8999999994482755,58
3838,827.586206897,Re_827p586207,17.82291667,6.041666666666667,2.950000000551724,0.9500000005517242,59
3839,827.586206897,Re_827p586207,18.125,6.041666666666667,3.0,0.0,60
3840,827.586206897,Re_827p586207,18.42708333,6.041666666666667,3.0499999994482754,0.04999999944827538,61
3841,827.586206897,Re_827p586207,18.72916667,6.041666666666667,3.100000000551724,0.10000000055172409,62
3842,827.586206897,Re_827p586207,19.03125,6.041666666666667,3.15,0.1499999999999999,63
3843,827.586206897,Re_827p586207,19.33333333,6.041666666666667,3.1999999994482753,0.1999999994482753,64
3844,827.586206897,Re_827p586207,19.63541667,6.041666666666667,3.250000000551724,0.250000000551724,65
3845,827.586206897,Re_827p586207,19.9375,6.041666666666667,3.3,0.2999999999999998,66
3846,827.586206897,Re_827p586207,20.23958333,6.041666666666667,3.3499999994482756,0.34999999944827564,67
3847,827.586206897,Re_827p586207,20.54166667,6.041666666666667,3.4000000005517244,0.40000000055172436,68
3848,827.586206897,Re_827p586207,20.84375,6.041666666666667,3.4499999999999997,0.44999999999999973,69
3849,827.586206897,Re_827p586207,21.14583333,6.041666666666667,3.4999999994482756,0.49999999944827556,70
3850,827.586206897,Re_827p586207,21.44791667,6.041666666666667,3.5500000005517243,0.5500000005517243,71
3851,827.586206897,Re_827p586207,21.75,6.041666666666667,3.5999999999999996,0.5999999999999996,72
3852,827.586206897,Re_827p586207,22.05208333,6.041666666666667,3.6499999994482755,0.6499999994482755,73
3853,827.586206897,Re_827p586207,22.35416667,6.041666666666667,3.700000000551724,0.7000000005517242,74
3854,827.586206897,Re_827p586207,22.65625,6.041666666666667,3.75,0.75,75
3855,827.586206897,Re_827p586207,22.95833333,6.041666666666667,3.7999999994482754,0.7999999994482754,76
3856,827.586206897,Re_827p586207,23.26041667,6.041666666666667,3.850000000551724,0.8500000005517241,77
3857,827.586206897,Re_827p586207,23.5625,6.041666666666667,3.9,0.8999999999999999,78
3858,827.586206897,Re_827p586207,23.86458333,6.041666666666667,3.9499999994482753,0.9499999994482753,79
3859,827.586206897,Re_827p586207,24.16666667,6.041666666666667,4.000000000551724,5.51723999819842e-10,80
3860,827.586206897,Re_827p586207,24.46875,6.041666666666667,4.05,0.04999999999999982,81
3861,827.586206897,Re_827p586207,24.77083333,6.041666666666667,4.099999999448276,0.09999999944827564,82
3862,827.586206897,Re_827p586207,25.07291667,6.041666666666667,4.150000000551724,0.15000000055172436,83
3863,827.586206897,Re_827p586207,25.375,6.041666666666667,4.2,0.20000000000000018,84
3864,827.586206897,Re_827p586207,25.67708333,6.041666666666667,4.249999999448275,0.2499999994482751,85
3865,827.586206897,Re_827p586207,25.97916667,6.041666666666667,4.300000000551724,0.3000000005517238,86
3866,827.586206897,Re_827p586207,26.28125,6.041666666666667,4.35,0.34999999999999964,87
3867,827.586206897,Re_827p586207,26.58333333,6.041666666666667,4.3999999994482755,0.39999999944827547,88
3868,827.586206897,Re_827p586207,26.88541667,6.041666666666667,4.450000000551724,0.4500000005517242,89
3869,827.586206897,Re_827p586207,27.1875,6.041666666666667,4.5,0.5,90
3870,827.586206897,Re_827p586207,27.48958333,6.041666666666667,4.549999999448276,0.5499999994482758,91
3871,827.586206897,Re_827p586207,27.79166667,6.041666666666667,4.6000000005517245,0.6000000005517245,92
3872,827.586206897,Re_827p586207,28.09375,6.041666666666667,4.6499999999999995,0.6499999999999995,93
3873,827.586206897,Re_827p586207,28.39583333,6.041666666666667,4.699999999448275,0.6999999994482753,94
3874,827.586206897,Re_827p586207,28.69791667,6.041666666666667,4.750000000551724,0.750000000551724,95
3875,827.586206897,Re_827p586207,29.0,6.041666666666667,4.8,0.7999999999999998,96
3876,827.586206897,Re_827p586207,29.30208333,6.041666666666667,4.849999999448276,0.8499999994482756,97
3877,827.586206897,Re_827p586207,29.60416667,6.041666666666667,4.900000000551724,0.9000000005517244,98
3878,827.586206897,Re_827p586207,29.90625,6.041666666666667,4.95,0.9500000000000002,99
3879,827.586206897,Re_827p586207,30.20833333,6.041666666666667,4.999999999448275,0.9999999994482751,100
3880,827.586206897,Re_827p586207,30.51041667,6.041666666666667,5.050000000551724,0.05000000055172382,101
3881,827.586206897,Re_827p586207,30.8125,6.041666666666667,5.1,0.09999999999999964,102
3882,827.586206897,Re_827p586207,31.11458333,6.041666666666667,5.1499999994482755,0.14999999944827547,103
3883,827.586206897,Re_827p586207,31.41666667,6.041666666666667,5.200000000551724,0.20000000055172418,104
3884,827.586206897,Re_827p586207,31.71875,6.041666666666667,5.25,0.25,105
3885,827.586206897,Re_827p586207,32.02083333,6.041666666666667,5.299999999448276,0.2999999994482758,106
3886,827.586206897,Re_827p586207,32.32291667,6.041666666666667,5.350000000551724,0.35000000055172364,107
3887,827.586206897,Re_827p586207,32.625,6.041666666666667,5.3999999999999995,0.39999999999999947,108
3888,827.586206897,Re_827p586207,32.92708333,6.041666666666667,5.449999999448276,0.4499999994482762,109
3889,827.586206897,Re_827p586207,33.22916667,6.041666666666667,5.500000000551723,0.5000000005517231,110
3890,827.586206897,Re_827p586207,33.53125,6.041666666666667,5.55,0.5499999999999998,111
3891,827.586206897,Re_827p586207,33.83333333,6.041666666666667,5.599999999448276,0.5999999994482756,112
3892,827.586206897,Re_827p586207,34.13541667,6.041666666666667,5.6500000005517235,0.6500000005517235,113
3893,827.586206897,Re_827p586207,34.4375,6.041666666666667,5.699999999999999,0.6999999999999993,114
3894,827.586206897,Re_827p586207,34.73958333,6.041666666666667,5.749999999448276,0.749999999448276,115
3895,827.586206897,Re_827p586207,35.04166667,6.041666666666667,5.800000000551724,0.8000000005517238,116
3896,827.586206897,Re_827p586207,35.34375,6.041666666666667,5.85,0.8499999999999996,117
3897,827.586206897,Re_827p586207,35.64583333,6.041666666666667,5.899999999448276,0.8999999994482764,118
3898,827.586206897,Re_827p586207,35.94791667,6.041666666666667,5.950000000551723,0.9500000005517233,119
3899,827.586206897,Re_827p586207,36.25,6.041666666666667,6.0,0.0,120
3900,827.586206897,Re_827p586207,36.55208333,6.041666666666667,6.049999999448276,0.04999999944827582,121
3901,827.586206897,Re_827p586207,36.85416667,6.041666666666667,6.100000000551724,0.10000000055172364,122
3902,827.586206897,Re_827p586207,37.15625,6.041666666666667,6.1499999999999995,0.14999999999999947,123
3903,827.586206897,Re_827p586207,37.45833333,6.041666666666667,6.199999999448276,0.19999999944827618,124
3904,827.586206897,Re_827p586207,37.76041667,6.041666666666667,6.250000000551723,0.2500000005517231,125
3905,827.586206897,Re_827p586207,38.0625,6.041666666666667,6.3,0.2999999999999998,126
3906,827.586206897,Re_827p586207,38.36458333,6.041666666666667,6.349999999448276,0.34999999944827564,127
3907,827.586206897,Re_827p586207,38.66666667,6.041666666666667,6.4000000005517235,0.40000000055172347,128
3908,827.586206897,Re_827p586207,38.96875,6.041666666666667,6.449999999999999,0.4499999999999993,129
3909,827.586206897,Re_827p586207,39.27083333,6.041666666666667,6.499999999448276,0.499999999448276,130
3910,827.586206897,Re_827p586207,39.57291667,6.041666666666667,6.550000000551724,0.5500000005517238,131
3911,827.586206897,Re_827p586207,39.875,6.041666666666667,6.6,0.5999999999999996,132
3912,827.586206897,Re_827p586207,40.17708333,6.041666666666667,6.6499999994482755,0.6499999994482755,133
3913,827.586206897,Re_827p586207,40.47916667,6.041666666666667,6.700000000551723,0.7000000005517233,134
3914,827.586206897,Re_827p586207,40.78125,6.041666666666667,6.75,0.75,135
3915,827.586206897,Re_827p586207,41.08333333,6.041666666666667,6.799999999448276,0.7999999994482758,136
3916,827.586206897,Re_827p586207,41.38541667,6.041666666666667,6.850000000551724,0.8500000005517236,137
3917,827.586206897,Re_827p586207,41.6875,6.041666666666667,6.8999999999999995,0.8999999999999995,138
3918,827.586206897,Re_827p586207,41.98958333,6.041666666666667,6.949999999448276,0.9499999994482762,139
3919,827.586206897,Re_827p586207,42.29166667,6.041666666666667,7.000000000551723,5.517231116414223e-10,140
3920,827.586206897,Re_827p586207,42.59375,6.041666666666667,7.05,0.04999999999999982,141
3921,827.586206897,Re_827p586207,42.89583333,6.041666666666667,7.099999999448276,0.09999999944827564,142
3922,827.586206897,Re_827p586207,43.19791667,6.041666666666667,7.1500000005517235,0.15000000055172347,143
3923,827.586206897,Re_827p586207,43.5,6.041666666666667,7.199999999999999,0.1999999999999993,144
3924,827.586206897,Re_827p586207,43.80208333,6.041666666666667,7.249999999448276,0.249999999448276,145
3925,827.586206897,Re_827p586207,44.10416667,6.041666666666667,7.300000000551724,0.3000000005517238,146
3926,827.586206897,Re_827p586207,44.40625,6.041666666666667,7.35,0.34999999999999964,147
3927,827.586206897,Re_827p586207,44.70833333,6.041666666666667,7.3999999994482755,0.39999999944827547,148
3928,827.586206897,Re_827p586207,45.01041667,6.041666666666667,7.450000000551723,0.4500000005517233,149
3929,827.586206897,Re_827p586207,45.3125,6.041666666666667,7.5,0.5,150
3930,827.586206897,Re_827p586207,45.61458333,6.041666666666667,7.549999999448276,0.5499999994482758,151
3931,827.586206897,Re_827p586207,45.91666667,6.041666666666667,7.600000000551724,0.6000000005517236,152
3932,827.586206897,Re_827p586207,46.21875,6.041666666666667,7.6499999999999995,0.6499999999999995,153
3933,827.586206897,Re_827p586207,46.52083333,6.041666666666667,7.699999999448276,0.6999999994482762,154
3934,827.586206897,Re_827p586207,46.82291667,6.041666666666667,7.750000000551723,0.7500000005517231,155
3935,827.586206897,Re_827p586207,47.125,6.041666666666667,7.8,0.7999999999999998,156
3936,827.586206897,Re_827p586207,47.42708333,6.041666666666667,7.849999999448276,0.8499999994482756,157
3937,827.586206897,Re_827p586207,47.72916667,6.041666666666667,7.9000000005517235,0.9000000005517235,158
3938,827.586206897,Re_827p586207,48.03125,6.041666666666667,7.949999999999999,0.9499999999999993,159
3939,827.586206897,Re_827p586207,48.33333333,6.041666666666667,7.999999999448276,0.999999999448276,160
3940,827.586206897,Re_827p586207,48.63541667,6.041666666666667,8.050000000551723,0.050000000551722934,161
3941,827.586206897,Re_827p586207,48.9375,6.041666666666667,8.1,0.09999999999999964,162
3942,827.586206897,Re_827p586207,49.23958333,6.041666666666667,8.149999999448276,0.14999999944827636,163
3943,827.586206897,Re_827p586207,49.54166667,6.041666666666667,8.200000000551723,0.2000000005517233,164
3944,827.586206897,Re_827p586207,49.84375,6.041666666666667,8.25,0.25,165
3945,827.586206897,Re_827p586207,50.14583333,6.041666666666667,8.299999999448275,0.29999999944827493,166
3946,827.586206897,Re_827p586207,50.44791667,6.041666666666667,8.350000000551724,0.35000000055172364,167
3947,827.586206897,Re_827p586207,50.75,6.041666666666667,8.4,0.40000000000000036,168
3948,827.586206897,Re_827p586207,51.05208333,6.041666666666667,8.449999999448275,0.4499999994482753,169
3949,827.586206897,Re_827p586207,51.35416667,6.041666666666667,8.500000000551724,0.500000000551724,170
3950,827.586206897,Re_827p586207,51.65625,6.041666666666667,8.549999999999999,0.5499999999999989,171
3951,827.586206897,Re_827p586207,51.95833333,6.041666666666667,8.599999999448276,0.5999999994482756,172
3952,827.586206897,Re_827p586207,52.26041667,6.041666666666667,8.650000000551723,0.6500000005517226,173
3953,827.586206897,Re_827p586207,52.5625,6.041666666666667,8.7,0.6999999999999993,174
3954,827.586206897,Re_827p586207,52.86458333,6.041666666666667,8.749999999448276,0.749999999448276,175
3955,827.586206897,Re_827p586207,53.16666667,6.041666666666667,8.800000000551723,0.8000000005517229,176
3956,827.586206897,Re_827p586207,53.46875,6.041666666666667,8.85,0.8499999999999996,177
3957,827.586206897,Re_827p586207,53.77083333,6.041666666666667,8.899999999448276,0.8999999994482764,178
3958,827.586206897,Re_827p586207,54.07291667,6.041666666666667,8.950000000551723,0.9500000005517233,179
3959,827.586206897,Re_827p586207,54.375,6.041666666666667,9.0,0.0,180
3960,827.586206897,Re_827p586207,54.67708333,6.041666666666667,9.049999999448275,0.049999999448274934,181
3961,827.586206897,Re_827p586207,54.97916667,6.041666666666667,9.100000000551724,0.10000000055172364,182
3962,827.586206897,Re_827p586207,55.28125,6.041666666666667,9.15,0.15000000000000036,183
3963,827.586206897,Re_827p586207,55.58333333,6.041666666666667,9.199999999448275,0.1999999994482753,184
3964,827.586206897,Re_827p586207,55.88541667,6.041666666666667,9.250000000551724,0.250000000551724,185
3965,827.586206897,Re_827p586207,56.1875,6.041666666666667,9.299999999999999,0.29999999999999893,186
3966,827.586206897,Re_827p586207,56.48958333,6.041666666666667,9.349999999448276,0.34999999944827564,187
3967,827.586206897,Re_827p586207,56.79166667,6.041666666666667,9.400000000551723,0.4000000005517226,188
3968,827.586206897,Re_827p586207,57.09375,6.041666666666667,9.45,0.4499999999999993,189
3969,827.586206897,Re_827p586207,57.39583333,6.041666666666667,9.499999999448276,0.499999999448276,190
3970,827.586206897,Re_827p586207,57.69791667,6.041666666666667,9.550000000551723,0.5500000005517229,191
3971,827.586206897,Re_827p586207,58.0,6.041666666666667,9.6,0.5999999999999996,192
3972,827.586206897,Re_827p586207,58.30208333,6.041666666666667,9.649999999448276,0.6499999994482764,193
3973,827.586206897,Re_827p586207,58.60416667,6.041666666666667,9.700000000551723,0.7000000005517233,194
3974,827.586206897,Re_827p586207,58.90625,6.041666666666667,9.75,0.75,195
3975,827.586206897,Re_827p586207,59.20833333,6.041666666666667,9.799999999448275,0.7999999994482749,196
3976,827.586206897,Re_827p586207,59.51041667,6.041666666666667,9.850000000551724,0.8500000005517236,197
3977,827.586206897,Re_827p586207,59.8125,6.041666666666667,9.9,0.9000000000000004,198
3978,827.586206897,Re_827p586207,60.11458333,6.041666666666667,9.949999999448275,0.9499999994482753,199
3979,827.586206897,Re_827p586207,60.41666667,6.041666666666667,10.000000000551724,5.51723999819842e-10,200
3980,827.586206897,Re_827p586207,60.71875,6.041666666666667,10.049999999999999,0.049999999999998934,201
3981,827.586206897,Re_827p586207,61.02083333,6.041666666666667,10.099999999448276,0.09999999944827564,202
3982,827.586206897,Re_827p586207,61.32291667,6.041666666666667,10.150000000551723,0.15000000055172258,203
3983,827.586206897,Re_827p586207,61.625,6.041666666666667,10.2,0.1999999999999993,204
3984,827.586206897,Re_827p586207,61.92708333,6.041666666666667,10.249999999448276,0.249999999448276,205
3985,827.586206897,Re_827p586207,62.22916667,6.041666666666667,10.300000000551723,0.30000000055172293,206
3986,827.586206897,Re_827p586207,62.53125,6.041666666666667,10.35,0.34999999999999964,207
3987,827.586206897,Re_827p586207,62.83333333,6.041666666666667,10.399999999448276,0.39999999944827636,208
3988,827.586206897,Re_827p586207,63.13541667,6.041666666666667,10.450000000551723,0.4500000005517233,209
3989,827.586206897,Re_827p586207,63.4375,6.041666666666667,10.5,0.5,210
3990,827.586206897,Re_827p586207,63.73958333,6.041666666666667,10.549999999448275,0.5499999994482749,211
3991,827.586206897,Re_827p586207,64.04166667,6.041666666666667,10.600000000551724,0.6000000005517236,212
3992,827.586206897,Re_827p586207,64.34375,6.041666666666667,10.65,0.6500000000000004,213
3993,827.586206897,Re_827p586207,64.64583333,6.041666666666667,10.699999999448275,0.6999999994482753,214
3994,827.586206897,Re_827p586207,64.94791667,6.041666666666667,10.750000000551724,0.750000000551724,215
3995,827.586206897,Re_827p586207,65.25,6.041666666666667,10.799999999999999,0.7999999999999989,216
3996,827.586206897,Re_827p586207,65.55208333,6.041666666666667,10.849999999448276,0.8499999994482756,217
3997,827.586206897,Re_827p586207,65.85416667,6.041666666666667,10.900000000551723,0.9000000005517226,218
3998,827.586206897,Re_827p586207,66.15625,6.041666666666667,10.95,0.9499999999999993,219
3999,827.586206897,Re_827p586207,66.45833333,6.041666666666667,10.999999999448276,0.999999999448276,220
4000,827.586206897,Re_827p586207,66.76041667,6.041666666666667,11.050000000551723,0.050000000551722934,221
4001,827.586206897,Re_827p586207,67.0625,6.041666666666667,11.1,0.09999999999999964,222
4002,827.586206897,Re_827p586207,67.36458333,6.041666666666667,11.149999999448276,0.14999999944827636,223
4003,827.586206897,Re_827p586207,67.66666667,6.041666666666667,11.200000000551723,0.2000000005517233,224
4004,827.586206897,Re_827p586207,67.96875,6.041666666666667,11.25,0.25,225
4005,827.586206897,Re_827p586207,68.27083333,6.041666666666667,11.299999999448275,0.29999999944827493,226
4006,827.586206897,Re_827p586207,68.57291667,6.041666666666667,11.350000000551724,0.35000000055172364,227
4007,827.586206897,Re_827p586207,68.875,6.041666666666667,11.399999999999999,0.3999999999999986,228
4008,827.586206897,Re_827p586207,69.17708333,6.041666666666667,11.449999999448275,0.4499999994482753,229
4009,827.586206897,Re_827p586207,69.47916667,6.041666666666667,11.500000000551724,0.500000000551724,230
4010,827.586206897,Re_827p586207,69.78125,6.041666666666667,11.549999999999999,0.5499999999999989,231
4011,827.586206897,Re_827p586207,70.08333333,6.041666666666667,11.599999999448276,0.5999999994482756,232
4012,827.586206897,Re_827p586207,70.38541667,6.041666666666667,11.650000000551723,0.6500000005517226,233
4013,827.586206897,Re_827p586207,70.6875,6.041666666666667,11.7,0.6999999999999993,234
4014,827.586206897,Re_827p586207,70.98958333,6.041666666666667,11.749999999448276,0.749999999448276,235
4015,827.586206897,Re_827p586207,71.29166667,6.041666666666667,11.800000000551723,0.8000000005517229,236
4016,827.586206897,Re_827p586207,71.59375,6.041666666666667,11.85,0.8499999999999996,237
4017,827.586206897,Re_827p586207,71.89583333,6.041666666666667,11.899999999448276,0.8999999994482764,238
4018,827.586206897,Re_827p586207,72.19791667,6.041666666666667,11.950000000551723,0.9500000005517233,239
4019,827.586206897,Re_827p586207,72.5,6.041666666666667,12.0,0.0,240
4020,844.827586207,Re_844p827586,11.83673469,5.918367346938775,1.9999999993448276,0.9999999993448276,40
4021,844.827586207,Re_844p827586,12.13265306,5.918367346938775,2.0499999997931035,0.049999999793103544,41
4022,844.827586207,Re_844p827586,12.42857143,5.918367346938775,2.1000000002413794,0.10000000024137945,42
4023,844.827586207,Re_844p827586,12.7244898,5.918367346938775,2.1500000006896554,0.15000000068965536,43
4024,844.827586207,Re_844p827586,13.02040816,5.918367346938775,2.199999999448276,0.19999999944827618,44
4025,844.827586207,Re_844p827586,13.31632653,5.918367346938775,2.2499999998965516,0.24999999989655164,45
4026,844.827586207,Re_844p827586,13.6122449,5.918367346938775,2.3000000003448275,0.30000000034482754,46
4027,844.827586207,Re_844p827586,13.90816327,5.918367346938775,2.3500000007931034,0.35000000079310345,47
4028,844.827586207,Re_844p827586,14.20408163,5.918367346938775,2.399999999551724,0.39999999955172383,48
4029,844.827586207,Re_844p827586,14.5,5.918367346938775,2.45,0.4500000000000002,49
4030,844.827586207,Re_844p827586,14.79591837,5.918367346938775,2.500000000448276,0.5000000004482761,50
4031,844.827586207,Re_844p827586,15.09183673,5.918367346938775,2.549999999206897,0.5499999992068969,51
4032,844.827586207,Re_844p827586,15.3877551,5.918367346938775,2.5999999996551724,0.5999999996551724,52
4033,844.827586207,Re_844p827586,15.68367347,5.918367346938775,2.6500000001034483,0.6500000001034483,53
4034,844.827586207,Re_844p827586,15.97959184,5.918367346938775,2.700000000551724,0.7000000005517242,54
4035,844.827586207,Re_844p827586,16.2755102,5.918367346938775,2.7499999993103446,0.7499999993103446,55
4036,844.827586207,Re_844p827586,16.57142857,5.918367346938775,2.7999999997586205,0.7999999997586205,56
4037,844.827586207,Re_844p827586,16.86734694,5.918367346938775,2.850000000206897,0.8500000002068968,57
4038,844.827586207,Re_844p827586,17.16326531,5.918367346938775,2.9000000006551723,0.9000000006551723,58
4039,844.827586207,Re_844p827586,17.45918367,5.918367346938775,2.9499999994137935,0.9499999994137935,59
4040,844.827586207,Re_844p827586,17.75510204,5.918367346938775,2.999999999862069,0.999999999862069,60
4041,844.827586207,Re_844p827586,18.05102041,5.918367346938775,3.050000000310345,0.050000000310344905,61
4042,844.827586207,Re_844p827586,18.34693878,5.918367346938775,3.1000000007586204,0.10000000075862037,62
4043,844.827586207,Re_844p827586,18.64285714,5.918367346938775,3.1499999995172416,0.14999999951724163,63
4044,844.827586207,Re_844p827586,18.93877551,5.918367346938775,3.199999999965517,0.1999999999655171,64
4045,844.827586207,Re_844p827586,19.23469388,5.918367346938775,3.250000000413793,0.250000000413793,65
4046,844.827586207,Re_844p827586,19.53061224,5.918367346938775,3.299999999172414,0.2999999991724138,66
4047,844.827586207,Re_844p827586,19.82653061,5.918367346938775,3.3499999996206897,0.34999999962068973,67
4048,844.827586207,Re_844p827586,20.12244898,5.918367346938775,3.4000000000689656,0.40000000006896563,68
4049,844.827586207,Re_844p827586,20.41836735,5.918367346938775,3.4500000005172415,0.45000000051724154,69
4050,844.827586207,Re_844p827586,20.71428571,5.918367346938775,3.499999999275862,0.4999999992758619,70
4051,844.827586207,Re_844p827586,21.01020408,5.918367346938775,3.5499999997241383,0.5499999997241383,71
4052,844.827586207,Re_844p827586,21.30612245,5.918367346938775,3.6000000001724137,0.6000000001724137,72
4053,844.827586207,Re_844p827586,21.60204082,5.918367346938775,3.6500000006206896,0.6500000006206896,73
4054,844.827586207,Re_844p827586,21.89795918,5.918367346938775,3.6999999993793105,0.6999999993793105,74
4055,844.827586207,Re_844p827586,22.19387755,5.918367346938775,3.7499999998275864,0.7499999998275864,75
4056,844.827586207,Re_844p827586,22.48979592,5.918367346938775,3.800000000275862,0.8000000002758618,76
4057,844.827586207,Re_844p827586,22.78571429,5.918367346938775,3.850000000724138,0.8500000007241382,77
4058,844.827586207,Re_844p827586,23.08163265,5.918367346938775,3.8999999994827586,0.8999999994827586,78
4059,844.827586207,Re_844p827586,23.37755102,5.918367346938775,3.9499999999310345,0.9499999999310345,79
4060,844.827586207,Re_844p827586,23.67346939,5.918367346938775,4.000000000379311,3.793108049876537e-10,80
4061,844.827586207,Re_844p827586,23.96938776,5.918367346938775,4.050000000827587,0.05000000082758671,81
4062,844.827586207,Re_844p827586,24.26530612,5.918367346938775,4.099999999586207,0.09999999958620709,82
4063,844.827586207,Re_844p827586,24.56122449,5.918367346938775,4.150000000034483,0.150000000034483,83
4064,844.827586207,Re_844p827586,24.85714286,5.918367346938775,4.200000000482759,0.2000000004827589,84
4065,844.827586207,Re_844p827586,25.15306122,5.918367346938775,4.249999999241379,0.24999999924137928,85
4066,844.827586207,Re_844p827586,25.44897959,5.918367346938775,4.299999999689655,0.2999999996896552,86
4067,844.827586207,Re_844p827586,25.74489796,5.918367346938775,4.350000000137931,0.3500000001379311,87
4068,844.827586207,Re_844p827586,26.04081633,5.918367346938775,4.400000000586207,0.400000000586207,88
4069,844.827586207,Re_844p827586,26.33673469,5.918367346938775,4.449999999344827,0.4499999993448274,89
4070,844.827586207,Re_844p827586,26.63265306,5.918367346938775,4.499999999793103,0.4999999997931033,90
4071,844.827586207,Re_844p827586,26.92857143,5.918367346938775,4.55000000024138,0.5500000002413801,91
4072,844.827586207,Re_844p827586,27.2244898,5.918367346938775,4.600000000689655,0.6000000006896551,92
4073,844.827586207,Re_844p827586,27.52040816,5.918367346938775,4.6499999994482755,0.6499999994482755,93
4074,844.827586207,Re_844p827586,27.81632653,5.918367346938775,4.699999999896552,0.6999999998965523,94
4075,844.827586207,Re_844p827586,28.1122449,5.918367346938775,4.750000000344827,0.7500000003448273,95
4076,844.827586207,Re_844p827586,28.40816327,5.918367346938775,4.800000000793103,0.8000000007931032,96
4077,844.827586207,Re_844p827586,28.70408163,5.918367346938775,4.8499999995517244,0.8499999995517244,97
4078,844.827586207,Re_844p827586,29.0,5.918367346938775,4.9,0.9000000000000004,98
4079,844.827586207,Re_844p827586,29.29591837,5.918367346938775,4.950000000448275,0.9500000004482754,99
4080,844.827586207,Re_844p827586,29.59183673,5.918367346938775,4.999999999206897,0.9999999992068966,100
4081,844.827586207,Re_844p827586,29.8877551,5.918367346938775,5.0499999996551725,0.049999999655172545,101
4082,844.827586207,Re_844p827586,30.18367347,5.918367346938775,5.1000000001034484,0.10000000010344845,102
4083,844.827586207,Re_844p827586,30.47959184,5.918367346938775,5.150000000551724,0.15000000055172436,103
4084,844.827586207,Re_844p827586,30.7755102,5.918367346938775,5.199999999310345,0.19999999931034473,104
4085,844.827586207,Re_844p827586,31.07142857,5.918367346938775,5.249999999758621,0.24999999975862064,105
4086,844.827586207,Re_844p827586,31.36734694,5.918367346938775,5.3000000002068965,0.30000000020689654,106
4087,844.827586207,Re_844p827586,31.66326531,5.918367346938775,5.3500000006551724,0.35000000065517245,107
4088,844.827586207,Re_844p827586,31.95918367,5.918367346938775,5.399999999413794,0.3999999994137937,108
4089,844.827586207,Re_844p827586,32.25510204,5.918367346938775,5.449999999862069,0.44999999986206873,109
4090,844.827586207,Re_844p827586,32.55102041,5.918367346938775,5.500000000310345,0.5000000003103446,110
4091,844.827586207,Re_844p827586,32.84693878,5.918367346938775,5.550000000758621,0.5500000007586214,111
4092,844.827586207,Re_844p827586,33.14285714,5.918367346938775,5.599999999517241,0.5999999995172409,112
4093,844.827586207,Re_844p827586,33.43877551,5.918367346938775,5.649999999965517,0.6499999999655168,113
4094,844.827586207,Re_844p827586,33.73469388,5.918367346938775,5.700000000413794,0.7000000004137936,114
4095,844.827586207,Re_844p827586,34.03061224,5.918367346938775,5.749999999172415,0.7499999991724149,115
4096,844.827586207,Re_844p827586,34.32653061,5.918367346938775,5.79999999962069,0.7999999996206899,116
4097,844.827586207,Re_844p827586,34.62244898,5.918367346938775,5.850000000068966,0.8500000000689658,117
4098,844.827586207,Re_844p827586,34.91836735,5.918367346938775,5.900000000517241,0.9000000005172408,118
4099,844.827586207,Re_844p827586,35.21428571,5.918367346938775,5.949999999275862,0.9499999992758621,119
4100,844.827586207,Re_844p827586,35.51020408,5.918367346938775,5.999999999724138,0.999999999724138,120
4101,844.827586207,Re_844p827586,35.80612245,5.918367346938775,6.050000000172413,0.05000000017241302,121
4102,844.827586207,Re_844p827586,36.10204082,5.918367346938775,6.10000000062069,0.10000000062068981,122
4103,844.827586207,Re_844p827586,36.39795918,5.918367346938775,6.14999999937931,0.1499999993793102,123
4104,844.827586207,Re_844p827586,36.69387755,5.918367346938775,6.199999999827587,0.19999999982758698,124
4105,844.827586207,Re_844p827586,36.98979592,5.918367346938775,6.250000000275862,0.250000000275862,125
4106,844.827586207,Re_844p827586,37.28571429,5.918367346938775,6.300000000724138,0.3000000007241379,126
4107,844.827586207,Re_844p827586,37.58163265,5.918367346938775,6.349999999482759,0.34999999948275917,127
4108,844.827586207,Re_844p827586,37.87755102,5.918367346938775,6.399999999931034,0.3999999999310342,128
4109,844.827586207,Re_844p827586,38.17346939,5.918367346938775,6.450000000379311,0.450000000379311,129
4110,844.827586207,Re_844p827586,38.46938776,5.918367346938775,6.500000000827586,0.500000000827586,130
4111,844.827586207,Re_844p827586,38.76530612,5.918367346938775,6.549999999586206,0.5499999995862064,131
4112,844.827586207,Re_844p827586,39.06122449,5.918367346938775,6.600000000034483,0.6000000000344832,132
4113,844.827586207,Re_844p827586,39.35714286,5.918367346938775,6.650000000482759,0.6500000004827591,133
4114,844.827586207,Re_844p827586,39.65306122,5.918367346938775,6.6999999992413795,0.6999999992413795,134
4115,844.827586207,Re_844p827586,39.94897959,5.918367346938775,6.749999999689655,0.7499999996896554,135
4116,844.827586207,Re_844p827586,40.24489796,5.918367346938775,6.800000000137931,0.8000000001379313,136
4117,844.827586207,Re_844p827586,40.54081633,5.918367346938775,6.850000000586207,0.8500000005862072,137
4118,844.827586207,Re_844p827586,40.83673469,5.918367346938775,6.8999999993448276,0.8999999993448276,138
4119,844.827586207,Re_844p827586,41.13265306,5.918367346938775,6.949999999793104,0.9499999997931043,139
4120,844.827586207,Re_844p827586,41.42857143,5.918367346938775,7.000000000241379,2.4137936094348333e-10,140
4121,844.827586207,Re_844p827586,41.7244898,5.918367346938775,7.050000000689655,0.050000000689655266,141
4122,844.827586207,Re_844p827586,42.02040816,5.918367346938775,7.0999999994482765,0.09999999944827653,142
4123,844.827586207,Re_844p827586,42.31632653,5.918367346938775,7.1499999998965516,0.14999999989655155,143
4124,844.827586207,Re_844p827586,42.6122449,5.918367346938775,7.2000000003448275,0.20000000034482746,144
4125,844.827586207,Re_844p827586,42.90816327,5.918367346938775,7.250000000793104,0.25000000079310425,145
4126,844.827586207,Re_844p827586,43.20408163,5.918367346938775,7.299999999551724,0.29999999955172374,146
4127,844.827586207,Re_844p827586,43.5,5.918367346938775,7.3500000000000005,0.35000000000000053,147
4128,844.827586207,Re_844p827586,43.79591837,5.918367346938775,7.400000000448276,0.40000000044827644,148
4129,844.827586207,Re_844p827586,44.09183673,5.918367346938775,7.449999999206896,0.44999999920689593,149
4130,844.827586207,Re_844p827586,44.3877551,5.918367346938775,7.499999999655173,0.4999999996551727,150
4131,844.827586207,Re_844p827586,44.68367347,5.918367346938775,7.550000000103449,0.5500000001034486,151
4132,844.827586207,Re_844p827586,44.97959184,5.918367346938775,7.600000000551724,0.6000000005517236,152
4133,844.827586207,Re_844p827586,45.2755102,5.918367346938775,7.649999999310345,0.6499999993103449,153
4134,844.827586207,Re_844p827586,45.57142857,5.918367346938775,7.699999999758621,0.6999999997586208,154
4135,844.827586207,Re_844p827586,45.86734694,5.918367346938775,7.750000000206896,0.7500000002068958,155
4136,844.827586207,Re_844p827586,46.16326531,5.918367346938775,7.800000000655173,0.8000000006551726,156
4137,844.827586207,Re_844p827586,46.45918367,5.918367346938775,7.849999999413794,0.8499999994137939,157
4138,844.827586207,Re_844p827586,46.75510204,5.918367346938775,7.899999999862069,0.8999999998620689,158
4139,844.827586207,Re_844p827586,47.05102041,5.918367346938775,7.950000000310345,0.9500000003103448,159
4140,844.827586207,Re_844p827586,47.34693878,5.918367346938775,8.000000000758622,7.586216099753074e-10,160
4141,844.827586207,Re_844p827586,47.64285714,5.918367346938775,8.04999999951724,0.04999999951724021,161
4142,844.827586207,Re_844p827586,47.93877551,5.918367346938775,8.099999999965517,0.099999999965517,162
4143,844.827586207,Re_844p827586,48.23469388,5.918367346938775,8.150000000413794,0.1500000004137938,163
4144,844.827586207,Re_844p827586,48.53061224,5.918367346938775,8.199999999172414,0.19999999917241418,164
4145,844.827586207,Re_844p827586,48.82653061,5.918367346938775,8.24999999962069,0.2499999996206892,165
4146,844.827586207,Re_844p827586,49.12244898,5.918367346938775,8.300000000068966,0.300000000068966,166
4147,844.827586207,Re_844p827586,49.41836735,5.918367346938775,8.350000000517241,0.350000000517241,167
4148,844.827586207,Re_844p827586,49.71428571,5.918367346938775,8.399999999275861,0.3999999992758614,168
4149,844.827586207,Re_844p827586,50.01020408,5.918367346938775,8.449999999724138,0.4499999997241382,169
4150,844.827586207,Re_844p827586,50.30612245,5.918367346938775,8.500000000172413,0.5000000001724132,170
4151,844.827586207,Re_844p827586,50.60204082,5.918367346938775,8.55000000062069,0.55000000062069,171
4152,844.827586207,Re_844p827586,50.89795918,5.918367346938775,8.59999999937931,0.5999999993793104,172
4153,844.827586207,Re_844p827586,51.19387755,5.918367346938775,8.649999999827587,0.6499999998275872,173
4154,844.827586207,Re_844p827586,51.48979592,5.918367346938775,8.700000000275862,0.7000000002758622,174
4155,844.827586207,Re_844p827586,51.78571429,5.918367346938775,8.750000000724139,0.750000000724139,175
4156,844.827586207,Re_844p827586,52.08163265,5.918367346938775,8.79999999948276,0.7999999994827593,176
4157,844.827586207,Re_844p827586,52.37755102,5.918367346938775,8.849999999931034,0.8499999999310344,177
4158,844.827586207,Re_844p827586,52.67346939,5.918367346938775,8.900000000379311,0.9000000003793112,178
4159,844.827586207,Re_844p827586,52.96938776,5.918367346938775,8.950000000827586,0.9500000008275862,179
4160,844.827586207,Re_844p827586,53.26530612,5.918367346938775,8.999999999586207,0.9999999995862066,180
4161,844.827586207,Re_844p827586,53.56122449,5.918367346938775,9.050000000034483,0.05000000003448335,181
4162,844.827586207,Re_844p827586,53.85714286,5.918367346938775,9.10000000048276,0.10000000048276014,182
4163,844.827586207,Re_844p827586,54.15306122,5.918367346938775,9.149999999241379,0.14999999924137875,183
4164,844.827586207,Re_844p827586,54.44897959,5.918367346938775,9.199999999689656,0.19999999968965554,184
4165,844.827586207,Re_844p827586,54.74489796,5.918367346938775,9.250000000137932,0.25000000013793233,185
4166,844.827586207,Re_844p827586,55.04081633,5.918367346938775,9.300000000586207,0.30000000058620735,186
4167,844.827586207,Re_844p827586,55.33673469,5.918367346938775,9.349999999344828,0.34999999934482773,187
4168,844.827586207,Re_844p827586,55.63265306,5.918367346938775,9.399999999793105,0.3999999997931045,188
4169,844.827586207,Re_844p827586,55.92857143,5.918367346938775,9.45000000024138,0.45000000024137954,189
4170,844.827586207,Re_844p827586,56.2244898,5.918367346938775,9.500000000689655,0.5000000006896546,190
4171,844.827586207,Re_844p827586,56.52040816,5.918367346938775,9.549999999448277,0.5499999994482767,191
4172,844.827586207,Re_844p827586,56.81632653,5.918367346938775,9.599999999896552,0.5999999998965517,192
4173,844.827586207,Re_844p827586,57.1122449,5.918367346938775,9.650000000344829,0.6500000003448285,193
4174,844.827586207,Re_844p827586,57.40816327,5.918367346938775,9.700000000793104,0.7000000007931035,194
4175,844.827586207,Re_844p827586,57.70408163,5.918367346938775,9.749999999551724,0.7499999995517239,195
4176,844.827586207,Re_844p827586,58.0,5.918367346938775,9.8,0.8000000000000007,196
4177,844.827586207,Re_844p827586,58.29591837,5.918367346938775,9.850000000448276,0.8500000004482757,197
4178,844.827586207,Re_844p827586,58.59183673,5.918367346938775,9.899999999206896,0.8999999992068961,198
4179,844.827586207,Re_844p827586,58.8877551,5.918367346938775,9.949999999655173,0.9499999996551729,199
4180,844.827586207,Re_844p827586,59.18367347,5.918367346938775,10.00000000010345,1.0344969325615239e-10,200
4181,844.827586207,Re_844p827586,59.47959184,5.918367346938775,10.050000000551725,0.05000000055172471,201
4182,844.827586207,Re_844p827586,59.7755102,5.918367346938775,10.099999999310345,0.09999999931034509,202
4183,844.827586207,Re_844p827586,60.07142857,5.918367346938775,10.149999999758622,0.14999999975862188,203
4184,844.827586207,Re_844p827586,60.36734694,5.918367346938775,10.200000000206897,0.2000000002068969,204
4185,844.827586207,Re_844p827586,60.66326531,5.918367346938775,10.250000000655172,0.2500000006551719,205
4186,844.827586207,Re_844p827586,60.95918367,5.918367346938775,10.299999999413794,0.29999999941379407,206
4187,844.827586207,Re_844p827586,61.25510204,5.918367346938775,10.349999999862069,0.3499999998620691,207
4188,844.827586207,Re_844p827586,61.55102041,5.918367346938775,10.400000000310344,0.4000000003103441,208
4189,844.827586207,Re_844p827586,61.84693878,5.918367346938775,10.450000000758621,0.4500000007586209,209
4190,844.827586207,Re_844p827586,62.14285714,5.918367346938775,10.499999999517241,0.4999999995172413,210
4191,844.827586207,Re_844p827586,62.43877551,5.918367346938775,10.549999999965518,0.5499999999655181,211
4192,844.827586207,Re_844p827586,62.73469388,5.918367346938775,10.600000000413793,0.6000000004137931,212
4193,844.827586207,Re_844p827586,63.03061224,5.918367346938775,10.649999999172415,0.6499999991724152,213
4194,844.827586207,Re_844p827586,63.32653061,5.918367346938775,10.69999999962069,0.6999999996206903,214
4195,844.827586207,Re_844p827586,63.62244898,5.918367346938775,10.750000000068965,0.7500000000689653,215
4196,844.827586207,Re_844p827586,63.91836735,5.918367346938775,10.80000000051724,0.8000000005172403,216
4197,844.827586207,Re_844p827586,64.21428571,5.918367346938775,10.849999999275862,0.8499999992758625,217
4198,844.827586207,Re_844p827586,64.51020408,5.918367346938775,10.899999999724137,0.8999999997241375,218
4199,844.827586207,Re_844p827586,64.80612245,5.918367346938775,10.950000000172414,0.9500000001724143,219
4200,844.827586207,Re_844p827586,65.10204082,5.918367346938775,11.00000000062069,6.206892777527173e-10,220
4201,844.827586207,Re_844p827586,65.39795918,5.918367346938775,11.049999999379311,0.04999999937931143,221
4202,844.827586207,Re_844p827586,65.69387755,5.918367346938775,11.099999999827586,0.09999999982758645,222
4203,844.827586207,Re_844p827586,65.98979592,5.918367346938775,11.150000000275863,0.15000000027586324,223
4204,844.827586207,Re_844p827586,66.28571429,5.918367346938775,11.200000000724138,0.20000000072413826,224
4205,844.827586207,Re_844p827586,66.58163265,5.918367346938775,11.249999999482759,0.24999999948275864,225
4206,844.827586207,Re_844p827586,66.87755102,5.918367346938775,11.299999999931034,0.29999999993103366,226
4207,844.827586207,Re_844p827586,67.17346939,5.918367346938775,11.350000000379309,0.3500000003793087,227
4208,844.827586207,Re_844p827586,67.46938776,5.918367346938775,11.400000000827587,0.40000000082758724,228
4209,844.827586207,Re_844p827586,67.76530612,5.918367346938775,11.449999999586208,0.4499999995862076,229
4210,844.827586207,Re_844p827586,68.06122449,5.918367346938775,11.500000000034483,0.5000000000344826,230
4211,844.827586207,Re_844p827586,68.35714286,5.918367346938775,11.550000000482758,0.5500000004827577,231
4212,844.827586207,Re_844p827586,68.65306122,5.918367346938775,11.59999999924138,0.5999999992413798,232
4213,844.827586207,Re_844p827586,68.94897959,5.918367346938775,11.649999999689655,0.6499999996896548,233
4214,844.827586207,Re_844p827586,69.24489796,5.918367346938775,11.700000000137932,0.7000000001379316,234
4215,844.827586207,Re_844p827586,69.54081633,5.918367346938775,11.750000000586207,0.7500000005862066,235
4216,844.827586207,Re_844p827586,69.83673469,5.918367346938775,11.799999999344827,0.799999999344827,236
4217,844.827586207,Re_844p827586,70.13265306,5.918367346938775,11.849999999793102,0.849999999793102,237
4218,844.827586207,Re_844p827586,70.42857143,5.918367346938775,11.90000000024138,0.9000000002413806,238
4219,844.827586207,Re_844p827586,70.7244898,5.918367346938775,11.950000000689656,0.9500000006896556,239
4220,844.827586207,Re_844p827586,71.02040816,5.918367346938775,11.999999999448276,0.999999999448276,240
4221,862.068965517,Re_862p068966,11.6,5.8,2.0,0.0,40
4222,862.068965517,Re_862p068966,11.89,5.8,2.0500000000000003,0.050000000000000266,41
4223,862.068965517,Re_862p068966,12.18,5.8,2.1,0.10000000000000009,42
4224,862.068965517,Re_862p068966,12.47,5.8,2.1500000000000004,0.15000000000000036,43
4225,862.068965517,Re_862p068966,12.76,5.8,2.2,0.20000000000000018,44
4226,862.068965517,Re_862p068966,13.05,5.8,2.25,0.25,45
4227,862.068965517,Re_862p068966,13.34,5.8,2.3000000000000003,0.30000000000000027,46
4228,862.068965517,Re_862p068966,13.63,5.8,2.35,0.3500000000000001,47
4229,862.068965517,Re_862p068966,13.92,5.8,2.4,0.3999999999999999,48
4230,862.068965517,Re_862p068966,14.21,5.8,2.45,0.4500000000000002,49
4231,862.068965517,Re_862p068966,14.5,5.8,2.5,0.5,50
4232,862.068965517,Re_862p068966,14.79,5.8,2.55,0.5499999999999998,51
4233,862.068965517,Re_862p068966,15.08,5.8,2.6,0.6000000000000001,52
4234,862.068965517,Re_862p068966,15.37,5.8,2.65,0.6499999999999999,53
4235,862.068965517,Re_862p068966,15.66,5.8,2.7,0.7000000000000002,54
4236,862.068965517,Re_862p068966,15.95,5.8,2.75,0.75,55
4237,862.068965517,Re_862p068966,16.24,5.8,2.8,0.7999999999999998,56
4238,862.068965517,Re_862p068966,16.53,5.8,2.85,0.8500000000000001,57
4239,862.068965517,Re_862p068966,16.82,5.8,2.9000000000000004,0.9000000000000004,58
4240,862.068965517,Re_862p068966,17.11,5.8,2.95,0.9500000000000002,59
4241,862.068965517,Re_862p068966,17.4,5.8,3.0,0.0,60
4242,862.068965517,Re_862p068966,17.69,5.8,3.0500000000000003,0.050000000000000266,61
4243,862.068965517,Re_862p068966,17.98,5.8,3.1,0.10000000000000009,62
4244,862.068965517,Re_862p068966,18.27,5.8,3.15,0.1499999999999999,63
4245,862.068965517,Re_862p068966,18.56,5.8,3.1999999999999997,0.19999999999999973,64
4246,862.068965517,Re_862p068966,18.85,5.8,3.2500000000000004,0.25000000000000044,65
4247,862.068965517,Re_862p068966,19.14,5.8,3.3000000000000003,0.30000000000000027,66
4248,862.068965517,Re_862p068966,19.43,5.8,3.35,0.3500000000000001,67
4249,862.068965517,Re_862p068966,19.72,5.8,3.4,0.3999999999999999,68
4250,862.068965517,Re_862p068966,20.01,5.8,3.45,0.4500000000000002,69
4251,862.068965517,Re_862p068966,20.3,5.8,3.5000000000000004,0.5000000000000004,70
4252,862.068965517,Re_862p068966,20.59,5.8,3.5500000000000003,0.5500000000000003,71
4253,862.068965517,Re_862p068966,20.88,5.8,3.6,0.6000000000000001,72
4254,862.068965517,Re_862p068966,21.17,5.8,3.6500000000000004,0.6500000000000004,73
4255,862.068965517,Re_862p068966,21.46,5.8,3.7,0.7000000000000002,74
4256,862.068965517,Re_862p068966,21.75,5.8,3.75,0.75,75
4257,862.068965517,Re_862p068966,22.04,5.8,3.8,0.7999999999999998,76
4258,862.068965517,Re_862p068966,22.33,5.8,3.8499999999999996,0.8499999999999996,77
4259,862.068965517,Re_862p068966,22.62,5.8,3.9000000000000004,0.9000000000000004,78
4260,862.068965517,Re_862p068966,22.91,5.8,3.95,0.9500000000000002,79
4261,862.068965517,Re_862p068966,23.2,5.8,4.0,0.0,80
4262,862.068965517,Re_862p068966,23.49,5.8,4.05,0.04999999999999982,81
4263,862.068965517,Re_862p068966,23.78,5.8,4.1000000000000005,0.10000000000000053,82
4264,862.068965517,Re_862p068966,24.07,5.8,4.15,0.15000000000000036,83
4265,862.068965517,Re_862p068966,24.36,5.8,4.2,0.20000000000000018,84
4266,862.068965517,Re_862p068966,24.65,5.8,4.25,0.25,85
4267,862.068965517,Re_862p068966,24.94,5.8,4.300000000000001,0.3000000000000007,86
4268,862.068965517,Re_862p068966,25.23,5.8,4.3500000000000005,0.35000000000000053,87
4269,862.068965517,Re_862p068966,25.52,5.8,4.4,0.40000000000000036,88
4270,862.068965517,Re_862p068966,25.81,5.8,4.45,0.4500000000000002,89
4271,862.068965517,Re_862p068966,26.1,5.8,4.5,0.5,90
4272,862.068965517,Re_862p068966,26.39,5.8,4.55,0.5499999999999998,91
4273,862.068965517,Re_862p068966,26.68,5.8,4.6000000000000005,0.6000000000000005,92
4274,862.068965517,Re_862p068966,26.97,5.8,4.65,0.6500000000000004,93
4275,862.068965517,Re_862p068966,27.26,5.8,4.7,0.7000000000000002,94
4276,862.068965517,Re_862p068966,27.55,5.8,4.75,0.75,95
4277,862.068965517,Re_862p068966,27.84,5.8,4.8,0.7999999999999998,96
4278,862.068965517,Re_862p068966,28.13,5.8,4.85,0.8499999999999996,97
4279,862.068965517,Re_862p068966,28.42,5.8,4.9,0.9000000000000004,98
4280,862.068965517,Re_862p068966,28.71,5.8,4.95,0.9500000000000002,99
4281,862.068965517,Re_862p068966,29.0,5.8,5.0,0.0,100
4282,862.068965517,Re_862p068966,29.29,5.8,5.05,0.04999999999999982,101
4283,862.068965517,Re_862p068966,29.58,5.8,5.1,0.09999999999999964,102
4284,862.068965517,Re_862p068966,29.87,5.8,5.15,0.15000000000000036,103
4285,862.068965517,Re_862p068966,30.16,5.8,5.2,0.20000000000000018,104
4286,862.068965517,Re_862p068966,30.45,5.8,5.25,0.25,105
4287,862.068965517,Re_862p068966,30.74,5.8,5.3,0.2999999999999998,106
4288,862.068965517,Re_862p068966,31.03,5.8,5.3500000000000005,0.35000000000000053,107
4289,862.068965517,Re_862p068966,31.32,5.8,5.4,0.40000000000000036,108
4290,862.068965517,Re_862p068966,31.61,5.8,5.45,0.4500000000000002,109
4291,862.068965517,Re_862p068966,31.9,5.8,5.5,0.5,110
4292,862.068965517,Re_862p068966,32.19,5.8,5.55,0.5499999999999998,111
4293,862.068965517,Re_862p068966,32.48,5.8,5.6,0.5999999999999996,112
4294,862.068965517,Re_862p068966,32.77,5.8,5.65,0.6500000000000004,113
4295,862.068965517,Re_862p068966,33.06,5.8,5.7,0.7000000000000002,114
4296,862.068965517,Re_862p068966,33.35,5.8,5.75,0.75,115
4297,862.068965517,Re_862p068966,33.64,5.8,5.800000000000001,0.8000000000000007,116
4298,862.068965517,Re_862p068966,33.93,5.8,5.8500000000000005,0.8500000000000005,117
4299,862.068965517,Re_862p068966,34.22,5.8,5.9,0.9000000000000004,118
4300,862.068965517,Re_862p068966,34.51,5.8,5.95,0.9500000000000002,119
4301,862.068965517,Re_862p068966,34.8,5.8,6.0,0.0,120
4302,862.068965517,Re_862p068966,35.09,5.8,6.050000000000001,0.05000000000000071,121
4303,862.068965517,Re_862p068966,35.38,5.8,6.1000000000000005,0.10000000000000053,122
4304,862.068965517,Re_862p068966,35.67,5.8,6.15,0.15000000000000036,123
4305,862.068965517,Re_862p068966,35.96,5.8,6.2,0.20000000000000018,124
4306,862.068965517,Re_862p068966,36.25,5.8,6.25,0.25,125
4307,862.068965517,Re_862p068966,36.54,5.8,6.3,0.2999999999999998,126
4308,862.068965517,Re_862p068966,36.83,5.8,6.35,0.34999999999999964,127
4309,862.068965517,Re_862p068966,37.12,5.8,6.3999999999999995,0.39999999999999947,128
4310,862.068965517,Re_862p068966,37.41,5.8,6.449999999999999,0.4499999999999993,129
4311,862.068965517,Re_862p068966,37.7,5.8,6.500000000000001,0.5000000000000009,130
4312,862.068965517,Re_862p068966,37.99,5.8,6.550000000000001,0.5500000000000007,131
4313,862.068965517,Re_862p068966,38.28,5.8,6.6000000000000005,0.6000000000000005,132
4314,862.068965517,Re_862p068966,38.57,5.8,6.65,0.6500000000000004,133
4315,862.068965517,Re_862p068966,38.86,5.8,6.7,0.7000000000000002,134
4316,862.068965517,Re_862p068966,39.15,5.8,6.75,0.75,135
4317,862.068965517,Re_862p068966,39.44,5.8,6.8,0.7999999999999998,136
4318,862.068965517,Re_862p068966,39.73,5.8,6.85,0.8499999999999996,137
4319,862.068965517,Re_862p068966,40.02,5.8,6.9,0.9000000000000004,138
4320,862.068965517,Re_862p068966,40.31,5.8,6.95,0.9500000000000002,139
4321,862.068965517,Re_862p068966,40.6,5.8,7.000000000000001,8.881784197001252e-16,140
4322,862.068965517,Re_862p068966,40.89,5.8,7.050000000000001,0.05000000000000071,141
4323,862.068965517,Re_862p068966,41.18,5.8,7.1000000000000005,0.10000000000000053,142
4324,862.068965517,Re_862p068966,41.47,5.8,7.15,0.15000000000000036,143
4325,862.068965517,Re_862p068966,41.76,5.8,7.2,0.20000000000000018,144
4326,862.068965517,Re_862p068966,42.05,5.8,7.25,0.25,145
4327,862.068965517,Re_862p068966,42.34,5.8,7.300000000000001,0.3000000000000007,146
4328,862.068965517,Re_862p068966,42.63,5.8,7.3500000000000005,0.35000000000000053,147
4329,862.068965517,Re_862p068966,42.92,5.8,7.4,0.40000000000000036,148
4330,862.068965517,Re_862p068966,43.21,5.8,7.45,0.4500000000000002,149
4331,862.068965517,Re_862p068966,43.5,5.8,7.5,0.5,150
4332,862.068965517,Re_862p068966,43.79,5.8,7.55,0.5499999999999998,151
4333,862.068965517,Re_862p068966,44.08,5.8,7.6,0.5999999999999996,152
4334,862.068965517,Re_862p068966,44.37,5.8,7.6499999999999995,0.6499999999999995,153
4335,862.068965517,Re_862p068966,44.66,5.8,7.699999999999999,0.6999999999999993,154
4336,862.068965517,Re_862p068966,44.95,5.8,7.750000000000001,0.7500000000000009,155
4337,862.068965517,Re_862p068966,45.24,5.8,7.800000000000001,0.8000000000000007,156
4338,862.068965517,Re_862p068966,45.53,5.8,7.8500000000000005,0.8500000000000005,157
4339,862.068965517,Re_862p068966,45.82,5.8,7.9,0.9000000000000004,158
4340,862.068965517,Re_862p068966,46.11,5.8,7.95,0.9500000000000002,159
4341,862.068965517,Re_862p068966,46.4,5.8,8.0,0.0,160
4342,862.068965517,Re_862p068966,46.69,5.8,8.05,0.05000000000000071,161
4343,862.068965517,Re_862p068966,46.98,5.8,8.1,0.09999999999999964,162
4344,862.068965517,Re_862p068966,47.27,5.8,8.15,0.15000000000000036,163
4345,862.068965517,Re_862p068966,47.56,5.8,8.200000000000001,0.20000000000000107,164
4346,862.068965517,Re_862p068966,47.85,5.8,8.25,0.25,165
4347,862.068965517,Re_862p068966,48.14,5.8,8.3,0.3000000000000007,166
4348,862.068965517,Re_862p068966,48.43,5.8,8.35,0.34999999999999964,167
4349,862.068965517,Re_862p068966,48.72,5.8,8.4,0.40000000000000036,168
4350,862.068965517,Re_862p068966,49.01,5.8,8.45,0.4499999999999993,169
4351,862.068965517,Re_862p068966,49.3,5.8,8.5,0.5,170
4352,862.068965517,Re_862p068966,49.59,5.8,8.55,0.5500000000000007,171
4353,862.068965517,Re_862p068966,49.88,5.8,8.600000000000001,0.6000000000000014,172
4354,862.068965517,Re_862p068966,50.17,5.8,8.65,0.6500000000000004,173
4355,862.068965517,Re_862p068966,50.46,5.8,8.700000000000001,0.7000000000000011,174
4356,862.068965517,Re_862p068966,50.75,5.8,8.75,0.75,175
4357,862.068965517,Re_862p068966,51.04,5.8,8.8,0.8000000000000007,176
4358,862.068965517,Re_862p068966,51.33,5.8,8.85,0.8499999999999996,177
4359,862.068965517,Re_862p068966,51.62,5.8,8.9,0.9000000000000004,178
4360,862.068965517,Re_862p068966,51.91,5.8,8.95,0.9499999999999993,179
4361,862.068965517,Re_862p068966,52.2,5.8,9.0,0.0,180
4362,862.068965517,Re_862p068966,52.49,5.8,9.05,0.05000000000000071,181
4363,862.068965517,Re_862p068966,52.78,5.8,9.1,0.09999999999999964,182
4364,862.068965517,Re_862p068966,53.07,5.8,9.15,0.15000000000000036,183
4365,862.068965517,Re_862p068966,53.36,5.8,9.200000000000001,0.20000000000000107,184
4366,862.068965517,Re_862p068966,53.65,5.8,9.25,0.25,185
4367,862.068965517,Re_862p068966,53.94,5.8,9.3,0.3000000000000007,186
4368,862.068965517,Re_862p068966,54.23,5.8,9.35,0.34999999999999964,187
4369,862.068965517,Re_862p068966,54.52,5.8,9.4,0.40000000000000036,188
4370,862.068965517,Re_862p068966,54.81,5.8,9.450000000000001,0.45000000000000107,189
4371,862.068965517,Re_862p068966,55.1,5.8,9.5,0.5,190
4372,862.068965517,Re_862p068966,55.39,5.8,9.55,0.5500000000000007,191
4373,862.068965517,Re_862p068966,55.68,5.8,9.6,0.5999999999999996,192
4374,862.068965517,Re_862p068966,55.97,5.8,9.65,0.6500000000000004,193
4375,862.068965517,Re_862p068966,56.26,5.8,9.7,0.6999999999999993,194
4376,862.068965517,Re_862p068966,56.55,5.8,9.75,0.75,195
4377,862.068965517,Re_862p068966,56.84,5.8,9.8,0.8000000000000007,196
4378,862.068965517,Re_862p068966,57.13,5.8,9.850000000000001,0.8500000000000014,197
4379,862.068965517,Re_862p068966,57.42,5.8,9.9,0.9000000000000004,198
4380,862.068965517,Re_862p068966,57.71,5.8,9.950000000000001,0.9500000000000011,199
4381,862.068965517,Re_862p068966,58.0,5.8,10.0,0.0,200
4382,862.068965517,Re_862p068966,58.29,5.8,10.05,0.05000000000000071,201
4383,862.068965517,Re_862p068966,58.58,5.8,10.1,0.09999999999999964,202
4384,862.068965517,Re_862p068966,58.87,5.8,10.15,0.15000000000000036,203
4385,862.068965517,Re_862p068966,59.16,5.8,10.2,0.1999999999999993,204
4386,862.068965517,Re_862p068966,59.45,5.8,10.25,0.25,205
4387,862.068965517,Re_862p068966,59.74,5.8,10.3,0.3000000000000007,206
4388,862.068965517,Re_862p068966,60.03,5.8,10.35,0.34999999999999964,207
4389,862.068965517,Re_862p068966,60.32,5.8,10.4,0.40000000000000036,208
4390,862.068965517,Re_862p068966,60.61,5.8,10.450000000000001,0.45000000000000107,209
4391,862.068965517,Re_862p068966,60.9,5.8,10.5,0.5,210
4392,862.068965517,Re_862p068966,61.19,5.8,10.55,0.5500000000000007,211
4393,862.068965517,Re_862p068966,61.48,5.8,10.6,0.5999999999999996,212
4394,862.068965517,Re_862p068966,61.77,5.8,10.65,0.6500000000000004,213
4395,862.068965517,Re_862p068966,62.06,5.8,10.700000000000001,0.7000000000000011,214
4396,862.068965517,Re_862p068966,62.35,5.8,10.75,0.75,215
4397,862.068965517,Re_862p068966,62.64,5.8,10.8,0.8000000000000007,216
4398,862.068965517,Re_862p068966,62.93,5.8,10.85,0.8499999999999996,217
4399,862.068965517,Re_862p068966,63.22,5.8,10.9,0.9000000000000004,218
4400,862.068965517,Re_862p068966,63.51,5.8,10.95,0.9499999999999993,219
4401,862.068965517,Re_862p068966,63.8,5.8,11.0,0.0,220
4402,862.068965517,Re_862p068966,64.09,5.8,11.05,0.05000000000000071,221
4403,862.068965517,Re_862p068966,64.38,5.8,11.1,0.09999999999999964,222
4404,862.068965517,Re_862p068966,64.67,5.8,11.15,0.15000000000000036,223
4405,862.068965517,Re_862p068966,64.96,5.8,11.2,0.1999999999999993,224
4406,862.068965517,Re_862p068966,65.25,5.8,11.25,0.25,225
4407,862.068965517,Re_862p068966,65.54,5.8,11.3,0.3000000000000007,226
4408,862.068965517,Re_862p068966,65.83,5.8,11.35,0.34999999999999964,227
4409,862.068965517,Re_862p068966,66.12,5.8,11.4,0.40000000000000036,228
4410,862.068965517,Re_862p068966,66.41,5.8,11.45,0.4499999999999993,229
4411,862.068965517,Re_862p068966,66.7,5.8,11.5,0.5,230
4412,862.068965517,Re_862p068966,66.99,5.8,11.549999999999999,0.5499999999999989,231
4413,862.068965517,Re_862p068966,67.28,5.8,11.600000000000001,0.6000000000000014,232
4414,862.068965517,Re_862p068966,67.57,5.8,11.649999999999999,0.6499999999999986,233
4415,862.068965517,Re_862p068966,67.86,5.8,11.700000000000001,0.7000000000000011,234
4416,862.068965517,Re_862p068966,68.15,5.8,11.750000000000002,0.7500000000000018,235
4417,862.068965517,Re_862p068966,68.44,5.8,11.8,0.8000000000000007,236
4418,862.068965517,Re_862p068966,68.73,5.8,11.850000000000001,0.8500000000000014,237
4419,862.068965517,Re_862p068966,69.02,5.8,11.9,0.9000000000000004,238
4420,862.068965517,Re_862p068966,69.31,5.8,11.950000000000001,0.9500000000000011,239
4421,862.068965517,Re_862p068966,69.6,5.8,12.0,0.0,240
4422,879.310344828,Re_879p310345,11.37254902,5.686274509803921,2.0000000000689657,6.896572202208517e-11,40
4423,879.310344828,Re_879p310345,11.65686275,5.686274509803921,2.0500000008620693,0.05000000086206935,41
4424,879.310344828,Re_879p310345,11.94117647,5.686274509803921,2.099999999896552,0.09999999989655217,42
4425,879.310344828,Re_879p310345,12.2254902,5.686274509803921,2.1500000006896554,0.15000000068965536,43
4426,879.310344828,Re_879p310345,12.50980392,5.686274509803921,2.199999999724138,0.19999999972413818,44
4427,879.310344828,Re_879p310345,12.79411765,5.686274509803921,2.250000000517242,0.2500000005172418,45
4428,879.310344828,Re_879p310345,13.07843137,5.686274509803921,2.2999999995517246,0.2999999995517246,46
4429,879.310344828,Re_879p310345,13.3627451,5.686274509803921,2.350000000344828,0.3500000003448278,47
4430,879.310344828,Re_879p310345,13.64705882,5.686274509803921,2.3999999993793106,0.39999999937931063,48
4431,879.310344828,Re_879p310345,13.93137255,5.686274509803921,2.4500000001724143,0.45000000017241426,49
4432,879.310344828,Re_879p310345,14.21568627,5.686274509803921,2.499999999206897,0.4999999992068971,50
4433,879.310344828,Re_879p310345,14.5,5.686274509803921,2.5500000000000003,0.5500000000000003,51
4434,879.310344828,Re_879p310345,14.78431373,5.686274509803921,2.6000000007931034,0.6000000007931034,52
4435,879.310344828,Re_879p310345,15.06862745,5.686274509803921,2.6499999998275863,0.6499999998275863,53
4436,879.310344828,Re_879p310345,15.35294118,5.686274509803921,2.70000000062069,0.7000000006206899,54
4437,879.310344828,Re_879p310345,15.6372549,5.686274509803921,2.7499999996551727,0.7499999996551727,55
4438,879.310344828,Re_879p310345,15.92156863,5.686274509803921,2.800000000448276,0.8000000004482759,56
4439,879.310344828,Re_879p310345,16.20588235,5.686274509803921,2.8499999994827587,0.8499999994827587,57
4440,879.310344828,Re_879p310345,16.49019608,5.686274509803921,2.9000000002758624,0.9000000002758624,58
4441,879.310344828,Re_879p310345,16.7745098,5.686274509803921,2.949999999310345,0.9499999993103452,59
4442,879.310344828,Re_879p310345,17.05882353,5.686274509803921,3.000000000103449,1.0344880507773269e-10,60
4443,879.310344828,Re_879p310345,17.34313725,5.686274509803921,3.0499999991379316,0.04999999913793163,61
4444,879.310344828,Re_879p310345,17.62745098,5.686274509803921,3.099999999931035,0.09999999993103481,62
4445,879.310344828,Re_879p310345,17.91176471,5.686274509803921,3.1500000007241384,0.15000000072413844,63
4446,879.310344828,Re_879p310345,18.19607843,5.686274509803921,3.1999999997586213,0.19999999975862126,64
4447,879.310344828,Re_879p310345,18.48039216,5.686274509803921,3.250000000551725,0.2500000005517249,65
4448,879.310344828,Re_879p310345,18.76470588,5.686274509803921,3.2999999995862073,0.29999999958620727,66
4449,879.310344828,Re_879p310345,19.04901961,5.686274509803921,3.3500000003793104,0.35000000037931045,67
4450,879.310344828,Re_879p310345,19.33333333,5.686274509803921,3.3999999994137933,0.3999999994137933,68
4451,879.310344828,Re_879p310345,19.61764706,5.686274509803921,3.450000000206897,0.4500000002068969,69
4452,879.310344828,Re_879p310345,19.90196078,5.686274509803921,3.4999999992413797,0.4999999992413797,70
4453,879.310344828,Re_879p310345,20.18627451,5.686274509803921,3.5500000000344833,0.5500000000344833,71
4454,879.310344828,Re_879p310345,20.47058824,5.686274509803921,3.600000000827587,0.600000000827587,72
4455,879.310344828,Re_879p310345,20.75490196,5.686274509803921,3.64999999986207,0.6499999998620698,73
4456,879.310344828,Re_879p310345,21.03921569,5.686274509803921,3.7000000006551725,0.7000000006551725,74
4457,879.310344828,Re_879p310345,21.32352941,5.686274509803921,3.7499999996896554,0.7499999996896554,75
4458,879.310344828,Re_879p310345,21.60784314,5.686274509803921,3.800000000482759,0.800000000482759,76
4459,879.310344828,Re_879p310345,21.89215686,5.686274509803921,3.849999999517242,0.8499999995172418,77
4460,879.310344828,Re_879p310345,22.17647059,5.686274509803921,3.9000000003103454,0.9000000003103454,78
4461,879.310344828,Re_879p310345,22.46078431,5.686274509803921,3.9499999993448283,0.9499999993448283,79
4462,879.310344828,Re_879p310345,22.74509804,5.686274509803921,4.000000000137931,1.3793144404417035e-10,80
4463,879.310344828,Re_879p310345,23.02941176,5.686274509803921,4.049999999172414,0.04999999917241382,81
4464,879.310344828,Re_879p310345,23.31372549,5.686274509803921,4.099999999965518,0.0999999999655179,82
4465,879.310344828,Re_879p310345,23.59803922,5.686274509803921,4.150000000758621,0.15000000075862108,83
4466,879.310344828,Re_879p310345,23.88235294,5.686274509803921,4.199999999793104,0.19999999979310434,84
4467,879.310344828,Re_879p310345,24.16666667,5.686274509803921,4.2500000005862075,0.2500000005862075,85
4468,879.310344828,Re_879p310345,24.45098039,5.686274509803921,4.299999999620691,0.2999999996206908,86
4469,879.310344828,Re_879p310345,24.73529412,5.686274509803921,4.350000000413793,0.3500000004137931,87
4470,879.310344828,Re_879p310345,25.01960784,5.686274509803921,4.399999999448276,0.39999999944827636,88
4471,879.310344828,Re_879p310345,25.30392157,5.686274509803921,4.4500000002413795,0.45000000024137954,89
4472,879.310344828,Re_879p310345,25.58823529,5.686274509803921,4.499999999275863,0.4999999992758628,90
4473,879.310344828,Re_879p310345,25.87254902,5.686274509803921,4.550000000068966,0.550000000068966,91
4474,879.310344828,Re_879p310345,26.15686275,5.686274509803921,4.600000000862069,0.6000000008620692,92
4475,879.310344828,Re_879p310345,26.44117647,5.686274509803921,4.649999999896552,0.6499999998965524,93
4476,879.310344828,Re_879p310345,26.7254902,5.686274509803921,4.700000000689656,0.7000000006896556,94
4477,879.310344828,Re_879p310345,27.00980392,5.686274509803921,4.749999999724138,0.749999999724138,95
4478,879.310344828,Re_879p310345,27.29411765,5.686274509803921,4.800000000517242,0.8000000005172421,96
4479,879.310344828,Re_879p310345,27.57843137,5.686274509803921,4.8499999995517244,0.8499999995517244,97
4480,879.310344828,Re_879p310345,27.8627451,5.686274509803921,4.9000000003448285,0.9000000003448285,98
4481,879.310344828,Re_879p310345,28.14705882,5.686274509803921,4.949999999379311,0.9499999993793109,99
4482,879.310344828,Re_879p310345,28.43137255,5.686274509803921,5.000000000172414,1.72414083010608e-10,100
4483,879.310344828,Re_879p310345,28.71568627,5.686274509803921,5.049999999206897,0.04999999920689735,101
4484,879.310344828,Re_879p310345,29.0,5.686274509803921,5.1000000000000005,0.10000000000000053,102
4485,879.310344828,Re_879p310345,29.28431373,5.686274509803921,5.150000000793105,0.1500000007931046,103
4486,879.310344828,Re_879p310345,29.56862745,5.686274509803921,5.199999999827587,0.19999999982758698,104
4487,879.310344828,Re_879p310345,29.85294118,5.686274509803921,5.25000000062069,0.25000000062069017,105
4488,879.310344828,Re_879p310345,30.1372549,5.686274509803921,5.2999999996551725,0.29999999965517254,106
4489,879.310344828,Re_879p310345,30.42156863,5.686274509803921,5.350000000448277,0.3500000004482766,107
4490,879.310344828,Re_879p310345,30.70588235,5.686274509803921,5.399999999482759,0.399999999482759,108
4491,879.310344828,Re_879p310345,30.99019608,5.686274509803921,5.450000000275863,0.45000000027586307,109
4492,879.310344828,Re_879p310345,31.2745098,5.686274509803921,5.4999999993103454,0.49999999931034544,110
4493,879.310344828,Re_879p310345,31.55882353,5.686274509803921,5.5500000001034495,0.5500000001034495,111
4494,879.310344828,Re_879p310345,31.84313725,5.686274509803921,5.599999999137932,0.5999999991379319,112
4495,879.310344828,Re_879p310345,32.12745098,5.686274509803921,5.649999999931035,0.6499999999310351,113
4496,879.310344828,Re_879p310345,32.41176471,5.686274509803921,5.700000000724138,0.7000000007241383,114
4497,879.310344828,Re_879p310345,32.69607843,5.686274509803921,5.7499999997586215,0.7499999997586215,115
4498,879.310344828,Re_879p310345,32.98039216,5.686274509803921,5.800000000551725,0.8000000005517247,116
4499,879.310344828,Re_879p310345,33.26470588,5.686274509803921,5.849999999586208,0.849999999586208,117
4500,879.310344828,Re_879p310345,33.54901961,5.686274509803921,5.900000000379311,0.9000000003793112,118
4501,879.310344828,Re_879p310345,33.83333333,5.686274509803921,5.949999999413794,0.9499999994137944,119
4502,879.310344828,Re_879p310345,34.11764706,5.686274509803921,6.000000000206898,2.0689761015546537e-10,120
4503,879.310344828,Re_879p310345,34.40196078,5.686274509803921,6.049999999241381,0.04999999924138088,121
4504,879.310344828,Re_879p310345,34.68627451,5.686274509803921,6.100000000034483,0.10000000003448317,122
4505,879.310344828,Re_879p310345,34.97058824,5.686274509803921,6.150000000827586,0.15000000082758636,123
4506,879.310344828,Re_879p310345,35.25490196,5.686274509803921,6.19999999986207,0.19999999986206962,124
4507,879.310344828,Re_879p310345,35.53921569,5.686274509803921,6.250000000655173,0.2500000006551728,125
4508,879.310344828,Re_879p310345,35.82352941,5.686274509803921,6.299999999689656,0.29999999968965607,126
4509,879.310344828,Re_879p310345,36.10784314,5.686274509803921,6.350000000482759,0.35000000048275925,127
4510,879.310344828,Re_879p310345,36.39215686,5.686274509803921,6.3999999995172425,0.3999999995172425,128
4511,879.310344828,Re_879p310345,36.67647059,5.686274509803921,6.450000000310346,0.4500000003103457,129
4512,879.310344828,Re_879p310345,36.96078431,5.686274509803921,6.499999999344829,0.49999999934482897,130
4513,879.310344828,Re_879p310345,37.24509804,5.686274509803921,6.550000000137932,0.5500000001379322,131
4514,879.310344828,Re_879p310345,37.52941176,5.686274509803921,6.5999999991724145,0.5999999991724145,132
4515,879.310344828,Re_879p310345,37.81372549,5.686274509803921,6.649999999965519,0.6499999999655186,133
4516,879.310344828,Re_879p310345,38.09803922,5.686274509803921,6.700000000758621,0.7000000007586209,134
4517,879.310344828,Re_879p310345,38.38235294,5.686274509803921,6.749999999793103,0.7499999997931033,135
4518,879.310344828,Re_879p310345,38.66666667,5.686274509803921,6.800000000586207,0.8000000005862073,136
4519,879.310344828,Re_879p310345,38.95098039,5.686274509803921,6.84999999962069,0.8499999996206897,137
4520,879.310344828,Re_879p310345,39.23529412,5.686274509803921,6.900000000413794,0.9000000004137938,138
4521,879.310344828,Re_879p310345,39.51960784,5.686274509803921,6.949999999448276,0.9499999994482762,139
4522,879.310344828,Re_879p310345,39.80392157,5.686274509803921,7.00000000024138,2.4138024912190303e-10,140
4523,879.310344828,Re_879p310345,40.08823529,5.686274509803921,7.049999999275863,0.04999999927586263,141
4524,879.310344828,Re_879p310345,40.37254902,5.686274509803921,7.100000000068967,0.1000000000689667,142
4525,879.310344828,Re_879p310345,40.65686275,5.686274509803921,7.15000000086207,0.15000000086206988,143
4526,879.310344828,Re_879p310345,40.94117647,5.686274509803921,7.199999999896553,0.19999999989655315,144
4527,879.310344828,Re_879p310345,41.2254902,5.686274509803921,7.250000000689656,0.25000000068965633,145
4528,879.310344828,Re_879p310345,41.50980392,5.686274509803921,7.29999999972414,0.2999999997241396,146
4529,879.310344828,Re_879p310345,41.79411765,5.686274509803921,7.350000000517242,0.3500000005172419,147
4530,879.310344828,Re_879p310345,42.07843137,5.686274509803921,7.399999999551724,0.3999999995517243,148
4531,879.310344828,Re_879p310345,42.3627451,5.686274509803921,7.450000000344828,0.45000000034482834,149
4532,879.310344828,Re_879p310345,42.64705882,5.686274509803921,7.499999999379311,0.4999999993793107,150
4533,879.310344828,Re_879p310345,42.93137255,5.686274509803921,7.550000000172415,0.5500000001724148,151
4534,879.310344828,Re_879p310345,43.21568627,5.686274509803921,7.599999999206897,0.5999999992068972,152
4535,879.310344828,Re_879p310345,43.5,5.686274509803921,7.650000000000001,0.6500000000000012,153
4536,879.310344828,Re_879p310345,43.78431373,5.686274509803921,7.700000000793104,0.7000000007931044,154
4537,879.310344828,Re_879p310345,44.06862745,5.686274509803921,7.749999999827588,0.7499999998275877,155
4538,879.310344828,Re_879p310345,44.35294118,5.686274509803921,7.800000000620691,0.8000000006206909,156
4539,879.310344828,Re_879p310345,44.6372549,5.686274509803921,7.849999999655173,0.8499999996551733,157
4540,879.310344828,Re_879p310345,44.92156863,5.686274509803921,7.900000000448277,0.9000000004482773,158
4541,879.310344828,Re_879p310345,45.20588235,5.686274509803921,7.94999999948276,0.9499999994827597,159
4542,879.310344828,Re_879p310345,45.49019608,5.686274509803921,8.000000000275863,2.758628880883407e-10,160
4543,879.310344828,Re_879p310345,45.7745098,5.686274509803921,8.049999999310344,0.04999999931034438,161
4544,879.310344828,Re_879p310345,46.05882353,5.686274509803921,8.10000000010345,0.10000000010344934,162
4545,879.310344828,Re_879p310345,46.34313725,5.686274509803921,8.14999999913793,0.14999999913793083,163
4546,879.310344828,Re_879p310345,46.62745098,5.686274509803921,8.199999999931036,0.1999999999310358,164
4547,879.310344828,Re_879p310345,46.91176471,5.686274509803921,8.250000000724139,0.25000000072413897,165
4548,879.310344828,Re_879p310345,47.19607843,5.686274509803921,8.299999999758622,0.29999999975862224,166
4549,879.310344828,Re_879p310345,47.48039216,5.686274509803921,8.350000000551725,0.3500000005517254,167
4550,879.310344828,Re_879p310345,47.76470588,5.686274509803921,8.399999999586209,0.3999999995862087,168
4551,879.310344828,Re_879p310345,48.04901961,5.686274509803921,8.450000000379312,0.45000000037931187,169
4552,879.310344828,Re_879p310345,48.33333333,5.686274509803921,8.499999999413795,0.49999999941379514,170
4553,879.310344828,Re_879p310345,48.61764706,5.686274509803921,8.550000000206898,0.5500000002068983,171
4554,879.310344828,Re_879p310345,48.90196078,5.686274509803921,8.599999999241382,0.5999999992413816,172
4555,879.310344828,Re_879p310345,49.18627451,5.686274509803921,8.650000000034483,0.650000000034483,173
4556,879.310344828,Re_879p310345,49.47058824,5.686274509803921,8.700000000827586,0.7000000008275862,174
4557,879.310344828,Re_879p310345,49.75490196,5.686274509803921,8.74999999986207,0.7499999998620694,175
4558,879.310344828,Re_879p310345,50.03921569,5.686274509803921,8.800000000655173,0.8000000006551726,176
4559,879.310344828,Re_879p310345,50.32352941,5.686274509803921,8.849999999689656,0.8499999996896559,177
4560,879.310344828,Re_879p310345,50.60784314,5.686274509803921,8.900000000482759,0.9000000004827591,178
4561,879.310344828,Re_879p310345,50.89215686,5.686274509803921,8.949999999517242,0.9499999995172423,179
4562,879.310344828,Re_879p310345,51.17647059,5.686274509803921,9.000000000310346,3.1034552705477836e-10,180
4563,879.310344828,Re_879p310345,51.46078431,5.686274509803921,9.049999999344829,0.049999999344828794,181
4564,879.310344828,Re_879p310345,51.74509804,5.686274509803921,9.100000000137932,0.10000000013793198,182
4565,879.310344828,Re_879p310345,52.02941176,5.686274509803921,9.149999999172415,0.14999999917241524,183
4566,879.310344828,Re_879p310345,52.31372549,5.686274509803921,9.199999999965518,0.19999999996551843,184
4567,879.310344828,Re_879p310345,52.59803922,5.686274509803921,9.250000000758622,0.2500000007586216,185
4568,879.310344828,Re_879p310345,52.88235294,5.686274509803921,9.299999999793105,0.2999999997931049,186
4569,879.310344828,Re_879p310345,53.16666667,5.686274509803921,9.350000000586208,0.35000000058620806,187
4570,879.310344828,Re_879p310345,53.45098039,5.686274509803921,9.39999999962069,0.39999999962068955,188
4571,879.310344828,Re_879p310345,53.73529412,5.686274509803921,9.450000000413795,0.4500000004137945,189
4572,879.310344828,Re_879p310345,54.01960784,5.686274509803921,9.499999999448276,0.499999999448276,190
4573,879.310344828,Re_879p310345,54.30392157,5.686274509803921,9.550000000241381,0.550000000241381,191
4574,879.310344828,Re_879p310345,54.58823529,5.686274509803921,9.599999999275862,0.5999999992758625,192
4575,879.310344828,Re_879p310345,54.87254902,5.686274509803921,9.650000000068967,0.6500000000689674,193
4576,879.310344828,Re_879p310345,55.15686275,5.686274509803921,9.70000000086207,0.7000000008620706,194
4577,879.310344828,Re_879p310345,55.44117647,5.686274509803921,9.749999999896554,0.7499999998965539,195
4578,879.310344828,Re_879p310345,55.7254902,5.686274509803921,9.800000000689657,0.800000000689657,196
4579,879.310344828,Re_879p310345,56.00980392,5.686274509803921,9.84999999972414,0.8499999997241403,197
4580,879.310344828,Re_879p310345,56.29411765,5.686274509803921,9.900000000517242,0.9000000005172417,198
4581,879.310344828,Re_879p310345,56.57843137,5.686274509803921,9.949999999551725,0.949999999551725,199
4582,879.310344828,Re_879p310345,56.8627451,5.686274509803921,10.000000000344828,3.44828166021216e-10,200
4583,879.310344828,Re_879p310345,57.14705882,5.686274509803921,10.049999999379311,0.04999999937931143,201
4584,879.310344828,Re_879p310345,57.43137255,5.686274509803921,10.100000000172415,0.10000000017241462,202
4585,879.310344828,Re_879p310345,57.71568627,5.686274509803921,10.149999999206898,0.14999999920689788,203
4586,879.310344828,Re_879p310345,58.0,5.686274509803921,10.200000000000001,0.20000000000000107,204
4587,879.310344828,Re_879p310345,58.28431373,5.686274509803921,10.250000000793104,0.25000000079310425,205
4588,879.310344828,Re_879p310345,58.56862745,5.686274509803921,10.299999999827588,0.2999999998275875,206
4589,879.310344828,Re_879p310345,58.85294118,5.686274509803921,10.35000000062069,0.3500000006206907,207
4590,879.310344828,Re_879p310345,59.1372549,5.686274509803921,10.399999999655174,0.39999999965517397,208
4591,879.310344828,Re_879p310345,59.42156863,5.686274509803921,10.450000000448277,0.45000000044827715,209
4592,879.310344828,Re_879p310345,59.70588235,5.686274509803921,10.49999999948276,0.4999999994827604,210
4593,879.310344828,Re_879p310345,59.99019608,5.686274509803921,10.550000000275864,0.5500000002758636,211
4594,879.310344828,Re_879p310345,60.2745098,5.686274509803921,10.599999999310345,0.5999999993103451,212
4595,879.310344828,Re_879p310345,60.55882353,5.686274509803921,10.650000000103448,0.6500000001034483,213
4596,879.310344828,Re_879p310345,60.84313725,5.686274509803921,10.699999999137932,0.6999999991379315,214
4597,879.310344828,Re_879p310345,61.12745098,5.686274509803921,10.749999999931035,0.7499999999310347,215
4598,879.310344828,Re_879p310345,61.41176471,5.686274509803921,10.80000000072414,0.8000000007241397,216
4599,879.310344828,Re_879p310345,61.69607843,5.686274509803921,10.849999999758621,0.8499999997586212,217
4600,879.310344828,Re_879p310345,61.98039216,5.686274509803921,10.900000000551726,0.9000000005517261,218
4601,879.310344828,Re_879p310345,62.26470588,5.686274509803921,10.949999999586208,0.9499999995862076,219
4602,879.310344828,Re_879p310345,62.54901961,5.686274509803921,11.000000000379313,3.793125813444931e-10,220
4603,879.310344828,Re_879p310345,62.83333333,5.686274509803921,11.049999999413794,0.04999999941379407,221
4604,879.310344828,Re_879p310345,63.11764706,5.686274509803921,11.100000000206899,0.10000000020689903,222
4605,879.310344828,Re_879p310345,63.40196078,5.686274509803921,11.14999999924138,0.14999999924138052,223
4606,879.310344828,Re_879p310345,63.68627451,5.686274509803921,11.200000000034484,0.2000000000344837,224
4607,879.310344828,Re_879p310345,63.97058824,5.686274509803921,11.250000000827587,0.2500000008275869,225
4608,879.310344828,Re_879p310345,64.25490196,5.686274509803921,11.29999999986207,0.29999999986207015,226
4609,879.310344828,Re_879p310345,64.53921569,5.686274509803921,11.350000000655175,0.3500000006551751,227
4610,879.310344828,Re_879p310345,64.82352941,5.686274509803921,11.399999999689658,0.3999999996896584,228
4611,879.310344828,Re_879p310345,65.10784314,5.686274509803921,11.45000000048276,0.4500000004827598,229
4612,879.310344828,Re_879p310345,65.39215686,5.686274509803921,11.499999999517243,0.49999999951724305,230
4613,879.310344828,Re_879p310345,65.67647059,5.686274509803921,11.550000000310344,0.5500000003103445,231
4614,879.310344828,Re_879p310345,65.96078431,5.686274509803921,11.599999999344828,0.5999999993448277,232
4615,879.310344828,Re_879p310345,66.24509804,5.686274509803921,11.650000000137933,0.6500000001379327,233
4616,879.310344828,Re_879p310345,66.52941176,5.686274509803921,11.699999999172416,0.699999999172416,234
4617,879.310344828,Re_879p310345,66.81372549,5.686274509803921,11.749999999965517,0.7499999999655174,235
4618,879.310344828,Re_879p310345,67.09803922,5.686274509803921,11.800000000758622,0.8000000007586223,236
4619,879.310344828,Re_879p310345,67.38235294,5.686274509803921,11.849999999793106,0.8499999997931056,237
4620,879.310344828,Re_879p310345,67.66666667,5.686274509803921,11.900000000586209,0.9000000005862088,238
4621,879.310344828,Re_879p310345,67.95098039,5.686274509803921,11.94999999962069,0.9499999996206903,239
4622,879.310344828,Re_879p310345,68.23529412,5.686274509803921,12.000000000413795,4.1379522031093074e-10,240
4623,896.551724138,Re_896p551724,11.15384615,5.576923076923076,1.9999999993103452,0.9999999993103452,40
4624,896.551724138,Re_896p551724,11.43269231,5.576923076923076,2.0500000004137937,0.05000000041379371,41
4625,896.551724138,Re_896p551724,11.71153846,5.576923076923076,2.0999999997241385,0.09999999972413853,42
4626,896.551724138,Re_896p551724,11.99038462,5.576923076923076,2.150000000827587,0.1500000008275868,43
4627,896.551724138,Re_896p551724,12.26923077,5.576923076923076,2.2000000001379316,0.20000000013793162,44
4628,896.551724138,Re_896p551724,12.54807692,5.576923076923076,2.2499999994482764,0.24999999944827644,45
4629,896.551724138,Re_896p551724,12.82692308,5.576923076923076,2.3000000005517247,0.3000000005517247,46
4630,896.551724138,Re_896p551724,13.10576923,5.576923076923076,2.3499999998620695,0.34999999986206953,47
4631,896.551724138,Re_896p551724,13.38461538,5.576923076923076,2.3999999991724144,0.39999999917241436,48
4632,896.551724138,Re_896p551724,13.66346154,5.576923076923076,2.4500000002758626,0.4500000002758626,49
4633,896.551724138,Re_896p551724,13.94230769,5.576923076923076,2.4999999995862074,0.49999999958620744,50
4634,896.551724138,Re_896p551724,14.22115385,5.576923076923076,2.5500000006896557,0.5500000006896557,51
4635,896.551724138,Re_896p551724,14.5,5.576923076923076,2.6000000000000005,0.6000000000000005,52
4636,896.551724138,Re_896p551724,14.77884615,5.576923076923076,2.6499999993103454,0.6499999993103454,53
4637,896.551724138,Re_896p551724,15.05769231,5.576923076923076,2.7000000004137936,0.7000000004137936,54
4638,896.551724138,Re_896p551724,15.33653846,5.576923076923076,2.7499999997241384,0.7499999997241384,55
4639,896.551724138,Re_896p551724,15.61538462,5.576923076923076,2.8000000008275867,0.8000000008275867,56
4640,896.551724138,Re_896p551724,15.89423077,5.576923076923076,2.8500000001379315,0.8500000001379315,57
4641,896.551724138,Re_896p551724,16.17307692,5.576923076923076,2.8999999994482764,0.8999999994482764,58
4642,896.551724138,Re_896p551724,16.45192308,5.576923076923076,2.9500000005517246,0.9500000005517246,59
4643,896.551724138,Re_896p551724,16.73076923,5.576923076923076,2.9999999998620694,0.9999999998620694,60
4644,896.551724138,Re_896p551724,17.00961538,5.576923076923076,3.0499999991724143,0.04999999917241427,61
4645,896.551724138,Re_896p551724,17.28846154,5.576923076923076,3.1000000002758625,0.10000000027586253,62
4646,896.551724138,Re_896p551724,17.56730769,5.576923076923076,3.1499999995862074,0.14999999958620736,63
4647,896.551724138,Re_896p551724,17.84615385,5.576923076923076,3.200000000689656,0.20000000068965607,64
4648,896.551724138,Re_896p551724,18.125,5.576923076923076,3.250000000000001,0.2500000000000009,65
4649,896.551724138,Re_896p551724,18.40384615,5.576923076923076,3.2999999993103453,0.29999999931034527,66
4650,896.551724138,Re_896p551724,18.68269231,5.576923076923076,3.350000000413794,0.350000000413794,67
4651,896.551724138,Re_896p551724,18.96153846,5.576923076923076,3.399999999724139,0.3999999997241388,68
4652,896.551724138,Re_896p551724,19.24038462,5.576923076923076,3.450000000827587,0.45000000082758707,69
4653,896.551724138,Re_896p551724,19.51923077,5.576923076923076,3.500000000137932,0.5000000001379319,70
4654,896.551724138,Re_896p551724,19.79807692,5.576923076923076,3.5499999994482767,0.5499999994482767,71
4655,896.551724138,Re_896p551724,20.07692308,5.576923076923076,3.600000000551725,0.600000000551725,72
4656,896.551724138,Re_896p551724,20.35576923,5.576923076923076,3.64999999986207,0.6499999998620698,73
4657,896.551724138,Re_896p551724,20.63461538,5.576923076923076,3.6999999991724146,0.6999999991724146,74
4658,896.551724138,Re_896p551724,20.91346154,5.576923076923076,3.750000000275863,0.7500000002758629,75
4659,896.551724138,Re_896p551724,21.19230769,5.576923076923076,3.7999999995862077,0.7999999995862077,76
4660,896.551724138,Re_896p551724,21.47115385,5.576923076923076,3.850000000689656,0.850000000689656,77
4661,896.551724138,Re_896p551724,21.75,5.576923076923076,3.900000000000001,0.9000000000000008,78
4662,896.551724138,Re_896p551724,22.02884615,5.576923076923076,3.9499999993103456,0.9499999993103456,79
4663,896.551724138,Re_896p551724,22.30769231,5.576923076923076,4.000000000413794,4.1379433213251104e-10,80
4664,896.551724138,Re_896p551724,22.58653846,5.576923076923076,4.049999999724139,0.04999999972413871,81
4665,896.551724138,Re_896p551724,22.86538462,5.576923076923076,4.100000000827587,0.10000000082758742,82
4666,896.551724138,Re_896p551724,23.14423077,5.576923076923076,4.150000000137932,0.1500000001379318,83
4667,896.551724138,Re_896p551724,23.42307692,5.576923076923076,4.199999999448277,0.19999999944827707,84
4668,896.551724138,Re_896p551724,23.70192308,5.576923076923076,4.250000000551725,0.2500000005517249,85
4669,896.551724138,Re_896p551724,23.98076923,5.576923076923076,4.29999999986207,0.29999999986207015,86
4670,896.551724138,Re_896p551724,24.25961538,5.576923076923076,4.3499999991724145,0.34999999917241453,87
4671,896.551724138,Re_896p551724,24.53846154,5.576923076923076,4.400000000275863,0.40000000027586324,88
4672,896.551724138,Re_896p551724,24.81730769,5.576923076923076,4.449999999586208,0.4499999995862076,89
4673,896.551724138,Re_896p551724,25.09615385,5.576923076923076,4.500000000689656,0.5000000006896563,90
4674,896.551724138,Re_896p551724,25.375,5.576923076923076,4.550000000000001,0.5500000000000007,91
4675,896.551724138,Re_896p551724,25.65384615,5.576923076923076,4.599999999310346,0.599999999310346,92
4676,896.551724138,Re_896p551724,25.93269231,5.576923076923076,4.650000000413794,0.6500000004137938,93
4677,896.551724138,Re_896p551724,26.21153846,5.576923076923076,4.699999999724139,0.6999999997241391,94
4678,896.551724138,Re_896p551724,26.49038462,5.576923076923076,4.750000000827587,0.7500000008275869,95
4679,896.551724138,Re_896p551724,26.76923077,5.576923076923076,4.800000000137932,0.8000000001379322,96
4680,896.551724138,Re_896p551724,27.04807692,5.576923076923076,4.8499999994482765,0.8499999994482765,97
4681,896.551724138,Re_896p551724,27.32692308,5.576923076923076,4.900000000551725,0.9000000005517252,98
4682,896.551724138,Re_896p551724,27.60576923,5.576923076923076,4.94999999986207,0.9499999998620696,99
4683,896.551724138,Re_896p551724,27.88461538,5.576923076923076,4.999999999172415,0.9999999991724149,100
4684,896.551724138,Re_896p551724,28.16346154,5.576923076923076,5.050000000275863,0.05000000027586271,101
4685,896.551724138,Re_896p551724,28.44230769,5.576923076923076,5.099999999586208,0.09999999958620798,102
4686,896.551724138,Re_896p551724,28.72115385,5.576923076923076,5.150000000689657,0.1500000006896567,103
4687,896.551724138,Re_896p551724,29.0,5.576923076923076,5.200000000000001,0.20000000000000107,104
4688,896.551724138,Re_896p551724,29.27884615,5.576923076923076,5.2499999993103454,0.24999999931034544,105
4689,896.551724138,Re_896p551724,29.55769231,5.576923076923076,5.300000000413794,0.30000000041379415,106
4690,896.551724138,Re_896p551724,29.83653846,5.576923076923076,5.349999999724139,0.3499999997241394,107
4691,896.551724138,Re_896p551724,30.11538462,5.576923076923076,5.400000000827587,0.40000000082758724,108
4692,896.551724138,Re_896p551724,30.39423077,5.576923076923076,5.4500000001379325,0.4500000001379325,109
4693,896.551724138,Re_896p551724,30.67307692,5.576923076923076,5.499999999448277,0.4999999994482769,110
4694,896.551724138,Re_896p551724,30.95192308,5.576923076923076,5.550000000551726,0.5500000005517256,111
4695,896.551724138,Re_896p551724,31.23076923,5.576923076923076,5.59999999986207,0.59999999986207,112
4696,896.551724138,Re_896p551724,31.50961538,5.576923076923076,5.649999999172415,0.6499999991724152,113
4697,896.551724138,Re_896p551724,31.78846154,5.576923076923076,5.700000000275863,0.7000000002758631,114
4698,896.551724138,Re_896p551724,32.06730769,5.576923076923076,5.749999999586208,0.7499999995862083,115
4699,896.551724138,Re_896p551724,32.34615385,5.576923076923076,5.800000000689656,0.8000000006896562,116
4700,896.551724138,Re_896p551724,32.625,5.576923076923076,5.850000000000001,0.8500000000000014,117
4701,896.551724138,Re_896p551724,32.90384615,5.576923076923076,5.899999999310346,0.8999999993103458,118
4702,896.551724138,Re_896p551724,33.18269231,5.576923076923076,5.9500000004137945,0.9500000004137945,119
4703,896.551724138,Re_896p551724,33.46153846,5.576923076923076,5.999999999724139,0.9999999997241389,120
4704,896.551724138,Re_896p551724,33.74038462,5.576923076923076,6.050000000827588,0.0500000008275876,121
4705,896.551724138,Re_896p551724,34.01923077,5.576923076923076,6.100000000137932,0.10000000013793198,122
4706,896.551724138,Re_896p551724,34.29807692,5.576923076923076,6.149999999448277,0.14999999944827724,123
4707,896.551724138,Re_896p551724,34.57692308,5.576923076923076,6.200000000551725,0.20000000055172507,124
4708,896.551724138,Re_896p551724,34.85576923,5.576923076923076,6.24999999986207,0.24999999986207033,125
4709,896.551724138,Re_896p551724,35.13461538,5.576923076923076,6.299999999172415,0.2999999991724147,126
4710,896.551724138,Re_896p551724,35.41346154,5.576923076923076,6.350000000275863,0.3500000002758634,127
4711,896.551724138,Re_896p551724,35.69230769,5.576923076923076,6.399999999586208,0.3999999995862078,128
4712,896.551724138,Re_896p551724,35.97115385,5.576923076923076,6.4500000006896565,0.4500000006896565,129
4713,896.551724138,Re_896p551724,36.25,5.576923076923076,6.500000000000002,0.5000000000000018,130
4714,896.551724138,Re_896p551724,36.52884615,5.576923076923076,6.549999999310346,0.5499999993103462,131
4715,896.551724138,Re_896p551724,36.80769231,5.576923076923076,6.600000000413795,0.6000000004137949,132
4716,896.551724138,Re_896p551724,37.08653846,5.576923076923076,6.649999999724139,0.6499999997241392,133
4717,896.551724138,Re_896p551724,37.36538462,5.576923076923076,6.700000000827588,0.700000000827588,134
4718,896.551724138,Re_896p551724,37.64423077,5.576923076923076,6.750000000137932,0.7500000001379323,135
4719,896.551724138,Re_896p551724,37.92307692,5.576923076923076,6.799999999448278,0.7999999994482776,136
4720,896.551724138,Re_896p551724,38.20192308,5.576923076923076,6.850000000551725,0.8500000005517254,137
4721,896.551724138,Re_896p551724,38.48076923,5.576923076923076,6.899999999862071,0.8999999998620707,138
4722,896.551724138,Re_896p551724,38.75961538,5.576923076923076,6.949999999172415,0.9499999991724151,139
4723,896.551724138,Re_896p551724,39.03846154,5.576923076923076,7.000000000275864,2.758637762667604e-10,140
4724,896.551724138,Re_896p551724,39.31730769,5.576923076923076,7.049999999586208,0.049999999586208155,141
4725,896.551724138,Re_896p551724,39.59615385,5.576923076923076,7.100000000689657,0.10000000068965686,142
4726,896.551724138,Re_896p551724,39.875,5.576923076923076,7.150000000000001,0.15000000000000124,143
4727,896.551724138,Re_896p551724,40.15384615,5.576923076923076,7.1999999993103465,0.1999999993103465,144
4728,896.551724138,Re_896p551724,40.43269231,5.576923076923076,7.250000000413794,0.25000000041379433,145
4729,896.551724138,Re_896p551724,40.71153846,5.576923076923076,7.29999999972414,0.2999999997241396,146
4730,896.551724138,Re_896p551724,40.99038462,5.576923076923076,7.350000000827587,0.3500000008275874,147
4731,896.551724138,Re_896p551724,41.26923077,5.576923076923076,7.400000000137933,0.4000000001379327,148
4732,896.551724138,Re_896p551724,41.54807692,5.576923076923076,7.449999999448277,0.44999999944827707,149
4733,896.551724138,Re_896p551724,41.82692308,5.576923076923076,7.500000000551726,0.5000000005517258,150
4734,896.551724138,Re_896p551724,42.10576923,5.576923076923076,7.54999999986207,0.5499999998620702,151
4735,896.551724138,Re_896p551724,42.38461538,5.576923076923076,7.599999999172415,0.5999999991724154,152
4736,896.551724138,Re_896p551724,42.66346154,5.576923076923076,7.650000000275863,0.6500000002758632,153
4737,896.551724138,Re_896p551724,42.94230769,5.576923076923076,7.6999999995862085,0.6999999995862085,154
4738,896.551724138,Re_896p551724,43.22115385,5.576923076923076,7.750000000689657,0.7500000006896572,155
4739,896.551724138,Re_896p551724,43.5,5.576923076923076,7.800000000000002,0.8000000000000016,156
4740,896.551724138,Re_896p551724,43.77884615,5.576923076923076,7.849999999310346,0.849999999310346,157
4741,896.551724138,Re_896p551724,44.05769231,5.576923076923076,7.900000000413795,0.9000000004137947,158
4742,896.551724138,Re_896p551724,44.33653846,5.576923076923076,7.94999999972414,0.94999999972414,159
4743,896.551724138,Re_896p551724,44.61538462,5.576923076923076,8.000000000827589,8.275886642650221e-10,160
4744,896.551724138,Re_896p551724,44.89423077,5.576923076923076,8.050000000137933,0.05000000013793304,161
4745,896.551724138,Re_896p551724,45.17307692,5.576923076923076,8.099999999448277,0.09999999944827742,162
4746,896.551724138,Re_896p551724,45.45192308,5.576923076923076,8.150000000551726,0.15000000055172613,163
4747,896.551724138,Re_896p551724,45.73076923,5.576923076923076,8.19999999986207,0.1999999998620705,164
4748,896.551724138,Re_896p551724,46.00961538,5.576923076923076,8.249999999172415,0.2499999991724149,165
4749,896.551724138,Re_896p551724,46.28846154,5.576923076923076,8.300000000275864,0.3000000002758636,166
4750,896.551724138,Re_896p551724,46.56730769,5.576923076923076,8.349999999586208,0.349999999586208,167
4751,896.551724138,Re_896p551724,46.84615385,5.576923076923076,8.400000000689657,0.4000000006896567,168
4752,896.551724138,Re_896p551724,47.125,5.576923076923076,8.450000000000001,0.45000000000000107,169
4753,896.551724138,Re_896p551724,47.40384615,5.576923076923076,8.499999999310347,0.4999999993103472,170
4754,896.551724138,Re_896p551724,47.68269231,5.576923076923076,8.550000000413794,0.5500000004137942,171
4755,896.551724138,Re_896p551724,47.96153846,5.576923076923076,8.59999999972414,0.5999999997241403,172
4756,896.551724138,Re_896p551724,48.24038462,5.576923076923076,8.650000000827587,0.6500000008275872,173
4757,896.551724138,Re_896p551724,48.51923077,5.576923076923076,8.700000000137933,0.7000000001379334,174
4758,896.551724138,Re_896p551724,48.79807692,5.576923076923076,8.749999999448278,0.7499999994482778,175
4759,896.551724138,Re_896p551724,49.07692308,5.576923076923076,8.800000000551726,0.8000000005517265,176
4760,896.551724138,Re_896p551724,49.35576923,5.576923076923076,8.84999999986207,0.8499999998620709,177
4761,896.551724138,Re_896p551724,49.63461538,5.576923076923076,8.899999999172415,0.8999999991724152,178
4762,896.551724138,Re_896p551724,49.91346154,5.576923076923076,8.950000000275864,0.950000000275864,179
4763,896.551724138,Re_896p551724,50.19230769,5.576923076923076,8.999999999586208,0.9999999995862083,180
4764,896.551724138,Re_896p551724,50.47115385,5.576923076923076,9.050000000689657,0.05000000068965704,181
4765,896.551724138,Re_896p551724,50.75,5.576923076923076,9.100000000000001,0.10000000000000142,182
4766,896.551724138,Re_896p551724,51.02884615,5.576923076923076,9.149999999310346,0.1499999993103458,183
4767,896.551724138,Re_896p551724,51.30769231,5.576923076923076,9.200000000413795,0.2000000004137945,184
4768,896.551724138,Re_896p551724,51.58653846,5.576923076923076,9.24999999972414,0.24999999972414066,185
4769,896.551724138,Re_896p551724,51.86538462,5.576923076923076,9.300000000827588,0.3000000008275876,186
4770,896.551724138,Re_896p551724,52.14423077,5.576923076923076,9.350000000137934,0.35000000013793375,187
4771,896.551724138,Re_896p551724,52.42307692,5.576923076923076,9.399999999448278,0.39999999944827813,188
4772,896.551724138,Re_896p551724,52.70192308,5.576923076923076,9.450000000551727,0.45000000055172684,189
4773,896.551724138,Re_896p551724,52.98076923,5.576923076923076,9.499999999862071,0.4999999998620712,190
4774,896.551724138,Re_896p551724,53.25961538,5.576923076923076,9.549999999172416,0.5499999991724156,191
4775,896.551724138,Re_896p551724,53.53846154,5.576923076923076,9.600000000275864,0.6000000002758643,192
4776,896.551724138,Re_896p551724,53.81730769,5.576923076923076,9.649999999586209,0.6499999995862087,193
4777,896.551724138,Re_896p551724,54.09615385,5.576923076923076,9.700000000689657,0.7000000006896574,194
4778,896.551724138,Re_896p551724,54.375,5.576923076923076,9.750000000000002,0.7500000000000018,195
4779,896.551724138,Re_896p551724,54.65384615,5.576923076923076,9.799999999310346,0.7999999993103462,196
4780,896.551724138,Re_896p551724,54.93269231,5.576923076923076,9.850000000413795,0.8500000004137949,197
4781,896.551724138,Re_896p551724,55.21153846,5.576923076923076,9.89999999972414,0.8999999997241392,198
4782,896.551724138,Re_896p551724,55.49038462,5.576923076923076,9.950000000827588,0.950000000827588,199
4783,896.551724138,Re_896p551724,55.76923077,5.576923076923076,10.000000000137932,1.3793233222259005e-10,200
4784,896.551724138,Re_896p551724,56.04807692,5.576923076923076,10.049999999448278,0.04999999944827849,201
4785,896.551724138,Re_896p551724,56.32692308,5.576923076923076,10.100000000551725,0.10000000055172542,202
4786,896.551724138,Re_896p551724,56.60576923,5.576923076923076,10.149999999862072,0.14999999986207158,203
4787,896.551724138,Re_896p551724,56.88461538,5.576923076923076,10.199999999172416,0.19999999917241595,204
4788,896.551724138,Re_896p551724,57.16346154,5.576923076923076,10.250000000275865,0.25000000027586466,205
4789,896.551724138,Re_896p551724,57.44230769,5.576923076923076,10.299999999586209,0.29999999958620904,206
4790,896.551724138,Re_896p551724,57.72115385,5.576923076923076,10.350000000689658,0.35000000068965775,207
4791,896.551724138,Re_896p551724,58.0,5.576923076923076,10.400000000000002,0.40000000000000213,208
4792,896.551724138,Re_896p551724,58.27884615,5.576923076923076,10.449999999310347,0.4499999993103465,209
4793,896.551724138,Re_896p551724,58.55769231,5.576923076923076,10.500000000413795,0.5000000004137952,210
4794,896.551724138,Re_896p551724,58.83653846,5.576923076923076,10.54999999972414,0.5499999997241396,211
4795,896.551724138,Re_896p551724,59.11538462,5.576923076923076,10.600000000827588,0.6000000008275883,212
4796,896.551724138,Re_896p551724,59.39423077,5.576923076923076,10.650000000137933,0.6500000001379327,213
4797,896.551724138,Re_896p551724,59.67307692,5.576923076923076,10.699999999448279,0.6999999994482788,214
4798,896.551724138,Re_896p551724,59.95192308,5.576923076923076,10.750000000551726,0.7500000005517258,215
4799,896.551724138,Re_896p551724,60.23076923,5.576923076923076,10.799999999862072,0.7999999998620719,216
4800,896.551724138,Re_896p551724,60.50961538,5.576923076923076,10.849999999172416,0.8499999991724163,217
4801,896.551724138,Re_896p551724,60.78846154,5.576923076923076,10.900000000275865,0.900000000275865,218
4802,896.551724138,Re_896p551724,61.06730769,5.576923076923076,10.94999999958621,0.9499999995862094,219
4803,896.551724138,Re_896p551724,61.34615385,5.576923076923076,11.000000000689658,6.896581083992714e-10,220
4804,896.551724138,Re_896p551724,61.625,5.576923076923076,11.050000000000002,0.05000000000000249,221
4805,896.551724138,Re_896p551724,61.90384615,5.576923076923076,11.099999999310347,0.09999999931034687,222
4806,896.551724138,Re_896p551724,62.18269231,5.576923076923076,11.150000000413796,0.15000000041379558,223
4807,896.551724138,Re_896p551724,62.46153846,5.576923076923076,11.19999999972414,0.19999999972413995,224
4808,896.551724138,Re_896p551724,62.74038462,5.576923076923076,11.250000000827589,0.25000000082758866,225
4809,896.551724138,Re_896p551724,63.01923077,5.576923076923076,11.300000000137933,0.30000000013793304,226
4810,896.551724138,Re_896p551724,63.29807692,5.576923076923076,11.349999999448277,0.3499999994482774,227
4811,896.551724138,Re_896p551724,63.57692308,5.576923076923076,11.400000000551726,0.40000000055172613,228
4812,896.551724138,Re_896p551724,63.85576923,5.576923076923076,11.44999999986207,0.4499999998620705,229
4813,896.551724138,Re_896p551724,64.13461538,5.576923076923076,11.499999999172417,0.49999999917241666,230
4814,896.551724138,Re_896p551724,64.41346154,5.576923076923076,11.550000000275865,0.5500000002758654,231
4815,896.551724138,Re_896p551724,64.69230769,5.576923076923076,11.59999999958621,0.5999999995862098,232
4816,896.551724138,Re_896p551724,64.97115385,5.576923076923076,11.650000000689657,0.6500000006896567,233
4817,896.551724138,Re_896p551724,65.25,5.576923076923076,11.700000000000003,0.7000000000000028,234
4818,896.551724138,Re_896p551724,65.52884615,5.576923076923076,11.749999999310349,0.749999999310349,235
4819,896.551724138,Re_896p551724,65.80769231,5.576923076923076,11.800000000413794,0.8000000004137942,236
4820,896.551724138,Re_896p551724,66.08653846,5.576923076923076,11.84999999972414,0.8499999997241403,237
4821,896.551724138,Re_896p551724,66.36538462,5.576923076923076,11.900000000827589,0.900000000827589,238
4822,896.551724138,Re_896p551724,66.64423077,5.576923076923076,11.950000000137932,0.9500000001379316,239
4823,896.551724138,Re_896p551724,66.92307692,5.576923076923076,11.999999999448278,0.9999999994482778,240
4824,913.793103448,Re_913p793103,10.94339623,5.471698113207546,2.000000000655173,6.551728048975747e-10,40
4825,913.793103448,Re_913p793103,11.21698113,5.471698113207546,2.04999999962069,0.049999999620689906,41
4826,913.793103448,Re_913p793103,11.49056604,5.471698113207546,2.100000000413793,0.10000000041379309,42
4827,913.793103448,Re_913p793103,11.76415094,5.471698113207546,2.1499999993793106,0.14999999937931063,43
4828,913.793103448,Re_913p793103,12.03773585,5.471698113207546,2.2000000001724143,0.20000000017241426,44
4829,913.793103448,Re_913p793103,12.31132075,5.471698113207546,2.2499999991379314,0.24999999913793136,45
4830,913.793103448,Re_913p793103,12.58490566,5.471698113207546,2.299999999931035,0.299999999931035,46
4831,913.793103448,Re_913p793103,12.85849057,5.471698113207546,2.3500000007241386,0.3500000007241386,47
4832,913.793103448,Re_913p793103,13.13207547,5.471698113207546,2.3999999996896557,0.3999999996896557,48
4833,913.793103448,Re_913p793103,13.40566038,5.471698113207546,2.450000000482759,0.4500000004827589,49
4834,913.793103448,Re_913p793103,13.67924528,5.471698113207546,2.499999999448276,0.499999999448276,50
4835,913.793103448,Re_913p793103,13.95283019,5.471698113207546,2.5500000002413796,0.5500000002413796,51
4836,913.793103448,Re_913p793103,14.22641509,5.471698113207546,2.5999999992068967,0.5999999992068967,52
4837,913.793103448,Re_913p793103,14.5,5.471698113207546,2.6500000000000004,0.6500000000000004,53
4838,913.793103448,Re_913p793103,14.77358491,5.471698113207546,2.700000000793104,0.700000000793104,54
4839,913.793103448,Re_913p793103,15.04716981,5.471698113207546,2.749999999758621,0.7499999997586211,55
4840,913.793103448,Re_913p793103,15.32075472,5.471698113207546,2.8000000005517247,0.8000000005517247,56
4841,913.793103448,Re_913p793103,15.59433962,5.471698113207546,2.849999999517242,0.8499999995172418,57
4842,913.793103448,Re_913p793103,15.86792453,5.471698113207546,2.900000000310345,0.900000000310345,58
4843,913.793103448,Re_913p793103,16.14150943,5.471698113207546,2.9499999992758625,0.9499999992758625,59
4844,913.793103448,Re_913p793103,16.41509434,5.471698113207546,3.0000000000689657,6.896572202208517e-11,60
4845,913.793103448,Re_913p793103,16.68867925,5.471698113207546,3.0500000008620693,0.05000000086206935,61
4846,913.793103448,Re_913p793103,16.96226415,5.471698113207546,3.0999999998275864,0.09999999982758645,62
4847,913.793103448,Re_913p793103,17.23584906,5.471698113207546,3.15000000062069,0.15000000062069008,63
4848,913.793103448,Re_913p793103,17.50943396,5.471698113207546,3.199999999586207,0.19999999958620718,64
4849,913.793103448,Re_913p793103,17.78301887,5.471698113207546,3.250000000379311,0.2500000003793108,65
4850,913.793103448,Re_913p793103,18.05660377,5.471698113207546,3.299999999344828,0.2999999993448279,66
4851,913.793103448,Re_913p793103,18.33018868,5.471698113207546,3.3500000001379315,0.35000000013793153,67
4852,913.793103448,Re_913p793103,18.60377358,5.471698113207546,3.3999999991034486,0.39999999910344863,68
4853,913.793103448,Re_913p793103,18.87735849,5.471698113207546,3.449999999896552,0.4499999998965518,69
4854,913.793103448,Re_913p793103,19.1509434,5.471698113207546,3.5000000006896554,0.5000000006896554,70
4855,913.793103448,Re_913p793103,19.4245283,5.471698113207546,3.5499999996551725,0.5499999996551725,71
4856,913.793103448,Re_913p793103,19.69811321,5.471698113207546,3.600000000448276,0.6000000004482762,72
4857,913.793103448,Re_913p793103,19.97169811,5.471698113207546,3.6499999994137933,0.6499999994137933,73
4858,913.793103448,Re_913p793103,20.24528302,5.471698113207546,3.700000000206897,0.7000000002068969,74
4859,913.793103448,Re_913p793103,20.51886792,5.471698113207546,3.7499999991724144,0.7499999991724144,75
4860,913.793103448,Re_913p793103,20.79245283,5.471698113207546,3.7999999999655176,0.7999999999655176,76
4861,913.793103448,Re_913p793103,21.06603774,5.471698113207546,3.850000000758621,0.8500000007586208,77
4862,913.793103448,Re_913p793103,21.33962264,5.471698113207546,3.899999999724139,0.8999999997241388,78
4863,913.793103448,Re_913p793103,21.61320755,5.471698113207546,3.9500000005172415,0.9500000005172415,79
4864,913.793103448,Re_913p793103,21.88679245,5.471698113207546,3.9999999994827595,0.9999999994827595,80
4865,913.793103448,Re_913p793103,22.16037736,5.471698113207546,4.050000000275863,0.05000000027586271,81
4866,913.793103448,Re_913p793103,22.43396226,5.471698113207546,4.09999999924138,0.09999999924137981,82
4867,913.793103448,Re_913p793103,22.70754717,5.471698113207546,4.150000000034484,0.15000000003448388,83
4868,913.793103448,Re_913p793103,22.98113208,5.471698113207546,4.200000000827586,0.20000000082758618,84
4869,913.793103448,Re_913p793103,23.25471698,5.471698113207546,4.249999999793104,0.24999999979310417,85
4870,913.793103448,Re_913p793103,23.52830189,5.471698113207546,4.300000000586208,0.30000000058620824,86
4871,913.793103448,Re_913p793103,23.80188679,5.471698113207546,4.349999999551725,0.34999999955172534,87
4872,913.793103448,Re_913p793103,24.0754717,5.471698113207546,4.4000000003448285,0.4000000003448285,88
4873,913.793103448,Re_913p793103,24.3490566,5.471698113207546,4.449999999310346,0.4499999993103456,89
4874,913.793103448,Re_913p793103,24.62264151,5.471698113207546,4.500000000103449,0.5000000001034488,90
4875,913.793103448,Re_913p793103,24.89622642,5.471698113207546,4.550000000896553,0.5500000008965529,91
4876,913.793103448,Re_913p793103,25.16981132,5.471698113207546,4.59999999986207,0.59999999986207,92
4877,913.793103448,Re_913p793103,25.44339623,5.471698113207546,4.650000000655173,0.6500000006551732,93
4878,913.793103448,Re_913p793103,25.71698113,5.471698113207546,4.69999999962069,0.6999999996206903,94
4879,913.793103448,Re_913p793103,25.99056604,5.471698113207546,4.750000000413794,0.7500000004137943,95
4880,913.793103448,Re_913p793103,26.26415094,5.471698113207546,4.799999999379311,0.7999999993793114,96
4881,913.793103448,Re_913p793103,26.53773585,5.471698113207546,4.850000000172415,0.8500000001724146,97
4882,913.793103448,Re_913p793103,26.81132075,5.471698113207546,4.899999999137932,0.8999999991379317,98
4883,913.793103448,Re_913p793103,27.08490566,5.471698113207546,4.949999999931035,0.9499999999310349,99
4884,913.793103448,Re_913p793103,27.35849057,5.471698113207546,5.000000000724139,7.241389710088697e-10,100
4885,913.793103448,Re_913p793103,27.63207547,5.471698113207546,5.049999999689656,0.04999999968965607,101
4886,913.793103448,Re_913p793103,27.90566038,5.471698113207546,5.100000000482759,0.10000000048275925,102
4887,913.793103448,Re_913p793103,28.17924528,5.471698113207546,5.149999999448276,0.14999999944827636,103
4888,913.793103448,Re_913p793103,28.45283019,5.471698113207546,5.20000000024138,0.20000000024138043,104
4889,913.793103448,Re_913p793103,28.72641509,5.471698113207546,5.2499999992068975,0.24999999920689753,105
4890,913.793103448,Re_913p793103,29.0,5.471698113207546,5.300000000000001,0.3000000000000007,106
4891,913.793103448,Re_913p793103,29.27358491,5.471698113207546,5.350000000793104,0.3500000007931039,107
4892,913.793103448,Re_913p793103,29.54716981,5.471698113207546,5.399999999758621,0.399999999758621,108
4893,913.793103448,Re_913p793103,29.82075472,5.471698113207546,5.450000000551725,0.45000000055172507,109
4894,913.793103448,Re_913p793103,30.09433962,5.471698113207546,5.499999999517242,0.49999999951724217,110
4895,913.793103448,Re_913p793103,30.36792453,5.471698113207546,5.550000000310345,0.5500000003103453,111
4896,913.793103448,Re_913p793103,30.64150943,5.471698113207546,5.5999999992758625,0.5999999992758625,112
4897,913.793103448,Re_913p793103,30.91509434,5.471698113207546,5.6500000000689665,0.6500000000689665,113
4898,913.793103448,Re_913p793103,31.18867925,5.471698113207546,5.70000000086207,0.7000000008620697,114
4899,913.793103448,Re_913p793103,31.46226415,5.471698113207546,5.749999999827587,0.7499999998275868,115
4900,913.793103448,Re_913p793103,31.73584906,5.471698113207546,5.80000000062069,0.80000000062069,116
4901,913.793103448,Re_913p793103,32.00943396,5.471698113207546,5.849999999586208,0.849999999586208,117
4902,913.793103448,Re_913p793103,32.28301887,5.471698113207546,5.900000000379311,0.9000000003793112,118
4903,913.793103448,Re_913p793103,32.55660377,5.471698113207546,5.949999999344829,0.9499999993448291,119
4904,913.793103448,Re_913p793103,32.83018868,5.471698113207546,6.000000000137931,1.3793144404417035e-10,120
4905,913.793103448,Re_913p793103,33.10377358,5.471698113207546,6.049999999103449,0.04999999910344943,121
4906,913.793103448,Re_913p793103,33.37735849,5.471698113207546,6.099999999896553,0.09999999989655262,122
4907,913.793103448,Re_913p793103,33.6509434,5.471698113207546,6.150000000689657,0.1500000006896567,123
4908,913.793103448,Re_913p793103,33.9245283,5.471698113207546,6.199999999655173,0.1999999996551729,124
4909,913.793103448,Re_913p793103,34.19811321,5.471698113207546,6.250000000448277,0.25000000044827697,125
4910,913.793103448,Re_913p793103,34.47169811,5.471698113207546,6.299999999413794,0.29999999941379407,126
4911,913.793103448,Re_913p793103,34.74528302,5.471698113207546,6.350000000206898,0.35000000020689814,127
4912,913.793103448,Re_913p793103,35.01886792,5.471698113207546,6.399999999172414,0.39999999917241436,128
4913,913.793103448,Re_913p793103,35.29245283,5.471698113207546,6.449999999965518,0.4499999999655184,129
4914,913.793103448,Re_913p793103,35.56603774,5.471698113207546,6.500000000758622,0.5000000007586216,130
4915,913.793103448,Re_913p793103,35.83962264,5.471698113207546,6.54999999972414,0.5499999997241396,131
4916,913.793103448,Re_913p793103,36.11320755,5.471698113207546,6.600000000517242,0.6000000005172419,132
4917,913.793103448,Re_913p793103,36.38679245,5.471698113207546,6.64999999948276,0.6499999994827599,133
4918,913.793103448,Re_913p793103,36.66037736,5.471698113207546,6.700000000275863,0.7000000002758631,134
4919,913.793103448,Re_913p793103,36.93396226,5.471698113207546,6.74999999924138,0.7499999992413802,135
4920,913.793103448,Re_913p793103,37.20754717,5.471698113207546,6.800000000034483,0.8000000000344833,136
4921,913.793103448,Re_913p793103,37.48113208,5.471698113207546,6.850000000827587,0.8500000008275874,137
4922,913.793103448,Re_913p793103,37.75471698,5.471698113207546,6.899999999793104,0.8999999997931036,138
4923,913.793103448,Re_913p793103,38.02830189,5.471698113207546,6.950000000586209,0.9500000005862086,139
4924,913.793103448,Re_913p793103,38.30188679,5.471698113207546,6.999999999551725,0.9999999995517248,140
4925,913.793103448,Re_913p793103,38.5754717,5.471698113207546,7.050000000344829,0.05000000034482888,141
4926,913.793103448,Re_913p793103,38.8490566,5.471698113207546,7.099999999310345,0.09999999931034509,142
4927,913.793103448,Re_913p793103,39.12264151,5.471698113207546,7.150000000103449,0.15000000010344916,143
4928,913.793103448,Re_913p793103,39.39622642,5.471698113207546,7.200000000896552,0.20000000089655234,144
4929,913.793103448,Re_913p793103,39.66981132,5.471698113207546,7.24999999986207,0.24999999986207033,145
4930,913.793103448,Re_913p793103,39.94339623,5.471698113207546,7.300000000655173,0.3000000006551726,146
4931,913.793103448,Re_913p793103,40.21698113,5.471698113207546,7.349999999620691,0.3499999996206906,147
4932,913.793103448,Re_913p793103,40.49056604,5.471698113207546,7.400000000413794,0.4000000004137938,148
4933,913.793103448,Re_913p793103,40.76415094,5.471698113207546,7.449999999379312,0.4499999993793118,149
4934,913.793103448,Re_913p793103,41.03773585,5.471698113207546,7.500000000172414,0.5000000001724141,150
4935,913.793103448,Re_913p793103,41.31132075,5.471698113207546,7.549999999137932,0.5499999991379321,151
4936,913.793103448,Re_913p793103,41.58490566,5.471698113207546,7.599999999931035,0.5999999999310353,152
4937,913.793103448,Re_913p793103,41.85849057,5.471698113207546,7.650000000724139,0.6500000007241393,153
4938,913.793103448,Re_913p793103,42.13207547,5.471698113207546,7.6999999996896555,0.6999999996896555,154
4939,913.793103448,Re_913p793103,42.40566038,5.471698113207546,7.75000000048276,0.7500000004827596,155
4940,913.793103448,Re_913p793103,42.67924528,5.471698113207546,7.799999999448278,0.7999999994482776,156
4941,913.793103448,Re_913p793103,42.95283019,5.471698113207546,7.850000000241381,0.8500000002413808,157
4942,913.793103448,Re_913p793103,43.22641509,5.471698113207546,7.899999999206898,0.8999999992068979,158
4943,913.793103448,Re_913p793103,43.5,5.471698113207546,7.950000000000001,0.9500000000000011,159
4944,913.793103448,Re_913p793103,43.77358491,5.471698113207546,8.000000000793104,7.93104248941745e-10,160
4945,913.793103448,Re_913p793103,44.04716981,5.471698113207546,8.049999999758622,0.04999999975862224,161
4946,913.793103448,Re_913p793103,44.32075472,5.471698113207546,8.100000000551725,0.10000000055172542,162
4947,913.793103448,Re_913p793103,44.59433962,5.471698113207546,8.149999999517242,0.14999999951724163,163
4948,913.793103448,Re_913p793103,44.86792453,5.471698113207546,8.200000000310347,0.2000000003103466,164
4949,913.793103448,Re_913p793103,45.14150943,5.471698113207546,8.249999999275863,0.2499999992758628,165
4950,913.793103448,Re_913p793103,45.41509434,5.471698113207546,8.300000000068968,0.30000000006896776,166
4951,913.793103448,Re_913p793103,45.68867925,5.471698113207546,8.350000000862071,0.35000000086207095,167
4952,913.793103448,Re_913p793103,45.96226415,5.471698113207546,8.399999999827587,0.39999999982758716,168
4953,913.793103448,Re_913p793103,46.23584906,5.471698113207546,8.45000000062069,0.45000000062069034,169
4954,913.793103448,Re_913p793103,46.50943396,5.471698113207546,8.499999999586208,0.49999999958620833,170
4955,913.793103448,Re_913p793103,46.78301887,5.471698113207546,8.550000000379312,0.5500000003793115,171
4956,913.793103448,Re_913p793103,47.05660377,5.471698113207546,8.59999999934483,0.5999999993448295,172
4957,913.793103448,Re_913p793103,47.33018868,5.471698113207546,8.650000000137933,0.6500000001379327,173
4958,913.793103448,Re_913p793103,47.60377358,5.471698113207546,8.69999999910345,0.6999999991034507,174
4959,913.793103448,Re_913p793103,47.87735849,5.471698113207546,8.749999999896552,0.7499999998965521,175
4960,913.793103448,Re_913p793103,48.1509434,5.471698113207546,8.800000000689657,0.800000000689657,176
4961,913.793103448,Re_913p793103,48.4245283,5.471698113207546,8.849999999655173,0.8499999996551733,177
4962,913.793103448,Re_913p793103,48.69811321,5.471698113207546,8.900000000448278,0.9000000004482782,178
4963,913.793103448,Re_913p793103,48.97169811,5.471698113207546,8.949999999413794,0.9499999994137944,179
4964,913.793103448,Re_913p793103,49.24528302,5.471698113207546,9.000000000206898,2.0689761015546537e-10,180
4965,913.793103448,Re_913p793103,49.51886792,5.471698113207546,9.049999999172416,0.0499999991724156,181
4966,913.793103448,Re_913p793103,49.79245283,5.471698113207546,9.099999999965519,0.09999999996551878,182
4967,913.793103448,Re_913p793103,50.06603774,5.471698113207546,9.150000000758622,0.15000000075862197,183
4968,913.793103448,Re_913p793103,50.33962264,5.471698113207546,9.19999999972414,0.19999999972413995,184
4969,913.793103448,Re_913p793103,50.61320755,5.471698113207546,9.250000000517243,0.25000000051724314,185
4970,913.793103448,Re_913p793103,50.88679245,5.471698113207546,9.29999999948276,0.29999999948275935,186
4971,913.793103448,Re_913p793103,51.16037736,5.471698113207546,9.350000000275863,0.35000000027586253,187
4972,913.793103448,Re_913p793103,51.43396226,5.471698113207546,9.39999999924138,0.3999999992413805,188
4973,913.793103448,Re_913p793103,51.70754717,5.471698113207546,9.450000000034484,0.4500000000344837,189
4974,913.793103448,Re_913p793103,51.98113208,5.471698113207546,9.500000000827589,0.5000000008275887,190
4975,913.793103448,Re_913p793103,52.25471698,5.471698113207546,9.549999999793105,0.5499999997931049,191
4976,913.793103448,Re_913p793103,52.52830189,5.471698113207546,9.600000000586208,0.6000000005862081,192
4977,913.793103448,Re_913p793103,52.80188679,5.471698113207546,9.649999999551724,0.6499999995517243,193
4978,913.793103448,Re_913p793103,53.0754717,5.471698113207546,9.70000000034483,0.7000000003448292,194
4979,913.793103448,Re_913p793103,53.3490566,5.471698113207546,9.749999999310345,0.7499999993103454,195
4980,913.793103448,Re_913p793103,53.62264151,5.471698113207546,9.80000000010345,0.8000000001034504,196
4981,913.793103448,Re_913p793103,53.89622642,5.471698113207546,9.850000000896554,0.8500000008965536,197
4982,913.793103448,Re_913p793103,54.16981132,5.471698113207546,9.89999999986207,0.8999999998620698,198
4983,913.793103448,Re_913p793103,54.44339623,5.471698113207546,9.950000000655173,0.950000000655173,199
4984,913.793103448,Re_913p793103,54.71698113,5.471698113207546,9.999999999620691,0.999999999620691,200
4985,913.793103448,Re_913p793103,54.99056604,5.471698113207546,10.050000000413794,0.050000000413794154,201
4986,913.793103448,Re_913p793103,55.26415094,5.471698113207546,10.099999999379312,0.09999999937931214,202
4987,913.793103448,Re_913p793103,55.53773585,5.471698113207546,10.150000000172415,0.15000000017241533,203
4988,913.793103448,Re_913p793103,55.81132075,5.471698113207546,10.199999999137933,0.19999999913793332,204
4989,913.793103448,Re_913p793103,56.08490566,5.471698113207546,10.249999999931035,0.24999999993103472,205
4990,913.793103448,Re_913p793103,56.35849057,5.471698113207546,10.30000000072414,0.3000000007241397,206
4991,913.793103448,Re_913p793103,56.63207547,5.471698113207546,10.349999999689656,0.3499999996896559,207
4992,913.793103448,Re_913p793103,56.90566038,5.471698113207546,10.40000000048276,0.40000000048276085,208
4993,913.793103448,Re_913p793103,57.17924528,5.471698113207546,10.449999999448279,0.44999999944827884,209
4994,913.793103448,Re_913p793103,57.45283019,5.471698113207546,10.50000000024138,0.5000000002413802,210
4995,913.793103448,Re_913p793103,57.72641509,5.471698113207546,10.549999999206898,0.5499999992068982,211
4996,913.793103448,Re_913p793103,58.0,5.471698113207546,10.600000000000001,0.6000000000000014,212
4997,913.793103448,Re_913p793103,58.27358491,5.471698113207546,10.650000000793105,0.6500000007931046,213
4998,913.793103448,Re_913p793103,58.54716981,5.471698113207546,10.699999999758623,0.6999999997586226,214
4999,913.793103448,Re_913p793103,58.82075472,5.471698113207546,10.750000000551726,0.7500000005517258,215
5000,913.793103448,Re_913p793103,59.09433962,5.471698113207546,10.799999999517242,0.799999999517242,216
5001,913.793103448,Re_913p793103,59.36792453,5.471698113207546,10.850000000310347,0.850000000310347,217
5002,913.793103448,Re_913p793103,59.64150943,5.471698113207546,10.899999999275863,0.8999999992758632,218
5003,913.793103448,Re_913p793103,59.91509434,5.471698113207546,10.950000000068968,0.9500000000689681,219
5004,913.793103448,Re_913p793103,60.18867925,5.471698113207546,11.000000000862071,8.620713032314598e-10,220
5005,913.793103448,Re_913p793103,60.46226415,5.471698113207546,11.049999999827588,0.049999999827587516,221
5006,913.793103448,Re_913p793103,60.73584906,5.471698113207546,11.10000000062069,0.1000000006206907,222
5007,913.793103448,Re_913p793103,61.00943396,5.471698113207546,11.149999999586209,0.1499999995862087,223
5008,913.793103448,Re_913p793103,61.28301887,5.471698113207546,11.200000000379312,0.20000000037931187,224
5009,913.793103448,Re_913p793103,61.55660377,5.471698113207546,11.24999999934483,0.24999999934482986,225
5010,913.793103448,Re_913p793103,61.83018868,5.471698113207546,11.300000000137933,0.30000000013793304,226
5011,913.793103448,Re_913p793103,62.10377358,5.471698113207546,11.349999999103451,0.34999999910345103,227
5012,913.793103448,Re_913p793103,62.37735849,5.471698113207546,11.399999999896552,0.39999999989655244,228
5013,913.793103448,Re_913p793103,62.6509434,5.471698113207546,11.450000000689657,0.4500000006896574,229
5014,913.793103448,Re_913p793103,62.9245283,5.471698113207546,11.499999999655174,0.4999999996551736,230
5015,913.793103448,Re_913p793103,63.19811321,5.471698113207546,11.550000000448279,0.5500000004482786,231
5016,913.793103448,Re_913p793103,63.47169811,5.471698113207546,11.599999999413795,0.5999999994137948,232
5017,913.793103448,Re_913p793103,63.74528302,5.471698113207546,11.650000000206898,0.650000000206898,233
5018,913.793103448,Re_913p793103,64.01886792,5.471698113207546,11.699999999172416,0.699999999172416,234
5019,913.793103448,Re_913p793103,64.29245283,5.471698113207546,11.74999999996552,0.7499999999655191,235
5020,913.793103448,Re_913p793103,64.56603774,5.471698113207546,11.800000000758622,0.8000000007586223,236
5021,913.793103448,Re_913p793103,64.83962264,5.471698113207546,11.84999999972414,0.8499999997241403,237
5022,913.793103448,Re_913p793103,65.11320755,5.471698113207546,11.900000000517243,0.9000000005172435,238
5023,913.793103448,Re_913p793103,65.38679245,5.471698113207546,11.94999999948276,0.9499999994827597,239
5024,913.793103448,Re_913p793103,65.66037736,5.471698113207546,12.000000000275863,2.758628880883407e-10,240
5025,931.034482759,Re_931p034483,10.74074074,5.37037037037037,1.999999999862069,0.999999999862069,40
5026,931.034482759,Re_931p034483,11.00925926,5.37037037037037,2.0500000001379313,0.050000000137931266,41
5027,931.034482759,Re_931p034483,11.27777778,5.37037037037037,2.100000000413793,0.10000000041379309,42
5028,931.034482759,Re_931p034483,11.5462963,5.37037037037037,2.1500000006896554,0.15000000068965536,43
5029,931.034482759,Re_931p034483,11.81481481,5.37037037037037,2.1999999991034485,0.19999999910344846,44
5030,931.034482759,Re_931p034483,12.08333333,5.37037037037037,2.2499999993793103,0.24999999937931028,45
5031,931.034482759,Re_931p034483,12.35185185,5.37037037037037,2.299999999655172,0.2999999996551721,46
5032,931.034482759,Re_931p034483,12.62037037,5.37037037037037,2.3499999999310344,0.34999999993103437,47
5033,931.034482759,Re_931p034483,12.88888889,5.37037037037037,2.4000000002068966,0.40000000020689663,48
5034,931.034482759,Re_931p034483,13.15740741,5.37037037037037,2.4500000004827585,0.45000000048275846,49
5035,931.034482759,Re_931p034483,13.42592593,5.37037037037037,2.5000000007586207,0.5000000007586207,50
5036,931.034482759,Re_931p034483,13.69444444,5.37037037037037,2.549999999172414,0.5499999991724138,51
5037,931.034482759,Re_931p034483,13.96296296,5.37037037037037,2.599999999448276,0.5999999994482761,52
5038,931.034482759,Re_931p034483,14.23148148,5.37037037037037,2.649999999724138,0.6499999997241379,53
5039,931.034482759,Re_931p034483,14.5,5.37037037037037,2.7,0.7000000000000002,54
5040,931.034482759,Re_931p034483,14.76851852,5.37037037037037,2.7500000002758624,0.7500000002758624,55
5041,931.034482759,Re_931p034483,15.03703704,5.37037037037037,2.8000000005517243,0.8000000005517243,56
5042,931.034482759,Re_931p034483,15.30555556,5.37037037037037,2.850000000827586,0.8500000008275861,57
5043,931.034482759,Re_931p034483,15.57407407,5.37037037037037,2.899999999241379,0.8999999992413792,58
5044,931.034482759,Re_931p034483,15.84259259,5.37037037037037,2.9499999995172415,0.9499999995172415,59
5045,931.034482759,Re_931p034483,16.11111111,5.37037037037037,2.9999999997931033,0.9999999997931033,60
5046,931.034482759,Re_931p034483,16.37962963,5.37037037037037,3.0500000000689655,0.050000000068965544,61
5047,931.034482759,Re_931p034483,16.64814815,5.37037037037037,3.100000000344828,0.10000000034482781,62
5048,931.034482759,Re_931p034483,16.91666667,5.37037037037037,3.15000000062069,0.15000000062069008,63
5049,931.034482759,Re_931p034483,17.18518519,5.37037037037037,3.2000000008965515,0.20000000089655146,64
5050,931.034482759,Re_931p034483,17.4537037,5.37037037037037,3.2499999993103446,0.24999999931034456,65
5051,931.034482759,Re_931p034483,17.72222222,5.37037037037037,3.299999999586207,0.2999999995862068,66
5052,931.034482759,Re_931p034483,17.99074074,5.37037037037037,3.349999999862069,0.3499999998620691,67
5053,931.034482759,Re_931p034483,18.25925926,5.37037037037037,3.4000000001379314,0.40000000013793136,68
5054,931.034482759,Re_931p034483,18.52777778,5.37037037037037,3.450000000413793,0.4500000004137932,69
5055,931.034482759,Re_931p034483,18.7962963,5.37037037037037,3.5000000006896554,0.5000000006896554,70
5056,931.034482759,Re_931p034483,19.06481481,5.37037037037037,3.5499999991034485,0.5499999991034485,71
5057,931.034482759,Re_931p034483,19.33333333,5.37037037037037,3.5999999993793104,0.5999999993793104,72
5058,931.034482759,Re_931p034483,19.60185185,5.37037037037037,3.649999999655172,0.6499999996551722,73
5059,931.034482759,Re_931p034483,19.87037037,5.37037037037037,3.6999999999310345,0.6999999999310345,74
5060,931.034482759,Re_931p034483,20.13888889,5.37037037037037,3.7500000002068967,0.7500000002068967,75
5061,931.034482759,Re_931p034483,20.40740741,5.37037037037037,3.800000000482759,0.800000000482759,76
5062,931.034482759,Re_931p034483,20.67592593,5.37037037037037,3.8500000007586204,0.8500000007586204,77
5063,931.034482759,Re_931p034483,20.94444444,5.37037037037037,3.8999999991724144,0.8999999991724144,78
5064,931.034482759,Re_931p034483,21.21296296,5.37037037037037,3.9499999994482757,0.9499999994482757,79
5065,931.034482759,Re_931p034483,21.48148148,5.37037037037037,3.999999999724138,0.999999999724138,80
5066,931.034482759,Re_931p034483,21.75,5.37037037037037,4.05,0.04999999999999982,81
5067,931.034482759,Re_931p034483,22.01851852,5.37037037037037,4.1000000002758625,0.10000000027586253,82
5068,931.034482759,Re_931p034483,22.28703704,5.37037037037037,4.150000000551724,0.15000000055172436,83
5069,931.034482759,Re_931p034483,22.55555556,5.37037037037037,4.200000000827586,0.20000000082758618,84
5070,931.034482759,Re_931p034483,22.82407407,5.37037037037037,4.24999999924138,0.24999999924138017,85
5071,931.034482759,Re_931p034483,23.09259259,5.37037037037037,4.299999999517241,0.2999999995172411,86
5072,931.034482759,Re_931p034483,23.36111111,5.37037037037037,4.349999999793104,0.3499999997931038,87
5073,931.034482759,Re_931p034483,23.62962963,5.37037037037037,4.400000000068966,0.40000000006896563,88
5074,931.034482759,Re_931p034483,23.89814815,5.37037037037037,4.4500000003448275,0.45000000034482746,89
5075,931.034482759,Re_931p034483,24.16666667,5.37037037037037,4.50000000062069,0.5000000006206902,90
5076,931.034482759,Re_931p034483,24.43518519,5.37037037037037,4.550000000896552,0.550000000896552,91
5077,931.034482759,Re_931p034483,24.7037037,5.37037037037037,4.599999999310344,0.5999999993103442,92
5078,931.034482759,Re_931p034483,24.97222222,5.37037037037037,4.649999999586207,0.6499999995862069,93
5079,931.034482759,Re_931p034483,25.24074074,5.37037037037037,4.699999999862069,0.6999999998620687,94
5080,931.034482759,Re_931p034483,25.50925926,5.37037037037037,4.750000000137931,0.7500000001379314,95
5081,931.034482759,Re_931p034483,25.77777778,5.37037037037037,4.800000000413793,0.8000000004137933,96
5082,931.034482759,Re_931p034483,26.0462963,5.37037037037037,4.850000000689656,0.850000000689656,97
5083,931.034482759,Re_931p034483,26.31481481,5.37037037037037,4.899999999103449,0.8999999991034491,98
5084,931.034482759,Re_931p034483,26.58333333,5.37037037037037,4.94999999937931,0.94999999937931,99
5085,931.034482759,Re_931p034483,26.85185185,5.37037037037037,4.999999999655173,0.9999999996551727,100
5086,931.034482759,Re_931p034483,27.12037037,5.37037037037037,5.0499999999310345,0.049999999931034544,101
5087,931.034482759,Re_931p034483,27.38888889,5.37037037037037,5.100000000206896,0.10000000020689637,102
5088,931.034482759,Re_931p034483,27.65740741,5.37037037037037,5.150000000482759,0.15000000048275908,103
5089,931.034482759,Re_931p034483,27.92592593,5.37037037037037,5.200000000758621,0.2000000007586209,104
5090,931.034482759,Re_931p034483,28.19444444,5.37037037037037,5.249999999172414,0.249999999172414,105
5091,931.034482759,Re_931p034483,28.46296296,5.37037037037037,5.299999999448276,0.2999999994482758,106
5092,931.034482759,Re_931p034483,28.73148148,5.37037037037037,5.349999999724138,0.34999999972413764,107
5093,931.034482759,Re_931p034483,29.0,5.37037037037037,5.4,0.40000000000000036,108
5094,931.034482759,Re_931p034483,29.26851852,5.37037037037037,5.450000000275862,0.4500000002758622,109
5095,931.034482759,Re_931p034483,29.53703704,5.37037037037037,5.500000000551725,0.5000000005517249,110
5096,931.034482759,Re_931p034483,29.80555556,5.37037037037037,5.550000000827586,0.5500000008275858,111
5097,931.034482759,Re_931p034483,30.07407407,5.37037037037037,5.59999999924138,0.5999999992413798,112
5098,931.034482759,Re_931p034483,30.34259259,5.37037037037037,5.649999999517242,0.6499999995172416,113
5099,931.034482759,Re_931p034483,30.61111111,5.37037037037037,5.6999999997931035,0.6999999997931035,114
5100,931.034482759,Re_931p034483,30.87962963,5.37037037037037,5.750000000068965,0.7500000000689653,115
5101,931.034482759,Re_931p034483,31.14814815,5.37037037037037,5.800000000344828,0.800000000344828,116
5102,931.034482759,Re_931p034483,31.41666667,5.37037037037037,5.85000000062069,0.8500000006206898,117
5103,931.034482759,Re_931p034483,31.68518519,5.37037037037037,5.900000000896552,0.9000000008965516,118
5104,931.034482759,Re_931p034483,31.9537037,5.37037037037037,5.949999999310345,0.9499999993103447,119
5105,931.034482759,Re_931p034483,32.22222222,5.37037037037037,5.999999999586207,0.9999999995862066,120
5106,931.034482759,Re_931p034483,32.49074074,5.37037037037037,6.049999999862069,0.049999999862069266,121
5107,931.034482759,Re_931p034483,32.75925926,5.37037037037037,6.100000000137931,0.10000000013793109,122
5108,931.034482759,Re_931p034483,33.02777778,5.37037037037037,6.150000000413794,0.1500000004137938,123
5109,931.034482759,Re_931p034483,33.2962963,5.37037037037037,6.200000000689656,0.20000000068965562,124
5110,931.034482759,Re_931p034483,33.56481481,5.37037037037037,6.249999999103449,0.24999999910344872,125
5111,931.034482759,Re_931p034483,33.83333333,5.37037037037037,6.2999999993793105,0.29999999937931054,126
5112,931.034482759,Re_931p034483,34.10185185,5.37037037037037,6.349999999655173,0.34999999965517326,127
5113,931.034482759,Re_931p034483,34.37037037,5.37037037037037,6.399999999931035,0.3999999999310351,128
5114,931.034482759,Re_931p034483,34.63888889,5.37037037037037,6.450000000206896,0.450000000206896,129
5115,931.034482759,Re_931p034483,34.90740741,5.37037037037037,6.500000000482759,0.5000000004827587,130
5116,931.034482759,Re_931p034483,35.17592593,5.37037037037037,6.5500000007586205,0.5500000007586205,131
5117,931.034482759,Re_931p034483,35.44444444,5.37037037037037,6.599999999172414,0.5999999991724136,132
5118,931.034482759,Re_931p034483,35.71296296,5.37037037037037,6.6499999994482755,0.6499999994482755,133
5119,931.034482759,Re_931p034483,35.98148148,5.37037037037037,6.699999999724138,0.6999999997241382,134
5120,931.034482759,Re_931p034483,36.25,5.37037037037037,6.75,0.75,135
5121,931.034482759,Re_931p034483,36.51851852,5.37037037037037,6.800000000275863,0.8000000002758627,136
5122,931.034482759,Re_931p034483,36.78703704,5.37037037037037,6.8500000005517245,0.8500000005517245,137
5123,931.034482759,Re_931p034483,37.05555556,5.37037037037037,6.900000000827586,0.9000000008275864,138
5124,931.034482759,Re_931p034483,37.32407407,5.37037037037037,6.9499999992413795,0.9499999992413795,139
5125,931.034482759,Re_931p034483,37.59259259,5.37037037037037,6.999999999517242,0.9999999995172422,140
5126,931.034482759,Re_931p034483,37.86111111,5.37037037037037,7.049999999793104,0.04999999979310399,141
5127,931.034482759,Re_931p034483,38.12962963,5.37037037037037,7.100000000068965,0.10000000006896492,142
5128,931.034482759,Re_931p034483,38.39814815,5.37037037037037,7.150000000344828,0.15000000034482763,143
5129,931.034482759,Re_931p034483,38.66666667,5.37037037037037,7.2000000006206895,0.20000000062068946,144
5130,931.034482759,Re_931p034483,38.93518519,5.37037037037037,7.250000000896551,0.2500000008965513,145
5131,931.034482759,Re_931p034483,39.2037037,5.37037037037037,7.299999999310344,0.2999999993103444,146
5132,931.034482759,Re_931p034483,39.47222222,5.37037037037037,7.349999999586207,0.3499999995862071,147
5133,931.034482759,Re_931p034483,39.74074074,5.37037037037037,7.399999999862069,0.3999999998620689,148
5134,931.034482759,Re_931p034483,40.00925926,5.37037037037037,7.450000000137932,0.4500000001379316,149
5135,931.034482759,Re_931p034483,40.27777778,5.37037037037037,7.500000000413793,0.5000000004137934,150
5136,931.034482759,Re_931p034483,40.5462963,5.37037037037037,7.550000000689655,0.5500000006896553,151
5137,931.034482759,Re_931p034483,40.81481481,5.37037037037037,7.599999999103448,0.5999999991034484,152
5138,931.034482759,Re_931p034483,41.08333333,5.37037037037037,7.649999999379311,0.6499999993793111,153
5139,931.034482759,Re_931p034483,41.35185185,5.37037037037037,7.699999999655173,0.6999999996551729,154
5140,931.034482759,Re_931p034483,41.62037037,5.37037037037037,7.749999999931036,0.7499999999310356,155
5141,931.034482759,Re_931p034483,41.88888889,5.37037037037037,7.8000000002068965,0.8000000002068965,156
5142,931.034482759,Re_931p034483,42.15740741,5.37037037037037,7.850000000482758,0.8500000004827584,157
5143,931.034482759,Re_931p034483,42.42592593,5.37037037037037,7.90000000075862,0.9000000007586202,158
5144,931.034482759,Re_931p034483,42.69444444,5.37037037037037,7.949999999172413,0.9499999991724133,159
5145,931.034482759,Re_931p034483,42.96296296,5.37037037037037,7.999999999448276,0.999999999448276,160
5146,931.034482759,Re_931p034483,43.23148148,5.37037037037037,8.049999999724138,0.04999999972413782,161
5147,931.034482759,Re_931p034483,43.5,5.37037037037037,8.1,0.09999999999999964,162
5148,931.034482759,Re_931p034483,43.76851852,5.37037037037037,8.150000000275863,0.15000000027586324,163
5149,931.034482759,Re_931p034483,44.03703704,5.37037037037037,8.200000000551725,0.20000000055172507,164
5150,931.034482759,Re_931p034483,44.30555556,5.37037037037037,8.250000000827587,0.2500000008275869,165
5151,931.034482759,Re_931p034483,44.57407407,5.37037037037037,8.299999999241379,0.2999999992413791,166
5152,931.034482759,Re_931p034483,44.84259259,5.37037037037037,8.349999999517243,0.3499999995172427,167
5153,931.034482759,Re_931p034483,45.11111111,5.37037037037037,8.399999999793105,0.3999999997931045,168
5154,931.034482759,Re_931p034483,45.37962963,5.37037037037037,8.450000000068965,0.45000000006896457,169
5155,931.034482759,Re_931p034483,45.64814815,5.37037037037037,8.500000000344828,0.5000000003448282,170
5156,931.034482759,Re_931p034483,45.91666667,5.37037037037037,8.55000000062069,0.55000000062069,171
5157,931.034482759,Re_931p034483,46.18518519,5.37037037037037,8.600000000896552,0.6000000008965518,172
5158,931.034482759,Re_931p034483,46.4537037,5.37037037037037,8.649999999310344,0.649999999310344,173
5159,931.034482759,Re_931p034483,46.72222222,5.37037037037037,8.699999999586208,0.6999999995862076,174
5160,931.034482759,Re_931p034483,46.99074074,5.37037037037037,8.74999999986207,0.7499999998620694,175
5161,931.034482759,Re_931p034483,47.25925926,5.37037037037037,8.800000000137931,0.8000000001379313,176
5162,931.034482759,Re_931p034483,47.52777778,5.37037037037037,8.850000000413793,0.8500000004137931,177
5163,931.034482759,Re_931p034483,47.7962963,5.37037037037037,8.900000000689655,0.9000000006896549,178
5164,931.034482759,Re_931p034483,48.06481481,5.37037037037037,8.949999999103449,0.9499999991034489,179
5165,931.034482759,Re_931p034483,48.33333333,5.37037037037037,8.99999999937931,0.9999999993793107,180
5166,931.034482759,Re_931p034483,48.60185185,5.37037037037037,9.049999999655173,0.049999999655172545,181
5167,931.034482759,Re_931p034483,48.87037037,5.37037037037037,9.099999999931036,0.09999999993103614,182
5168,931.034482759,Re_931p034483,49.13888889,5.37037037037037,9.150000000206896,0.1500000002068962,183
5169,931.034482759,Re_931p034483,49.40740741,5.37037037037037,9.200000000482758,0.200000000482758,184
5170,931.034482759,Re_931p034483,49.67592593,5.37037037037037,9.25000000075862,0.25000000075861983,185
5171,931.034482759,Re_931p034483,49.94444444,5.37037037037037,9.299999999172414,0.2999999991724138,186
5172,931.034482759,Re_931p034483,50.21296296,5.37037037037037,9.349999999448276,0.34999999944827564,187
5173,931.034482759,Re_931p034483,50.48148148,5.37037037037037,9.399999999724137,0.39999999972413747,188
5174,931.034482759,Re_931p034483,50.75,5.37037037037037,9.450000000000001,0.45000000000000107,189
5175,931.034482759,Re_931p034483,51.01851852,5.37037037037037,9.500000000275863,0.5000000002758629,190
5176,931.034482759,Re_931p034483,51.28703704,5.37037037037037,9.550000000551725,0.5500000005517247,191
5177,931.034482759,Re_931p034483,51.55555556,5.37037037037037,9.600000000827587,0.6000000008275865,192
5178,931.034482759,Re_931p034483,51.82407407,5.37037037037037,9.64999999924138,0.6499999992413805,193
5179,931.034482759,Re_931p034483,52.09259259,5.37037037037037,9.699999999517242,0.6999999995172423,194
5180,931.034482759,Re_931p034483,52.36111111,5.37037037037037,9.749999999793104,0.7499999997931042,195
5181,931.034482759,Re_931p034483,52.62962963,5.37037037037037,9.800000000068966,0.800000000068966,196
5182,931.034482759,Re_931p034483,52.89814815,5.37037037037037,9.850000000344828,0.8500000003448278,197
5183,931.034482759,Re_931p034483,53.16666667,5.37037037037037,9.90000000062069,0.9000000006206896,198
5184,931.034482759,Re_931p034483,53.43518519,5.37037037037037,9.950000000896551,0.9500000008965515,199
5185,931.034482759,Re_931p034483,53.7037037,5.37037037037037,9.999999999310345,0.9999999993103454,200
5186,931.034482759,Re_931p034483,53.97222222,5.37037037037037,10.049999999586207,0.04999999958620727,201
5187,931.034482759,Re_931p034483,54.24074074,5.37037037037037,10.099999999862069,0.09999999986206909,202
5188,931.034482759,Re_931p034483,54.50925926,5.37037037037037,10.150000000137931,0.1500000001379309,203
5189,931.034482759,Re_931p034483,54.77777778,5.37037037037037,10.200000000413793,0.20000000041379273,204
5190,931.034482759,Re_931p034483,55.0462963,5.37037037037037,10.250000000689656,0.25000000068965633,205
5191,931.034482759,Re_931p034483,55.31481481,5.37037037037037,10.299999999103449,0.29999999910344854,206
5192,931.034482759,Re_931p034483,55.58333333,5.37037037037037,10.34999999937931,0.34999999937931037,207
5193,931.034482759,Re_931p034483,55.85185185,5.37037037037037,10.399999999655174,0.39999999965517397,208
5194,931.034482759,Re_931p034483,56.12037037,5.37037037037037,10.449999999931036,0.4499999999310358,209
5195,931.034482759,Re_931p034483,56.38888889,5.37037037037037,10.500000000206896,0.5000000002068958,210
5196,931.034482759,Re_931p034483,56.65740741,5.37037037037037,10.550000000482758,0.5500000004827577,211
5197,931.034482759,Re_931p034483,56.92592593,5.37037037037037,10.600000000758621,0.6000000007586213,212
5198,931.034482759,Re_931p034483,57.19444444,5.37037037037037,10.649999999172413,0.6499999991724135,213
5199,931.034482759,Re_931p034483,57.46296296,5.37037037037037,10.699999999448275,0.6999999994482753,214
5200,931.034482759,Re_931p034483,57.73148148,5.37037037037037,10.749999999724139,0.7499999997241389,215
5201,931.034482759,Re_931p034483,58.0,5.37037037037037,10.8,0.8000000000000007,216
5202,931.034482759,Re_931p034483,58.26851852,5.37037037037037,10.850000000275863,0.8500000002758625,217
5203,931.034482759,Re_931p034483,58.53703704,5.37037037037037,10.900000000551724,0.9000000005517244,218
5204,931.034482759,Re_931p034483,58.80555556,5.37037037037037,10.950000000827586,0.9500000008275862,219
5205,931.034482759,Re_931p034483,59.07407407,5.37037037037037,10.99999999924138,0.9999999992413802,220
5206,931.034482759,Re_931p034483,59.34259259,5.37037037037037,11.049999999517242,0.04999999951724199,221
5207,931.034482759,Re_931p034483,59.61111111,5.37037037037037,11.099999999793104,0.09999999979310381,222
5208,931.034482759,Re_931p034483,59.87962963,5.37037037037037,11.150000000068966,0.15000000006896563,223
5209,931.034482759,Re_931p034483,60.14814815,5.37037037037037,11.200000000344827,0.20000000034482746,224
5210,931.034482759,Re_931p034483,60.41666667,5.37037037037037,11.25000000062069,0.2500000006206893,225
5211,931.034482759,Re_931p034483,60.68518519,5.37037037037037,11.300000000896551,0.3000000008965511,226
5212,931.034482759,Re_931p034483,60.9537037,5.37037037037037,11.349999999310345,0.3499999993103451,227
5213,931.034482759,Re_931p034483,61.22222222,5.37037037037037,11.399999999586207,0.3999999995862069,228
5214,931.034482759,Re_931p034483,61.49074074,5.37037037037037,11.449999999862069,0.44999999986206873,229
5215,931.034482759,Re_931p034483,61.75925926,5.37037037037037,11.50000000013793,0.5000000001379306,230
5216,931.034482759,Re_931p034483,62.02777778,5.37037037037037,11.550000000413794,0.5500000004137942,231
5217,931.034482759,Re_931p034483,62.2962963,5.37037037037037,11.600000000689656,0.600000000689656,232
5218,931.034482759,Re_931p034483,62.56481481,5.37037037037037,11.649999999103448,0.6499999991034482,233
5219,931.034482759,Re_931p034483,62.83333333,5.37037037037037,11.699999999379312,0.6999999993793118,234
5220,931.034482759,Re_931p034483,63.10185185,5.37037037037037,11.749999999655174,0.7499999996551736,235
5221,931.034482759,Re_931p034483,63.37037037,5.37037037037037,11.799999999931035,0.7999999999310354,236
5222,931.034482759,Re_931p034483,63.63888889,5.37037037037037,11.850000000206895,0.8500000002068955,237
5223,931.034482759,Re_931p034483,63.90740741,5.37037037037037,11.900000000482759,0.9000000004827591,238
5224,931.034482759,Re_931p034483,64.17592593,5.37037037037037,11.950000000758623,0.9500000007586227,239
5225,931.034482759,Re_931p034483,64.44444444,5.37037037037037,11.999999999172413,0.9999999991724131,240
5226,948.275862069,Re_948p275862,10.54545455,5.272727272727272,2.0000000008620695,8.620695268746204e-10,40
5227,948.275862069,Re_948p275862,10.80909091,5.272727272727272,2.0500000001724143,0.05000000017241435,41
5228,948.275862069,Re_948p275862,11.07272727,5.272727272727272,2.099999999482759,0.09999999948275917,42
5229,948.275862069,Re_948p275862,11.33636364,5.272727272727272,2.150000000689656,0.1500000006896558,43
5230,948.275862069,Re_948p275862,11.6,5.272727272727272,2.2000000000000006,0.20000000000000062,44
5231,948.275862069,Re_948p275862,11.86363636,5.272727272727272,2.249999999310345,0.249999999310345,45
5232,948.275862069,Re_948p275862,12.12727273,5.272727272727272,2.3000000005172416,0.3000000005172416,46
5233,948.275862069,Re_948p275862,12.39090909,5.272727272727272,2.3499999998275864,0.34999999982758645,47
5234,948.275862069,Re_948p275862,12.65454545,5.272727272727272,2.3999999991379317,0.3999999991379317,48
5235,948.275862069,Re_948p275862,12.91818182,5.272727272727272,2.450000000344828,0.4500000003448279,49
5236,948.275862069,Re_948p275862,13.18181818,5.272727272727272,2.499999999655173,0.49999999965517317,50
5237,948.275862069,Re_948p275862,13.44545455,5.272727272727272,2.5500000008620693,0.5500000008620693,51
5238,948.275862069,Re_948p275862,13.70909091,5.272727272727272,2.6000000001724146,0.6000000001724146,52
5239,948.275862069,Re_948p275862,13.97272727,5.272727272727272,2.649999999482759,0.649999999482759,53
5240,948.275862069,Re_948p275862,14.23636364,5.272727272727272,2.7000000006896556,0.7000000006896556,54
5241,948.275862069,Re_948p275862,14.5,5.272727272727272,2.7500000000000004,0.7500000000000004,55
5242,948.275862069,Re_948p275862,14.76363636,5.272727272727272,2.7999999993103453,0.7999999993103453,56
5243,948.275862069,Re_948p275862,15.02727273,5.272727272727272,2.850000000517242,0.8500000005172419,57
5244,948.275862069,Re_948p275862,15.29090909,5.272727272727272,2.8999999998275867,0.8999999998275867,58
5245,948.275862069,Re_948p275862,15.55454545,5.272727272727272,2.949999999137932,0.949999999137932,59
5246,948.275862069,Re_948p275862,15.81818182,5.272727272727272,3.000000000344828,3.44828166021216e-10,60
5247,948.275862069,Re_948p275862,16.08181818,5.272727272727272,3.049999999655173,0.04999999965517299,61
5248,948.275862069,Re_948p275862,16.34545455,5.272727272727272,3.1000000008620696,0.10000000086206962,62
5249,948.275862069,Re_948p275862,16.60909091,5.272727272727272,3.1500000001724144,0.15000000017241444,63
5250,948.275862069,Re_948p275862,16.87272727,5.272727272727272,3.1999999994827593,0.19999999948275926,64
5251,948.275862069,Re_948p275862,17.13636364,5.272727272727272,3.250000000689656,0.2500000006896559,65
5252,948.275862069,Re_948p275862,17.4,5.272727272727272,3.3000000000000003,0.30000000000000027,66
5253,948.275862069,Re_948p275862,17.66363636,5.272727272727272,3.349999999310346,0.349999999310346,67
5254,948.275862069,Re_948p275862,17.92727273,5.272727272727272,3.4000000005172417,0.4000000005172417,68
5255,948.275862069,Re_948p275862,18.19090909,5.272727272727272,3.4499999998275874,0.4499999998275874,69
5256,948.275862069,Re_948p275862,18.45454545,5.272727272727272,3.499999999137932,0.4999999991379318,70
5257,948.275862069,Re_948p275862,18.71818182,5.272727272727272,3.550000000344829,0.5500000003448289,71
5258,948.275862069,Re_948p275862,18.98181818,5.272727272727272,3.5999999996551733,0.5999999996551733,72
5259,948.275862069,Re_948p275862,19.24545455,5.272727272727272,3.65000000086207,0.6500000008620699,73
5260,948.275862069,Re_948p275862,19.50909091,5.272727272727272,3.7000000001724147,0.7000000001724147,74
5261,948.275862069,Re_948p275862,19.77272727,5.272727272727272,3.7499999994827595,0.7499999994827595,75
5262,948.275862069,Re_948p275862,20.03636364,5.272727272727272,3.800000000689656,0.8000000006896562,76
5263,948.275862069,Re_948p275862,20.3,5.272727272727272,3.850000000000001,0.850000000000001,77
5264,948.275862069,Re_948p275862,20.56363636,5.272727272727272,3.899999999310346,0.8999999993103458,78
5265,948.275862069,Re_948p275862,20.82727273,5.272727272727272,3.9500000005172424,0.9500000005172424,79
5266,948.275862069,Re_948p275862,21.09090909,5.272727272727272,3.9999999998275872,0.9999999998275872,80
5267,948.275862069,Re_948p275862,21.35454545,5.272727272727272,4.049999999137932,0.04999999913793207,81
5268,948.275862069,Re_948p275862,21.61818182,5.272727272727272,4.100000000344829,0.1000000003448287,82
5269,948.275862069,Re_948p275862,21.88181818,5.272727272727272,4.149999999655173,0.14999999965517308,83
5270,948.275862069,Re_948p275862,22.14545455,5.272727272727272,4.20000000086207,0.2000000008620697,84
5271,948.275862069,Re_948p275862,22.40909091,5.272727272727272,4.250000000172415,0.25000000017241497,85
5272,948.275862069,Re_948p275862,22.67272727,5.272727272727272,4.299999999482759,0.29999999948275935,86
5273,948.275862069,Re_948p275862,22.93636364,5.272727272727272,4.350000000689656,0.350000000689656,87
5274,948.275862069,Re_948p275862,23.2,5.272727272727272,4.400000000000001,0.40000000000000124,88
5275,948.275862069,Re_948p275862,23.46363636,5.272727272727272,4.449999999310346,0.4499999993103456,89
5276,948.275862069,Re_948p275862,23.72727273,5.272727272727272,4.500000000517242,0.5000000005172422,90
5277,948.275862069,Re_948p275862,23.99090909,5.272727272727272,4.549999999827587,0.5499999998275866,91
5278,948.275862069,Re_948p275862,24.25454545,5.272727272727272,4.599999999137932,0.5999999991379319,92
5279,948.275862069,Re_948p275862,24.51818182,5.272727272727272,4.6500000003448285,0.6500000003448285,93
5280,948.275862069,Re_948p275862,24.78181818,5.272727272727272,4.699999999655173,0.6999999996551729,94
5281,948.275862069,Re_948p275862,25.04545455,5.272727272727272,4.7500000008620695,0.7500000008620695,95
5282,948.275862069,Re_948p275862,25.30909091,5.272727272727272,4.800000000172415,0.8000000001724148,96
5283,948.275862069,Re_948p275862,25.57272727,5.272727272727272,4.84999999948276,0.8499999994827601,97
5284,948.275862069,Re_948p275862,25.83636364,5.272727272727272,4.900000000689656,0.9000000006896558,98
5285,948.275862069,Re_948p275862,26.1,5.272727272727272,4.950000000000001,0.9500000000000011,99
5286,948.275862069,Re_948p275862,26.36363636,5.272727272727272,4.999999999310346,0.9999999993103463,100
5287,948.275862069,Re_948p275862,26.62727273,5.272727272727272,5.050000000517243,0.05000000051724296,101
5288,948.275862069,Re_948p275862,26.89090909,5.272727272727272,5.099999999827587,0.09999999982758734,102
5289,948.275862069,Re_948p275862,27.15454545,5.272727272727272,5.149999999137933,0.1499999991379326,103
5290,948.275862069,Re_948p275862,27.41818182,5.272727272727272,5.200000000344829,0.20000000034482923,104
5291,948.275862069,Re_948p275862,27.68181818,5.272727272727272,5.249999999655174,0.2499999996551736,105
5292,948.275862069,Re_948p275862,27.94545455,5.272727272727272,5.30000000086207,0.30000000086207024,106
5293,948.275862069,Re_948p275862,28.20909091,5.272727272727272,5.350000000172415,0.3500000001724146,107
5294,948.275862069,Re_948p275862,28.47272727,5.272727272727272,5.39999999948276,0.3999999994827599,108
5295,948.275862069,Re_948p275862,28.73636364,5.272727272727272,5.4500000006896565,0.4500000006896565,109
5296,948.275862069,Re_948p275862,29.0,5.272727272727272,5.500000000000001,0.5000000000000009,110
5297,948.275862069,Re_948p275862,29.26363636,5.272727272727272,5.549999999310346,0.5499999993103462,111
5298,948.275862069,Re_948p275862,29.52727273,5.272727272727272,5.600000000517243,0.6000000005172428,112
5299,948.275862069,Re_948p275862,29.79090909,5.272727272727272,5.649999999827587,0.6499999998275872,113
5300,948.275862069,Re_948p275862,30.05454545,5.272727272727272,5.699999999137932,0.6999999991379324,114
5301,948.275862069,Re_948p275862,30.31818182,5.272727272727272,5.750000000344829,0.750000000344829,115
5302,948.275862069,Re_948p275862,30.58181818,5.272727272727272,5.799999999655173,0.7999999996551734,116
5303,948.275862069,Re_948p275862,30.84545455,5.272727272727272,5.85000000086207,0.8500000008620701,117
5304,948.275862069,Re_948p275862,31.10909091,5.272727272727272,5.900000000172414,0.9000000001724144,118
5305,948.275862069,Re_948p275862,31.37272727,5.272727272727272,5.94999999948276,0.9499999994827597,119
5306,948.275862069,Re_948p275862,31.63636364,5.272727272727272,6.000000000689656,6.89656332042432e-10,120
5307,948.275862069,Re_948p275862,31.9,5.272727272727272,6.050000000000001,0.05000000000000071,121
5308,948.275862069,Re_948p275862,32.16363636,5.272727272727272,6.099999999310346,0.09999999931034598,122
5309,948.275862069,Re_948p275862,32.42727273,5.272727272727272,6.150000000517243,0.1500000005172426,123
5310,948.275862069,Re_948p275862,32.69090909,5.272727272727272,6.199999999827587,0.19999999982758698,124
5311,948.275862069,Re_948p275862,32.95454545,5.272727272727272,6.249999999137932,0.24999999913793225,125
5312,948.275862069,Re_948p275862,33.21818182,5.272727272727272,6.300000000344829,0.3000000003448289,126
5313,948.275862069,Re_948p275862,33.48181818,5.272727272727272,6.349999999655173,0.34999999965517326,127
5314,948.275862069,Re_948p275862,33.74545455,5.272727272727272,6.40000000086207,0.4000000008620699,128
5315,948.275862069,Re_948p275862,34.00909091,5.272727272727272,6.450000000172415,0.45000000017241515,129
5316,948.275862069,Re_948p275862,34.27272727,5.272727272727272,6.4999999994827595,0.4999999994827595,130
5317,948.275862069,Re_948p275862,34.53636364,5.272727272727272,6.550000000689656,0.5500000006896562,131
5318,948.275862069,Re_948p275862,34.8,5.272727272727272,6.6000000000000005,0.6000000000000005,132
5319,948.275862069,Re_948p275862,35.06363636,5.272727272727272,6.649999999310346,0.6499999993103458,133
5320,948.275862069,Re_948p275862,35.32727273,5.272727272727272,6.700000000517242,0.7000000005172424,134
5321,948.275862069,Re_948p275862,35.59090909,5.272727272727272,6.749999999827587,0.7499999998275868,135
5322,948.275862069,Re_948p275862,35.85454545,5.272727272727272,6.799999999137933,0.799999999137933,136
5323,948.275862069,Re_948p275862,36.11818182,5.272727272727272,6.850000000344829,0.8500000003448287,137
5324,948.275862069,Re_948p275862,36.38181818,5.272727272727272,6.899999999655175,0.8999999996551749,138
5325,948.275862069,Re_948p275862,36.64545455,5.272727272727272,6.95000000086207,0.9500000008620697,139
5326,948.275862069,Re_948p275862,36.90909091,5.272727272727272,7.000000000172416,1.724158593674474e-10,140
5327,948.275862069,Re_948p275862,37.17272727,5.272727272727272,7.04999999948276,0.04999999948276024,141
5328,948.275862069,Re_948p275862,37.43636364,5.272727272727272,7.100000000689658,0.10000000068965775,142
5329,948.275862069,Re_948p275862,37.7,5.272727272727272,7.150000000000002,0.15000000000000213,143
5330,948.275862069,Re_948p275862,37.96363636,5.272727272727272,7.1999999993103465,0.1999999993103465,144
5331,948.275862069,Re_948p275862,38.22727273,5.272727272727272,7.250000000517243,0.25000000051724314,145
5332,948.275862069,Re_948p275862,38.49090909,5.272727272727272,7.299999999827588,0.2999999998275884,146
5333,948.275862069,Re_948p275862,38.75454545,5.272727272727272,7.349999999137933,0.3499999991379328,147
5334,948.275862069,Re_948p275862,39.01818182,5.272727272727272,7.400000000344829,0.4000000003448294,148
5335,948.275862069,Re_948p275862,39.28181818,5.272727272727272,7.449999999655175,0.4499999996551747,149
5336,948.275862069,Re_948p275862,39.54545455,5.272727272727272,7.500000000862071,0.5000000008620713,150
5337,948.275862069,Re_948p275862,39.80909091,5.272727272727272,7.550000000172416,0.5500000001724157,151
5338,948.275862069,Re_948p275862,40.07272727,5.272727272727272,7.599999999482761,0.599999999482761,152
5339,948.275862069,Re_948p275862,40.33636364,5.272727272727272,7.650000000689658,0.6500000006896576,153
5340,948.275862069,Re_948p275862,40.6,5.272727272727272,7.700000000000002,0.700000000000002,154
5341,948.275862069,Re_948p275862,40.86363636,5.272727272727272,7.749999999310346,0.7499999993103463,155
5342,948.275862069,Re_948p275862,41.12727273,5.272727272727272,7.800000000517243,0.800000000517243,156
5343,948.275862069,Re_948p275862,41.39090909,5.272727272727272,7.849999999827588,0.8499999998275882,157
5344,948.275862069,Re_948p275862,41.65454545,5.272727272727272,7.899999999137933,0.8999999991379326,158
5345,948.275862069,Re_948p275862,41.91818182,5.272727272727272,7.950000000344829,0.9500000003448292,159
5346,948.275862069,Re_948p275862,42.18181818,5.272727272727272,7.9999999996551745,0.9999999996551745,160
5347,948.275862069,Re_948p275862,42.44545455,5.272727272727272,8.05000000086207,0.05000000086207024,161
5348,948.275862069,Re_948p275862,42.70909091,5.272727272727272,8.100000000172416,0.10000000017241639,162
5349,948.275862069,Re_948p275862,42.97272727,5.272727272727272,8.14999999948276,0.14999999948276077,163
5350,948.275862069,Re_948p275862,43.23636364,5.272727272727272,8.200000000689657,0.2000000006896574,164
5351,948.275862069,Re_948p275862,43.5,5.272727272727272,8.250000000000002,0.2500000000000018,165
5352,948.275862069,Re_948p275862,43.76363636,5.272727272727272,8.299999999310346,0.29999999931034615,166
5353,948.275862069,Re_948p275862,44.02727273,5.272727272727272,8.350000000517243,0.3500000005172428,167
5354,948.275862069,Re_948p275862,44.29090909,5.272727272727272,8.399999999827587,0.39999999982758716,168
5355,948.275862069,Re_948p275862,44.55454545,5.272727272727272,8.449999999137933,0.4499999991379333,169
5356,948.275862069,Re_948p275862,44.81818182,5.272727272727272,8.50000000034483,0.5000000003448299,170
5357,948.275862069,Re_948p275862,45.08181818,5.272727272727272,8.549999999655174,0.5499999996551743,171
5358,948.275862069,Re_948p275862,45.34545455,5.272727272727272,8.600000000862071,0.600000000862071,172
5359,948.275862069,Re_948p275862,45.60909091,5.272727272727272,8.650000000172415,0.6500000001724153,173
5360,948.275862069,Re_948p275862,45.87272727,5.272727272727272,8.69999999948276,0.6999999994827597,174
5361,948.275862069,Re_948p275862,46.13636364,5.272727272727272,8.750000000689656,0.7500000006896563,175
5362,948.275862069,Re_948p275862,46.4,5.272727272727272,8.800000000000002,0.8000000000000025,176
5363,948.275862069,Re_948p275862,46.66363636,5.272727272727272,8.849999999310347,0.8499999993103469,177
5364,948.275862069,Re_948p275862,46.92727273,5.272727272727272,8.900000000517243,0.9000000005172435,178
5365,948.275862069,Re_948p275862,47.19090909,5.272727272727272,8.949999999827588,0.9499999998275879,179
5366,948.275862069,Re_948p275862,47.45454545,5.272727272727272,8.999999999137932,0.9999999991379322,180
5367,948.275862069,Re_948p275862,47.71818182,5.272727272727272,9.050000000344829,0.05000000034482888,181
5368,948.275862069,Re_948p275862,47.98181818,5.272727272727272,9.099999999655173,0.09999999965517326,182
5369,948.275862069,Re_948p275862,48.24545455,5.272727272727272,9.15000000086207,0.15000000086206988,183
5370,948.275862069,Re_948p275862,48.50909091,5.272727272727272,9.200000000172416,0.20000000017241604,184
5371,948.275862069,Re_948p275862,48.77272727,5.272727272727272,9.24999999948276,0.24999999948276042,185
5372,948.275862069,Re_948p275862,49.03636364,5.272727272727272,9.300000000689657,0.30000000068965704,186
5373,948.275862069,Re_948p275862,49.3,5.272727272727272,9.350000000000001,0.3500000000000014,187
5374,948.275862069,Re_948p275862,49.56363636,5.272727272727272,9.399999999310346,0.3999999993103458,188
5375,948.275862069,Re_948p275862,49.82727273,5.272727272727272,9.450000000517242,0.4500000005172424,189
5376,948.275862069,Re_948p275862,50.09090909,5.272727272727272,9.499999999827587,0.4999999998275868,190
5377,948.275862069,Re_948p275862,50.35454545,5.272727272727272,9.549999999137933,0.549999999137933,191
5378,948.275862069,Re_948p275862,50.61818182,5.272727272727272,9.60000000034483,0.6000000003448296,192
5379,948.275862069,Re_948p275862,50.88181818,5.272727272727272,9.649999999655176,0.6499999996551757,193
5380,948.275862069,Re_948p275862,51.14545455,5.272727272727272,9.70000000086207,0.7000000008620706,194
5381,948.275862069,Re_948p275862,51.40909091,5.272727272727272,9.750000000172417,0.7500000001724167,195
5382,948.275862069,Re_948p275862,51.67272727,5.272727272727272,9.799999999482761,0.7999999994827611,196
5383,948.275862069,Re_948p275862,51.93636364,5.272727272727272,9.850000000689658,0.8500000006896578,197
5384,948.275862069,Re_948p275862,52.2,5.272727272727272,9.900000000000002,0.9000000000000021,198
5385,948.275862069,Re_948p275862,52.46363636,5.272727272727272,9.949999999310348,0.9499999993103483,199
5386,948.275862069,Re_948p275862,52.72727273,5.272727272727272,10.000000000517245,5.172449135670831e-10,200
5387,948.275862069,Re_948p275862,52.99090909,5.272727272727272,10.04999999982759,0.04999999982758929,201
5388,948.275862069,Re_948p275862,53.25454545,5.272727272727272,10.099999999137934,0.09999999913793367,202
5389,948.275862069,Re_948p275862,53.51818182,5.272727272727272,10.15000000034483,0.1500000003448303,203
5390,948.275862069,Re_948p275862,53.78181818,5.272727272727272,10.199999999655175,0.19999999965517468,204
5391,948.275862069,Re_948p275862,54.04545455,5.272727272727272,10.250000000862071,0.2500000008620713,205
5392,948.275862069,Re_948p275862,54.30909091,5.272727272727272,10.300000000172416,0.3000000001724157,206
5393,948.275862069,Re_948p275862,54.57272727,5.272727272727272,10.349999999482762,0.34999999948276184,207
5394,948.275862069,Re_948p275862,54.83636364,5.272727272727272,10.400000000689658,0.40000000068965846,208
5395,948.275862069,Re_948p275862,55.1,5.272727272727272,10.450000000000003,0.45000000000000284,209
5396,948.275862069,Re_948p275862,55.36363636,5.272727272727272,10.499999999310347,0.4999999993103472,210
5397,948.275862069,Re_948p275862,55.62727273,5.272727272727272,10.550000000517244,0.5500000005172438,211
5398,948.275862069,Re_948p275862,55.89090909,5.272727272727272,10.599999999827588,0.5999999998275882,212
5399,948.275862069,Re_948p275862,56.15454545,5.272727272727272,10.649999999137933,0.6499999991379326,213
5400,948.275862069,Re_948p275862,56.41818182,5.272727272727272,10.70000000034483,0.7000000003448292,214
5401,948.275862069,Re_948p275862,56.68181818,5.272727272727272,10.749999999655175,0.7499999996551754,215
5402,948.275862069,Re_948p275862,56.94545455,5.272727272727272,10.800000000862072,0.800000000862072,216
5403,948.275862069,Re_948p275862,57.20909091,5.272727272727272,10.850000000172416,0.8500000001724164,217
5404,948.275862069,Re_948p275862,57.47272727,5.272727272727272,10.89999999948276,0.8999999994827608,218
5405,948.275862069,Re_948p275862,57.73636364,5.272727272727272,10.950000000689657,0.9500000006896574,219
5406,948.275862069,Re_948p275862,58.0,5.272727272727272,11.000000000000002,1.7763568394002505e-15,220
5407,948.275862069,Re_948p275862,58.26363636,5.272727272727272,11.049999999310348,0.04999999931034793,221
5408,948.275862069,Re_948p275862,58.52727273,5.272727272727272,11.100000000517245,0.10000000051724456,222
5409,948.275862069,Re_948p275862,58.79090909,5.272727272727272,11.149999999827589,0.14999999982758894,223
5410,948.275862069,Re_948p275862,59.05454545,5.272727272727272,11.199999999137933,0.19999999913793332,224
5411,948.275862069,Re_948p275862,59.31818182,5.272727272727272,11.25000000034483,0.25000000034482994,225
5412,948.275862069,Re_948p275862,59.58181818,5.272727272727272,11.299999999655174,0.2999999996551743,226
5413,948.275862069,Re_948p275862,59.84545455,5.272727272727272,11.350000000862071,0.35000000086207095,227
5414,948.275862069,Re_948p275862,60.10909091,5.272727272727272,11.400000000172415,0.4000000001724153,228
5415,948.275862069,Re_948p275862,60.37272727,5.272727272727272,11.449999999482761,0.4499999994827615,229
5416,948.275862069,Re_948p275862,60.63636364,5.272727272727272,11.500000000689658,0.5000000006896581,230
5417,948.275862069,Re_948p275862,60.9,5.272727272727272,11.550000000000002,0.5500000000000025,231
5418,948.275862069,Re_948p275862,61.16363636,5.272727272727272,11.599999999310347,0.5999999993103469,232
5419,948.275862069,Re_948p275862,61.42727273,5.272727272727272,11.650000000517243,0.6500000005172435,233
5420,948.275862069,Re_948p275862,61.69090909,5.272727272727272,11.699999999827588,0.6999999998275879,234
5421,948.275862069,Re_948p275862,61.95454545,5.272727272727272,11.749999999137932,0.7499999991379322,235
5422,948.275862069,Re_948p275862,62.21818182,5.272727272727272,11.800000000344829,0.8000000003448289,236
5423,948.275862069,Re_948p275862,62.48181818,5.272727272727272,11.849999999655175,0.849999999655175,237
5424,948.275862069,Re_948p275862,62.74545455,5.272727272727272,11.900000000862072,0.9000000008620717,238
5425,948.275862069,Re_948p275862,63.00909091,5.272727272727272,11.950000000172416,0.950000000172416,239
5426,948.275862069,Re_948p275862,63.27272727,5.272727272727272,11.99999999948276,0.9999999994827604,240
5427,965.517241379,Re_965p517241,10.35714286,5.178571428571427,2.000000000551725,5.517248879982617e-10,40
5428,965.517241379,Re_965p517241,10.61607143,5.178571428571427,2.0500000002758627,0.05000000027586271,41
5429,965.517241379,Re_965p517241,10.875,5.178571428571427,2.1000000000000005,0.10000000000000053,42
5430,965.517241379,Re_965p517241,11.13392857,5.178571428571427,2.149999999724139,0.1499999997241388,43
5431,965.517241379,Re_965p517241,11.39285714,5.178571428571427,2.1999999994482766,0.19999999944827662,44
5432,965.517241379,Re_965p517241,11.65178571,5.178571428571427,2.2499999991724144,0.24999999917241444,45
5433,965.517241379,Re_965p517241,11.91071429,5.178571428571427,2.3000000008275867,0.3000000008275867,46
5434,965.517241379,Re_965p517241,12.16964286,5.178571428571427,2.350000000551725,0.350000000551725,47
5435,965.517241379,Re_965p517241,12.42857143,5.178571428571427,2.400000000275863,0.4000000002758628,48
5436,965.517241379,Re_965p517241,12.6875,5.178571428571427,2.4500000000000006,0.4500000000000006,49
5437,965.517241379,Re_965p517241,12.94642857,5.178571428571427,2.499999999724139,0.4999999997241389,50
5438,965.517241379,Re_965p517241,13.20535714,5.178571428571427,2.5499999994482767,0.5499999994482767,51
5439,965.517241379,Re_965p517241,13.46428571,5.178571428571427,2.5999999991724145,0.5999999991724145,52
5440,965.517241379,Re_965p517241,13.72321429,5.178571428571427,2.650000000827587,0.6500000008275868,53
5441,965.517241379,Re_965p517241,13.98214286,5.178571428571427,2.700000000551725,0.7000000005517251,54
5442,965.517241379,Re_965p517241,14.24107143,5.178571428571427,2.750000000275863,0.7500000002758629,55
5443,965.517241379,Re_965p517241,14.5,5.178571428571427,2.8000000000000007,0.8000000000000007,56
5444,965.517241379,Re_965p517241,14.75892857,5.178571428571427,2.849999999724139,0.849999999724139,57
5445,965.517241379,Re_965p517241,15.01785714,5.178571428571427,2.899999999448277,0.8999999994482768,58
5446,965.517241379,Re_965p517241,15.27678571,5.178571428571427,2.9499999991724146,0.9499999991724146,59
5447,965.517241379,Re_965p517241,15.53571429,5.178571428571427,3.000000000827587,8.275868879081827e-10,60
5448,965.517241379,Re_965p517241,15.79464286,5.178571428571427,3.050000000551725,0.050000000551725154,61
5449,965.517241379,Re_965p517241,16.05357143,5.178571428571427,3.1000000002758634,0.10000000027586342,62
5450,965.517241379,Re_965p517241,16.3125,5.178571428571427,3.150000000000001,0.1500000000000008,63
5451,965.517241379,Re_965p517241,16.57142857,5.178571428571427,3.1999999997241386,0.19999999972413862,64
5452,965.517241379,Re_965p517241,16.83035714,5.178571428571427,3.249999999448277,0.2499999994482769,65
5453,965.517241379,Re_965p517241,17.08928571,5.178571428571427,3.2999999991724147,0.2999999991724147,66
5454,965.517241379,Re_965p517241,17.34821429,5.178571428571427,3.3500000008275874,0.3500000008275874,67
5455,965.517241379,Re_965p517241,17.60714286,5.178571428571427,3.4000000005517252,0.40000000055172524,68
5456,965.517241379,Re_965p517241,17.86607143,5.178571428571427,3.4500000002758635,0.4500000002758635,69
5457,965.517241379,Re_965p517241,18.125,5.178571428571427,3.500000000000001,0.5000000000000009,70
5458,965.517241379,Re_965p517241,18.38392857,5.178571428571427,3.5499999997241387,0.5499999997241387,71
5459,965.517241379,Re_965p517241,18.64285714,5.178571428571427,3.599999999448277,0.599999999448277,72
5460,965.517241379,Re_965p517241,18.90178571,5.178571428571427,3.649999999172415,0.6499999991724148,73
5461,965.517241379,Re_965p517241,19.16071429,5.178571428571427,3.7000000008275875,0.7000000008275875,74
5462,965.517241379,Re_965p517241,19.41964286,5.178571428571427,3.7500000005517253,0.7500000005517253,75
5463,965.517241379,Re_965p517241,19.67857143,5.178571428571427,3.8000000002758636,0.8000000002758636,76
5464,965.517241379,Re_965p517241,19.9375,5.178571428571427,3.850000000000001,0.850000000000001,77
5465,965.517241379,Re_965p517241,20.19642857,5.178571428571427,3.899999999724139,0.8999999997241388,78
5466,965.517241379,Re_965p517241,20.45535714,5.178571428571427,3.949999999448277,0.9499999994482771,79
5467,965.517241379,Re_965p517241,20.71428571,5.178571428571427,3.999999999172415,0.9999999991724149,80
5468,965.517241379,Re_965p517241,20.97321429,5.178571428571427,4.050000000827588,0.0500000008275876,81
5469,965.517241379,Re_965p517241,21.23214286,5.178571428571427,4.100000000551725,0.10000000055172542,82
5470,965.517241379,Re_965p517241,21.49107143,5.178571428571427,4.150000000275863,0.15000000027586324,83
5471,965.517241379,Re_965p517241,21.75,5.178571428571427,4.200000000000001,0.20000000000000107,84
5472,965.517241379,Re_965p517241,22.00892857,5.178571428571427,4.249999999724139,0.2499999997241389,85
5473,965.517241379,Re_965p517241,22.26785714,5.178571428571427,4.299999999448278,0.2999999994482776,86
5474,965.517241379,Re_965p517241,22.52678571,5.178571428571427,4.3499999991724145,0.34999999917241453,87
5475,965.517241379,Re_965p517241,22.78571429,5.178571428571427,4.400000000827588,0.40000000082758813,88
5476,965.517241379,Re_965p517241,23.04464286,5.178571428571427,4.450000000551725,0.45000000055172507,89
5477,965.517241379,Re_965p517241,23.30357143,5.178571428571427,4.500000000275864,0.5000000002758638,90
5478,965.517241379,Re_965p517241,23.5625,5.178571428571427,4.550000000000002,0.5500000000000016,91
5479,965.517241379,Re_965p517241,23.82142857,5.178571428571427,4.5999999997241385,0.5999999997241385,92
5480,965.517241379,Re_965p517241,24.08035714,5.178571428571427,4.649999999448277,0.6499999994482772,93
5481,965.517241379,Re_965p517241,24.33928571,5.178571428571427,4.699999999172415,0.6999999991724151,94
5482,965.517241379,Re_965p517241,24.59821429,5.178571428571427,4.750000000827588,0.7500000008275878,95
5483,965.517241379,Re_965p517241,24.85714286,5.178571428571427,4.800000000551726,0.8000000005517256,96
5484,965.517241379,Re_965p517241,25.11607143,5.178571428571427,4.850000000275863,0.8500000002758634,97
5485,965.517241379,Re_965p517241,25.375,5.178571428571427,4.900000000000001,0.9000000000000012,98
5486,965.517241379,Re_965p517241,25.63392857,5.178571428571427,4.949999999724139,0.9499999997241391,99
5487,965.517241379,Re_965p517241,25.89285714,5.178571428571427,4.999999999448278,0.9999999994482778,100
5488,965.517241379,Re_965p517241,26.15178571,5.178571428571427,5.049999999172415,0.04999999917241471,101
5489,965.517241379,Re_965p517241,26.41071429,5.178571428571427,5.100000000827588,0.10000000082758831,102
5490,965.517241379,Re_965p517241,26.66964286,5.178571428571427,5.150000000551725,0.15000000055172524,103
5491,965.517241379,Re_965p517241,26.92857143,5.178571428571427,5.200000000275864,0.20000000027586395,104
5492,965.517241379,Re_965p517241,27.1875,5.178571428571427,5.250000000000002,0.2500000000000018,105
5493,965.517241379,Re_965p517241,27.44642857,5.178571428571427,5.29999999972414,0.2999999997241396,106
5494,965.517241379,Re_965p517241,27.70535714,5.178571428571427,5.349999999448277,0.3499999994482774,107
5495,965.517241379,Re_965p517241,27.96428571,5.178571428571427,5.399999999172415,0.39999999917241524,108
5496,965.517241379,Re_965p517241,28.22321429,5.178571428571427,5.450000000827588,0.45000000082758795,109
5497,965.517241379,Re_965p517241,28.48214286,5.178571428571427,5.500000000551726,0.5000000005517258,110
5498,965.517241379,Re_965p517241,28.74107143,5.178571428571427,5.550000000275864,0.5500000002758636,111
5499,965.517241379,Re_965p517241,29.0,5.178571428571427,5.600000000000001,0.6000000000000014,112
5500,965.517241379,Re_965p517241,29.25892857,5.178571428571427,5.649999999724139,0.6499999997241392,113
5501,965.517241379,Re_965p517241,29.51785714,5.178571428571427,5.699999999448278,0.699999999448278,114
5502,965.517241379,Re_965p517241,29.77678571,5.178571428571427,5.749999999172415,0.7499999991724149,115
5503,965.517241379,Re_965p517241,30.03571429,5.178571428571427,5.8000000008275885,0.8000000008275885,116
5504,965.517241379,Re_965p517241,30.29464286,5.178571428571427,5.850000000551725,0.8500000005517254,117
5505,965.517241379,Re_965p517241,30.55357143,5.178571428571427,5.900000000275864,0.9000000002758641,118
5506,965.517241379,Re_965p517241,30.8125,5.178571428571427,5.950000000000002,0.950000000000002,119
5507,965.517241379,Re_965p517241,31.07142857,5.178571428571427,5.99999999972414,0.9999999997241398,120
5508,965.517241379,Re_965p517241,31.33035714,5.178571428571427,6.049999999448278,0.0499999994482776,121
5509,965.517241379,Re_965p517241,31.58928571,5.178571428571427,6.099999999172415,0.09999999917241542,122
5510,965.517241379,Re_965p517241,31.84821429,5.178571428571427,6.150000000827588,0.15000000082758813,123
5511,965.517241379,Re_965p517241,32.10714286,5.178571428571427,6.200000000551727,0.20000000055172684,124
5512,965.517241379,Re_965p517241,32.36607143,5.178571428571427,6.250000000275864,0.2500000002758638,125
5513,965.517241379,Re_965p517241,32.625,5.178571428571427,6.300000000000002,0.3000000000000016,126
5514,965.517241379,Re_965p517241,32.88392857,5.178571428571427,6.34999999972414,0.3499999997241403,127
5515,965.517241379,Re_965p517241,33.14285714,5.178571428571427,6.399999999448277,0.39999999944827724,128
5516,965.517241379,Re_965p517241,33.40178571,5.178571428571427,6.449999999172415,0.44999999917241507,129
5517,965.517241379,Re_965p517241,33.66071429,5.178571428571427,6.500000000827589,0.5000000008275887,130
5518,965.517241379,Re_965p517241,33.91964286,5.178571428571427,6.5500000005517265,0.5500000005517265,131
5519,965.517241379,Re_965p517241,34.17857143,5.178571428571427,6.600000000275863,0.6000000002758634,132
5520,965.517241379,Re_965p517241,34.4375,5.178571428571427,6.650000000000002,0.6500000000000021,133
5521,965.517241379,Re_965p517241,34.69642857,5.178571428571427,6.69999999972414,0.69999999972414,134
5522,965.517241379,Re_965p517241,34.95535714,5.178571428571427,6.749999999448277,0.7499999994482769,135
5523,965.517241379,Re_965p517241,35.21428571,5.178571428571427,6.799999999172416,0.7999999991724156,136
5524,965.517241379,Re_965p517241,35.47321429,5.178571428571427,6.850000000827588,0.8500000008275883,137
5525,965.517241379,Re_965p517241,35.73214286,5.178571428571427,6.900000000551727,0.900000000551727,138
5526,965.517241379,Re_965p517241,35.99107143,5.178571428571427,6.950000000275864,0.950000000275864,139
5527,965.517241379,Re_965p517241,36.25,5.178571428571427,7.000000000000002,1.7763568394002505e-15,140
5528,965.517241379,Re_965p517241,36.50892857,5.178571428571427,7.0499999997241405,0.04999999972414049,141
5529,965.517241379,Re_965p517241,36.76785714,5.178571428571427,7.099999999448277,0.09999999944827742,142
5530,965.517241379,Re_965p517241,37.02678571,5.178571428571427,7.149999999172415,0.14999999917241524,143
5531,965.517241379,Re_965p517241,37.28571429,5.178571428571427,7.200000000827589,0.20000000082758884,144
5532,965.517241379,Re_965p517241,37.54464286,5.178571428571427,7.250000000551727,0.25000000055172666,145
5533,965.517241379,Re_965p517241,37.80357143,5.178571428571427,7.300000000275864,0.3000000002758636,146
5534,965.517241379,Re_965p517241,38.0625,5.178571428571427,7.350000000000002,0.3500000000000023,147
5535,965.517241379,Re_965p517241,38.32142857,5.178571428571427,7.39999999972414,0.39999999972414013,148
5536,965.517241379,Re_965p517241,38.58035714,5.178571428571427,7.449999999448277,0.44999999944827707,149
5537,965.517241379,Re_965p517241,38.83928571,5.178571428571427,7.499999999172416,0.4999999991724158,150
5538,965.517241379,Re_965p517241,39.09821429,5.178571428571427,7.5500000008275885,0.5500000008275885,151
5539,965.517241379,Re_965p517241,39.35714286,5.178571428571427,7.600000000551727,0.6000000005517272,152
5540,965.517241379,Re_965p517241,39.61607143,5.178571428571427,7.650000000275864,0.6500000002758641,153
5541,965.517241379,Re_965p517241,39.875,5.178571428571427,7.700000000000002,0.700000000000002,154
5542,965.517241379,Re_965p517241,40.13392857,5.178571428571427,7.749999999724141,0.7499999997241407,155
5543,965.517241379,Re_965p517241,40.39285714,5.178571428571427,7.799999999448278,0.7999999994482776,156
5544,965.517241379,Re_965p517241,40.65178571,5.178571428571427,7.849999999172415,0.8499999991724154,157
5545,965.517241379,Re_965p517241,40.91071429,5.178571428571427,7.900000000827589,0.900000000827589,158
5546,965.517241379,Re_965p517241,41.16964286,5.178571428571427,7.950000000551727,0.9500000005517268,159
5547,965.517241379,Re_965p517241,41.42857143,5.178571428571427,8.000000000275865,2.758646644451801e-10,160
5548,965.517241379,Re_965p517241,41.6875,5.178571428571427,8.050000000000002,0.05000000000000249,161
5549,965.517241379,Re_965p517241,41.94642857,5.178571428571427,8.09999999972414,0.09999999972414031,162
5550,965.517241379,Re_965p517241,42.20535714,5.178571428571427,8.149999999448278,0.14999999944827813,163
5551,965.517241379,Re_965p517241,42.46428571,5.178571428571427,8.199999999172416,0.19999999917241595,164
5552,965.517241379,Re_965p517241,42.72321429,5.178571428571427,8.250000000827589,0.25000000082758866,165
5553,965.517241379,Re_965p517241,42.98214286,5.178571428571427,8.300000000551726,0.3000000005517265,166
5554,965.517241379,Re_965p517241,43.24107143,5.178571428571427,8.350000000275864,0.3500000002758643,167
5555,965.517241379,Re_965p517241,43.5,5.178571428571427,8.400000000000002,0.40000000000000213,168
5556,965.517241379,Re_965p517241,43.75892857,5.178571428571427,8.44999999972414,0.44999999972413995,169
5557,965.517241379,Re_965p517241,44.01785714,5.178571428571427,8.499999999448278,0.4999999994482778,170
5558,965.517241379,Re_965p517241,44.27678571,5.178571428571427,8.549999999172416,0.5499999991724156,171
5559,965.517241379,Re_965p517241,44.53571429,5.178571428571427,8.600000000827588,0.6000000008275883,172
5560,965.517241379,Re_965p517241,44.79464286,5.178571428571427,8.650000000551728,0.6500000005517279,173
5561,965.517241379,Re_965p517241,45.05357143,5.178571428571427,8.700000000275864,0.700000000275864,174
5562,965.517241379,Re_965p517241,45.3125,5.178571428571427,8.750000000000002,0.7500000000000018,175
5563,965.517241379,Re_965p517241,45.57142857,5.178571428571427,8.799999999724141,0.7999999997241414,176
5564,965.517241379,Re_965p517241,45.83035714,5.178571428571427,8.849999999448277,0.8499999994482774,177
5565,965.517241379,Re_965p517241,46.08928571,5.178571428571427,8.899999999172417,0.899999999172417,178
5566,965.517241379,Re_965p517241,46.34821429,5.178571428571427,8.95000000082759,0.9500000008275897,179
5567,965.517241379,Re_965p517241,46.60714286,5.178571428571427,9.000000000551728,5.517275525335208e-10,180
5568,965.517241379,Re_965p517241,46.86607143,5.178571428571427,9.050000000275864,0.0500000002758636,181
5569,965.517241379,Re_965p517241,47.125,5.178571428571427,9.100000000000003,0.1000000000000032,182
5570,965.517241379,Re_965p517241,47.38392857,5.178571428571427,9.149999999724141,0.14999999972414102,183
5571,965.517241379,Re_965p517241,47.64285714,5.178571428571427,9.199999999448277,0.19999999944827707,184
5572,965.517241379,Re_965p517241,47.90178571,5.178571428571427,9.249999999172417,0.24999999917241666,185
5573,965.517241379,Re_965p517241,48.16071429,5.178571428571427,9.30000000082759,0.3000000008275894,186
5574,965.517241379,Re_965p517241,48.41964286,5.178571428571427,9.350000000551727,0.3500000005517272,187
5575,965.517241379,Re_965p517241,48.67857143,5.178571428571427,9.400000000275865,0.400000000275865,188
5576,965.517241379,Re_965p517241,48.9375,5.178571428571427,9.450000000000003,0.45000000000000284,189
5577,965.517241379,Re_965p517241,49.19642857,5.178571428571427,9.49999999972414,0.49999999972414066,190
5578,965.517241379,Re_965p517241,49.45535714,5.178571428571427,9.549999999448278,0.5499999994482785,191
5579,965.517241379,Re_965p517241,49.71428571,5.178571428571427,9.599999999172416,0.5999999991724163,192
5580,965.517241379,Re_965p517241,49.97321429,5.178571428571427,9.650000000827589,0.650000000827589,193
5581,965.517241379,Re_965p517241,50.23214286,5.178571428571427,9.700000000551727,0.7000000005517268,194
5582,965.517241379,Re_965p517241,50.49107143,5.178571428571427,9.750000000275865,0.7500000002758647,195
5583,965.517241379,Re_965p517241,50.75,5.178571428571427,9.800000000000002,0.8000000000000025,196
5584,965.517241379,Re_965p517241,51.00892857,5.178571428571427,9.84999999972414,0.8499999997241403,197
5585,965.517241379,Re_965p517241,51.26785714,5.178571428571427,9.899999999448278,0.8999999994482781,198
5586,965.517241379,Re_965p517241,51.52678571,5.178571428571427,9.949999999172416,0.949999999172416,199
5587,965.517241379,Re_965p517241,51.78571429,5.178571428571427,10.000000000827589,8.275886642650221e-10,200
5588,965.517241379,Re_965p517241,52.04464286,5.178571428571427,10.050000000551728,0.05000000055172826,201
5589,965.517241379,Re_965p517241,52.30357143,5.178571428571427,10.100000000275864,0.10000000027586431,202
5590,965.517241379,Re_965p517241,52.5625,5.178571428571427,10.150000000000002,0.15000000000000213,203
5591,965.517241379,Re_965p517241,52.82142857,5.178571428571427,10.199999999724142,0.19999999972414173,204
5592,965.517241379,Re_965p517241,53.08035714,5.178571428571427,10.249999999448278,0.24999999944827778,205
5593,965.517241379,Re_965p517241,53.33928571,5.178571428571427,10.299999999172417,0.2999999991724174,206
5594,965.517241379,Re_965p517241,53.59821429,5.178571428571427,10.35000000082759,0.3500000008275901,207
5595,965.517241379,Re_965p517241,53.85714286,5.178571428571427,10.400000000551728,0.4000000005517279,208
5596,965.517241379,Re_965p517241,54.11607143,5.178571428571427,10.450000000275864,0.45000000027586395,209
5597,965.517241379,Re_965p517241,54.375,5.178571428571427,10.500000000000004,0.5000000000000036,210
5598,965.517241379,Re_965p517241,54.63392857,5.178571428571427,10.549999999724141,0.5499999997241414,211
5599,965.517241379,Re_965p517241,54.89285714,5.178571428571427,10.59999999944828,0.5999999994482792,212
5600,965.517241379,Re_965p517241,55.15178571,5.178571428571427,10.649999999172417,0.649999999172417,213
5601,965.517241379,Re_965p517241,55.41071429,5.178571428571427,10.70000000082759,0.7000000008275897,214
5602,965.517241379,Re_965p517241,55.66964286,5.178571428571427,10.750000000551728,0.7500000005517276,215
5603,965.517241379,Re_965p517241,55.92857143,5.178571428571427,10.800000000275865,0.8000000002758654,216
5604,965.517241379,Re_965p517241,56.1875,5.178571428571427,10.850000000000003,0.8500000000000032,217
5605,965.517241379,Re_965p517241,56.44642857,5.178571428571427,10.899999999724141,0.899999999724141,218
5606,965.517241379,Re_965p517241,56.70535714,5.178571428571427,10.949999999448279,0.9499999994482788,219
5607,965.517241379,Re_965p517241,56.96428571,5.178571428571427,10.999999999172417,0.9999999991724167,220
5608,965.517241379,Re_965p517241,57.22321429,5.178571428571427,11.05000000082759,0.050000000827589375,221
5609,965.517241379,Re_965p517241,57.48214286,5.178571428571427,11.100000000551727,0.1000000005517272,222
5610,965.517241379,Re_965p517241,57.74107143,5.178571428571427,11.150000000275865,0.15000000027586502,223
5611,965.517241379,Re_965p517241,58.0,5.178571428571427,11.200000000000003,0.20000000000000284,224
5612,965.517241379,Re_965p517241,58.25892857,5.178571428571427,11.249999999724142,0.24999999972414244,225
5613,965.517241379,Re_965p517241,58.51785714,5.178571428571427,11.299999999448278,0.2999999994482785,226
5614,965.517241379,Re_965p517241,58.77678571,5.178571428571427,11.349999999172416,0.3499999991724163,227
5615,965.517241379,Re_965p517241,59.03571429,5.178571428571427,11.400000000827589,0.400000000827589,228
5616,965.517241379,Re_965p517241,59.29464286,5.178571428571427,11.450000000551729,0.4500000005517286,229
5617,965.517241379,Re_965p517241,59.55357143,5.178571428571427,11.500000000275865,0.5000000002758647,230
5618,965.517241379,Re_965p517241,59.8125,5.178571428571427,11.550000000000004,0.5500000000000043,231
5619,965.517241379,Re_965p517241,60.07142857,5.178571428571427,11.599999999724142,0.5999999997241421,232
5620,965.517241379,Re_965p517241,60.33035714,5.178571428571427,11.649999999448278,0.6499999994482781,233
5621,965.517241379,Re_965p517241,60.58928571,5.178571428571427,11.699999999172418,0.6999999991724177,234
5622,965.517241379,Re_965p517241,60.84821429,5.178571428571427,11.75000000082759,0.7500000008275904,235
5623,965.517241379,Re_965p517241,61.10714286,5.178571428571427,11.800000000551728,0.8000000005517283,236
5624,965.517241379,Re_965p517241,61.36607143,5.178571428571427,11.850000000275864,0.8500000002758643,237
5625,965.517241379,Re_965p517241,61.625,5.178571428571427,11.900000000000004,0.9000000000000039,238
5626,965.517241379,Re_965p517241,61.88392857,5.178571428571427,11.949999999724142,0.9499999997241417,239
5627,965.517241379,Re_965p517241,62.14285714,5.178571428571427,11.99999999944828,0.9999999994482796,240
5628,982.75862069,Re_982p758621,10.1754386,5.087719298245613,2.0000000006896554,6.896554438640123e-10,40
5629,982.75862069,Re_982p758621,10.42982456,5.087719298245613,2.0499999997241383,0.04999999972413827,41
5630,982.75862069,Re_982p758621,10.68421053,5.087719298245613,2.100000000724138,0.10000000072413817,42
5631,982.75862069,Re_982p758621,10.93859649,5.087719298245613,2.149999999758621,0.149999999758621,43
5632,982.75862069,Re_982p758621,11.19298246,5.087719298245613,2.200000000758621,0.2000000007586209,44
5633,982.75862069,Re_982p758621,11.44736842,5.087719298245613,2.2499999997931037,0.24999999979310372,45
5634,982.75862069,Re_982p758621,11.70175439,5.087719298245613,2.300000000793104,0.30000000079310407,46
5635,982.75862069,Re_982p758621,11.95614035,5.087719298245613,2.349999999827587,0.3499999998275869,47
5636,982.75862069,Re_982p758621,12.21052632,5.087719298245613,2.400000000827587,0.4000000008275868,48
5637,982.75862069,Re_982p758621,12.46491228,5.087719298245613,2.4499999998620696,0.4499999998620696,49
5638,982.75862069,Re_982p758621,12.71929825,5.087719298245613,2.5000000008620695,0.5000000008620695,50
5639,982.75862069,Re_982p758621,12.97368421,5.087719298245613,2.5499999998965523,0.5499999998965523,51
5640,982.75862069,Re_982p758621,13.22807018,5.087719298245613,2.6000000008965523,0.6000000008965523,52
5641,982.75862069,Re_982p758621,13.48245614,5.087719298245613,2.649999999931035,0.6499999999310351,53
5642,982.75862069,Re_982p758621,13.73684211,5.087719298245613,2.700000000931035,0.700000000931035,54
5643,982.75862069,Re_982p758621,13.99122807,5.087719298245613,2.749999999965518,0.7499999999655178,55
5644,982.75862069,Re_982p758621,14.24561404,5.087719298245613,2.8000000009655177,0.8000000009655177,56
5645,982.75862069,Re_982p758621,14.5,5.087719298245613,2.8500000000000005,0.8500000000000005,57
5646,982.75862069,Re_982p758621,14.75438596,5.087719298245613,2.8999999990344834,0.8999999990344834,58
5647,982.75862069,Re_982p758621,15.00877193,5.087719298245613,2.9500000000344833,0.9500000000344833,59
5648,982.75862069,Re_982p758621,15.26315789,5.087719298245613,2.999999999068966,0.9999999990689661,60
5649,982.75862069,Re_982p758621,15.51754386,5.087719298245613,3.050000000068966,0.05000000006896599,61
5650,982.75862069,Re_982p758621,15.77192982,5.087719298245613,3.099999999103449,0.09999999910344881,62
5651,982.75862069,Re_982p758621,16.02631579,5.087719298245613,3.150000000103449,0.15000000010344916,63
5652,982.75862069,Re_982p758621,16.28070175,5.087719298245613,3.1999999991379315,0.19999999913793154,64
5653,982.75862069,Re_982p758621,16.53508772,5.087719298245613,3.250000000137932,0.2500000001379319,65
5654,982.75862069,Re_982p758621,16.78947368,5.087719298245613,3.2999999991724147,0.2999999991724147,66
5655,982.75862069,Re_982p758621,17.04385965,5.087719298245613,3.3500000001724146,0.3500000001724146,67
5656,982.75862069,Re_982p758621,17.29824561,5.087719298245613,3.399999999206897,0.399999999206897,68
5657,982.75862069,Re_982p758621,17.55263158,5.087719298245613,3.4500000002068973,0.45000000020689734,69
5658,982.75862069,Re_982p758621,17.80701754,5.087719298245613,3.49999999924138,0.49999999924138017,70
5659,982.75862069,Re_982p758621,18.06140351,5.087719298245613,3.5500000002413805,0.5500000002413805,71
5660,982.75862069,Re_982p758621,18.31578947,5.087719298245613,3.5999999992758625,0.5999999992758625,72
5661,982.75862069,Re_982p758621,18.57017544,5.087719298245613,3.650000000275863,0.6500000002758628,73
5662,982.75862069,Re_982p758621,18.8245614,5.087719298245613,3.6999999993103456,0.6999999993103456,74
5663,982.75862069,Re_982p758621,19.07894737,5.087719298245613,3.750000000310346,0.750000000310346,75
5664,982.75862069,Re_982p758621,19.33333333,5.087719298245613,3.799999999344828,0.7999999993448279,76
5665,982.75862069,Re_982p758621,19.5877193,5.087719298245613,3.8500000003448283,0.8500000003448283,77
5666,982.75862069,Re_982p758621,19.84210526,5.087719298245613,3.899999999379311,0.8999999993793111,78
5667,982.75862069,Re_982p758621,20.09649123,5.087719298245613,3.9500000003793114,0.9500000003793114,79
5668,982.75862069,Re_982p758621,20.35087719,5.087719298245613,3.999999999413794,0.9999999994137938,80
5669,982.75862069,Re_982p758621,20.60526316,5.087719298245613,4.050000000413794,0.050000000413794154,81
5670,982.75862069,Re_982p758621,20.85964912,5.087719298245613,4.0999999994482765,0.09999999944827653,82
5671,982.75862069,Re_982p758621,21.11403509,5.087719298245613,4.150000000448277,0.15000000044827733,83
5672,982.75862069,Re_982p758621,21.36842105,5.087719298245613,4.199999999482759,0.19999999948275882,84
5673,982.75862069,Re_982p758621,21.62280702,5.087719298245613,4.25000000048276,0.2500000004827596,85
5674,982.75862069,Re_982p758621,21.87719298,5.087719298245613,4.299999999517242,0.299999999517242,86
5675,982.75862069,Re_982p758621,22.13157895,5.087719298245613,4.350000000517243,0.3500000005172428,87
5676,982.75862069,Re_982p758621,22.38596491,5.087719298245613,4.399999999551725,0.39999999955172516,88
5677,982.75862069,Re_982p758621,22.64035088,5.087719298245613,4.450000000551725,0.45000000055172507,89
5678,982.75862069,Re_982p758621,22.89473684,5.087719298245613,4.4999999995862074,0.49999999958620744,90
5679,982.75862069,Re_982p758621,23.14912281,5.087719298245613,4.550000000586208,0.5500000005862082,91
5680,982.75862069,Re_982p758621,23.40350877,5.087719298245613,4.599999999620691,0.5999999996206906,92
5681,982.75862069,Re_982p758621,23.65789474,5.087719298245613,4.6500000006206905,0.6500000006206905,93
5682,982.75862069,Re_982p758621,23.9122807,5.087719298245613,4.699999999655174,0.6999999996551738,94
5683,982.75862069,Re_982p758621,24.16666667,5.087719298245613,4.750000000655174,0.7500000006551737,95
5684,982.75862069,Re_982p758621,24.42105263,5.087719298245613,4.799999999689656,0.7999999996896561,96
5685,982.75862069,Re_982p758621,24.6754386,5.087719298245613,4.850000000689656,0.850000000689656,97
5686,982.75862069,Re_982p758621,24.92982456,5.087719298245613,4.899999999724139,0.8999999997241392,98
5687,982.75862069,Re_982p758621,25.18421053,5.087719298245613,4.950000000724139,0.9500000007241391,99
5688,982.75862069,Re_982p758621,25.43859649,5.087719298245613,4.9999999997586215,0.9999999997586215,100
5689,982.75862069,Re_982p758621,25.69298246,5.087719298245613,5.050000000758621,0.05000000075862143,101
5690,982.75862069,Re_982p758621,25.94736842,5.087719298245613,5.099999999793105,0.0999999997931047,102
5691,982.75862069,Re_982p758621,26.20175439,5.087719298245613,5.150000000793105,0.1500000007931046,103
5692,982.75862069,Re_982p758621,26.45614035,5.087719298245613,5.199999999827587,0.19999999982758698,104
5693,982.75862069,Re_982p758621,26.71052632,5.087719298245613,5.250000000827587,0.2500000008275869,105
5694,982.75862069,Re_982p758621,26.96491228,5.087719298245613,5.29999999986207,0.29999999986207015,106
5695,982.75862069,Re_982p758621,27.21929825,5.087719298245613,5.35000000086207,0.35000000086207006,107
5696,982.75862069,Re_982p758621,27.47368421,5.087719298245613,5.399999999896552,0.39999999989655244,108
5697,982.75862069,Re_982p758621,27.72807018,5.087719298245613,5.450000000896552,0.45000000089655234,109
5698,982.75862069,Re_982p758621,27.98245614,5.087719298245613,5.499999999931036,0.4999999999310356,110
5699,982.75862069,Re_982p758621,28.23684211,5.087719298245613,5.5500000009310355,0.5500000009310355,111
5700,982.75862069,Re_982p758621,28.49122807,5.087719298245613,5.599999999965518,0.5999999999655179,112
5701,982.75862069,Re_982p758621,28.74561404,5.087719298245613,5.650000000965519,0.6500000009655187,113
5702,982.75862069,Re_982p758621,29.0,5.087719298245613,5.700000000000001,0.7000000000000011,114
5703,982.75862069,Re_982p758621,29.25438596,5.087719298245613,5.749999999034484,0.7499999990344843,115
5704,982.75862069,Re_982p758621,29.50877193,5.087719298245613,5.800000000034484,0.8000000000344842,116
5705,982.75862069,Re_982p758621,29.76315789,5.087719298245613,5.849999999068967,0.8499999990689666,117
5706,982.75862069,Re_982p758621,30.01754386,5.087719298245613,5.9000000000689665,0.9000000000689665,118
5707,982.75862069,Re_982p758621,30.27192982,5.087719298245613,5.94999999910345,0.9499999991034498,119
5708,982.75862069,Re_982p758621,30.52631579,5.087719298245613,6.00000000010345,1.0344969325615239e-10,120
5709,982.75862069,Re_982p758621,30.78070175,5.087719298245613,6.049999999137932,0.04999999913793207,121
5710,982.75862069,Re_982p758621,31.03508772,5.087719298245613,6.100000000137932,0.10000000013793198,122
5711,982.75862069,Re_982p758621,31.28947368,5.087719298245613,6.149999999172415,0.14999999917241524,123
5712,982.75862069,Re_982p758621,31.54385965,5.087719298245613,6.200000000172415,0.20000000017241515,124
5713,982.75862069,Re_982p758621,31.79824561,5.087719298245613,6.2499999992068975,0.24999999920689753,125
5714,982.75862069,Re_982p758621,32.05263158,5.087719298245613,6.300000000206898,0.3000000002068983,126
5715,982.75862069,Re_982p758621,32.30701754,5.087719298245613,6.34999999924138,0.3499999992413798,127
5716,982.75862069,Re_982p758621,32.56140351,5.087719298245613,6.400000000241381,0.4000000002413806,128
5717,982.75862069,Re_982p758621,32.81578947,5.087719298245613,6.449999999275863,0.449999999275863,129
5718,982.75862069,Re_982p758621,33.07017544,5.087719298245613,6.500000000275864,0.5000000002758638,130
5719,982.75862069,Re_982p758621,33.3245614,5.087719298245613,6.549999999310346,0.5499999993103462,131
5720,982.75862069,Re_982p758621,33.57894737,5.087719298245613,6.600000000310347,0.600000000310347,132
5721,982.75862069,Re_982p758621,33.83333333,5.087719298245613,6.649999999344829,0.6499999993448293,133
5722,982.75862069,Re_982p758621,34.0877193,5.087719298245613,6.700000000344829,0.7000000003448292,134
5723,982.75862069,Re_982p758621,34.34210526,5.087719298245613,6.749999999379311,0.7499999993793107,135
5724,982.75862069,Re_982p758621,34.59649123,5.087719298245613,6.8000000003793115,0.8000000003793115,136
5725,982.75862069,Re_982p758621,34.85087719,5.087719298245613,6.849999999413794,0.8499999994137939,137
5726,982.75862069,Re_982p758621,35.10526316,5.087719298245613,6.900000000413795,0.9000000004137947,138
5727,982.75862069,Re_982p758621,35.35964912,5.087719298245613,6.949999999448277,0.9499999994482771,139
5728,982.75862069,Re_982p758621,35.61403509,5.087719298245613,7.000000000448278,4.482778592773684e-10,140
5729,982.75862069,Re_982p758621,35.86842105,5.087719298245613,7.04999999948276,0.04999999948276024,141
5730,982.75862069,Re_982p758621,36.12280702,5.087719298245613,7.100000000482761,0.10000000048276103,142
5731,982.75862069,Re_982p758621,36.37719298,5.087719298245613,7.1499999995172425,0.14999999951724252,143
5732,982.75862069,Re_982p758621,36.63157895,5.087719298245613,7.200000000517242,0.20000000051724243,144
5733,982.75862069,Re_982p758621,36.88596491,5.087719298245613,7.249999999551726,0.2499999995517257,145
5734,982.75862069,Re_982p758621,37.14035088,5.087719298245613,7.300000000551726,0.3000000005517256,146
5735,982.75862069,Re_982p758621,37.39473684,5.087719298245613,7.349999999586209,0.34999999958620887,147
5736,982.75862069,Re_982p758621,37.64912281,5.087719298245613,7.400000000586209,0.40000000058620877,148
5737,982.75862069,Re_982p758621,37.90350877,5.087719298245613,7.449999999620691,0.44999999962069115,149
5738,982.75862069,Re_982p758621,38.15789474,5.087719298245613,7.500000000620692,0.5000000006206919,150
5739,982.75862069,Re_982p758621,38.4122807,5.087719298245613,7.549999999655173,0.5499999996551734,151
5740,982.75862069,Re_982p758621,38.66666667,5.087719298245613,7.600000000655173,0.6000000006551733,152
5741,982.75862069,Re_982p758621,38.92105263,5.087719298245613,7.649999999689657,0.6499999996896566,153
5742,982.75862069,Re_982p758621,39.1754386,5.087719298245613,7.7000000006896565,0.7000000006896565,154
5743,982.75862069,Re_982p758621,39.42982456,5.087719298245613,7.74999999972414,0.7499999997241398,155
5744,982.75862069,Re_982p758621,39.68421053,5.087719298245613,7.80000000072414,0.8000000007241397,156
5745,982.75862069,Re_982p758621,39.93859649,5.087719298245613,7.849999999758623,0.849999999758623,157
5746,982.75862069,Re_982p758621,40.19298246,5.087719298245613,7.900000000758623,0.9000000007586229,158
5747,982.75862069,Re_982p758621,40.44736842,5.087719298245613,7.949999999793104,0.9499999997931043,159
5748,982.75862069,Re_982p758621,40.70175439,5.087719298245613,8.000000000793104,7.93104248941745e-10,160
5749,982.75862069,Re_982p758621,40.95614035,5.087719298245613,8.049999999827588,0.049999999827587516,161
5750,982.75862069,Re_982p758621,41.21052632,5.087719298245613,8.100000000827588,0.10000000082758831,162
5751,982.75862069,Re_982p758621,41.46491228,5.087719298245613,8.14999999986207,0.1499999998620698,163
5752,982.75862069,Re_982p758621,41.71929825,5.087719298245613,8.20000000086207,0.2000000008620706,164
5753,982.75862069,Re_982p758621,41.97368421,5.087719298245613,8.249999999896554,0.24999999989655386,165
5754,982.75862069,Re_982p758621,42.22807018,5.087719298245613,8.300000000896555,0.30000000089655465,166
5755,982.75862069,Re_982p758621,42.48245614,5.087719298245613,8.349999999931036,0.34999999993103614,167
5756,982.75862069,Re_982p758621,42.73684211,5.087719298245613,8.400000000931035,0.40000000093103516,168
5757,982.75862069,Re_982p758621,42.99122807,5.087719298245613,8.449999999965518,0.4499999999655184,169
5758,982.75862069,Re_982p758621,43.24561404,5.087719298245613,8.50000000096552,0.5000000009655192,170
5759,982.75862069,Re_982p758621,43.5,5.087719298245613,8.550000000000002,0.5500000000000025,171
5760,982.75862069,Re_982p758621,43.75438596,5.087719298245613,8.599999999034484,0.599999999034484,172
5761,982.75862069,Re_982p758621,44.00877193,5.087719298245613,8.650000000034485,0.6500000000344848,173
5762,982.75862069,Re_982p758621,44.26315789,5.087719298245613,8.699999999068968,0.699999999068968,174
5763,982.75862069,Re_982p758621,44.51754386,5.087719298245613,8.750000000068969,0.7500000000689688,175
5764,982.75862069,Re_982p758621,44.77192982,5.087719298245613,8.79999999910345,0.7999999991034503,176
5765,982.75862069,Re_982p758621,45.02631579,5.087719298245613,8.85000000010345,0.8500000001034493,177
5766,982.75862069,Re_982p758621,45.28070175,5.087719298245613,8.899999999137933,0.8999999991379326,178
5767,982.75862069,Re_982p758621,45.53508772,5.087719298245613,8.950000000137933,0.9500000001379334,179
5768,982.75862069,Re_982p758621,45.78947368,5.087719298245613,8.999999999172415,0.9999999991724149,180
5769,982.75862069,Re_982p758621,46.04385965,5.087719298245613,9.050000000172416,0.05000000017241568,181
5770,982.75862069,Re_982p758621,46.29824561,5.087719298245613,9.099999999206899,0.09999999920689895,182
5771,982.75862069,Re_982p758621,46.55263158,5.087719298245613,9.1500000002069,0.15000000020689974,183
5772,982.75862069,Re_982p758621,46.80701754,5.087719298245613,9.199999999241381,0.19999999924138123,184
5773,982.75862069,Re_982p758621,47.06140351,5.087719298245613,9.25000000024138,0.25000000024138025,185
5774,982.75862069,Re_982p758621,47.31578947,5.087719298245613,9.299999999275864,0.2999999992758635,186
5775,982.75862069,Re_982p758621,47.57017544,5.087719298245613,9.350000000275864,0.3500000002758643,187
5776,982.75862069,Re_982p758621,47.8245614,5.087719298245613,9.399999999310348,0.3999999993103476,188
5777,982.75862069,Re_982p758621,48.07894737,5.087719298245613,9.450000000310347,0.4500000003103466,189
5778,982.75862069,Re_982p758621,48.33333333,5.087719298245613,9.49999999934483,0.49999999934482986,190
5779,982.75862069,Re_982p758621,48.5877193,5.087719298245613,9.55000000034483,0.5500000003448307,191
5780,982.75862069,Re_982p758621,48.84210526,5.087719298245613,9.599999999379312,0.5999999993793121,192
5781,982.75862069,Re_982p758621,49.09649123,5.087719298245613,9.650000000379311,0.6500000003793112,193
5782,982.75862069,Re_982p758621,49.35087719,5.087719298245613,9.699999999413794,0.6999999994137944,194
5783,982.75862069,Re_982p758621,49.60526316,5.087719298245613,9.750000000413795,0.7500000004137952,195
5784,982.75862069,Re_982p758621,49.85964912,5.087719298245613,9.799999999448278,0.7999999994482785,196
5785,982.75862069,Re_982p758621,50.11403509,5.087719298245613,9.850000000448278,0.8500000004482775,197
5786,982.75862069,Re_982p758621,50.36842105,5.087719298245613,9.89999999948276,0.8999999994827608,198
5787,982.75862069,Re_982p758621,50.62280702,5.087719298245613,9.950000000482762,0.9500000004827616,199
5788,982.75862069,Re_982p758621,50.87719298,5.087719298245613,9.999999999517243,0.999999999517243,200
5789,982.75862069,Re_982p758621,51.13157895,5.087719298245613,10.050000000517244,0.05000000051724385,201
5790,982.75862069,Re_982p758621,51.38596491,5.087719298245613,10.099999999551725,0.09999999955172534,202
5791,982.75862069,Re_982p758621,51.64035088,5.087719298245613,10.150000000551726,0.15000000055172613,203
5792,982.75862069,Re_982p758621,51.89473684,5.087719298245613,10.19999999958621,0.1999999995862094,204
5793,982.75862069,Re_982p758621,52.14912281,5.087719298245613,10.25000000058621,0.2500000005862102,205
5794,982.75862069,Re_982p758621,52.40350877,5.087719298245613,10.299999999620692,0.2999999996206917,206
5795,982.75862069,Re_982p758621,52.65789474,5.087719298245613,10.350000000620692,0.3500000006206925,207
5796,982.75862069,Re_982p758621,52.9122807,5.087719298245613,10.399999999655174,0.39999999965517397,208
5797,982.75862069,Re_982p758621,53.16666667,5.087719298245613,10.450000000655175,0.45000000065517476,209
5798,982.75862069,Re_982p758621,53.42105263,5.087719298245613,10.499999999689656,0.49999999968965625,210
5799,982.75862069,Re_982p758621,53.6754386,5.087719298245613,10.550000000689657,0.550000000689657,211
5800,982.75862069,Re_982p758621,53.92982456,5.087719298245613,10.59999999972414,0.5999999997241403,212
5801,982.75862069,Re_982p758621,54.18421053,5.087719298245613,10.650000000724141,0.6500000007241411,213
5802,982.75862069,Re_982p758621,54.43859649,5.087719298245613,10.699999999758623,0.6999999997586226,214
5803,982.75862069,Re_982p758621,54.69298246,5.087719298245613,10.750000000758623,0.7500000007586234,215
5804,982.75862069,Re_982p758621,54.94736842,5.087719298245613,10.799999999793105,0.7999999997931049,216
5805,982.75862069,Re_982p758621,55.20175439,5.087719298245613,10.850000000793106,0.8500000007931057,217
5806,982.75862069,Re_982p758621,55.45614035,5.087719298245613,10.899999999827589,0.8999999998275889,218
5807,982.75862069,Re_982p758621,55.71052632,5.087719298245613,10.950000000827588,0.950000000827588,219
5808,982.75862069,Re_982p758621,55.96491228,5.087719298245613,10.999999999862071,0.9999999998620712,220
5809,982.75862069,Re_982p758621,56.21929825,5.087719298245613,11.050000000862072,0.050000000862072014,221
5810,982.75862069,Re_982p758621,56.47368421,5.087719298245613,11.099999999896555,0.09999999989655528,222
5811,982.75862069,Re_982p758621,56.72807018,5.087719298245613,11.150000000896554,0.1500000008965543,223
5812,982.75862069,Re_982p758621,56.98245614,5.087719298245613,11.199999999931036,0.1999999999310358,224
5813,982.75862069,Re_982p758621,57.23684211,5.087719298245613,11.250000000931037,0.2500000009310366,225
5814,982.75862069,Re_982p758621,57.49122807,5.087719298245613,11.29999999996552,0.29999999996551985,226
5815,982.75862069,Re_982p758621,57.74561404,5.087719298245613,11.350000000965519,0.35000000096551886,227
5816,982.75862069,Re_982p758621,58.0,5.087719298245613,11.400000000000002,0.40000000000000213,228
5817,982.75862069,Re_982p758621,58.25438596,5.087719298245613,11.449999999034485,0.4499999990344854,229
5818,982.75862069,Re_982p758621,58.50877193,5.087719298245613,11.500000000034486,0.5000000000344862,230
5819,982.75862069,Re_982p758621,58.76315789,5.087719298245613,11.549999999068968,0.5499999990689677,231
5820,982.75862069,Re_982p758621,59.01754386,5.087719298245613,11.600000000068968,0.6000000000689685,232
5821,982.75862069,Re_982p758621,59.27192982,5.087719298245613,11.64999999910345,0.64999999910345,233
5822,982.75862069,Re_982p758621,59.52631579,5.087719298245613,11.70000000010345,0.7000000001034508,234
5823,982.75862069,Re_982p758621,59.78070175,5.087719298245613,11.749999999137934,0.749999999137934,235
5824,982.75862069,Re_982p758621,60.03508772,5.087719298245613,11.800000000137933,0.800000000137933,236
5825,982.75862069,Re_982p758621,60.28947368,5.087719298245613,11.849999999172416,0.8499999991724163,237
5826,982.75862069,Re_982p758621,60.54385965,5.087719298245613,11.900000000172417,0.9000000001724171,238
5827,982.75862069,Re_982p758621,60.79824561,5.087719298245613,11.949999999206899,0.9499999992068986,239
5828,982.75862069,Re_982p758621,61.05263158,5.087719298245613,12.0000000002069,2.0689938651230477e-10,240
5829,1000,Re_1000p000000,10.0,5.0,2.0,0.0,40
5830,1000,Re_1000p000000,10.25,5.0,2.05,0.04999999999999982,41
5831,1000,Re_1000p000000,10.5,5.0,2.1,0.10000000000000009,42
5832,1000,Re_1000p000000,10.75,5.0,2.15,0.1499999999999999,43
5833,1000,Re_1000p000000,11.0,5.0,2.2,0.20000000000000018,44
5834,1000,Re_1000p000000,11.25,5.0,2.25,0.25,45
5835,1000,Re_1000p000000,11.5,5.0,2.3,0.2999999999999998,46
5836,1000,Re_1000p000000,11.75,5.0,2.35,0.3500000000000001,47
5837,1000,Re_1000p000000,12.0,5.0,2.4,0.3999999999999999,48
5838,1000,Re_1000p000000,12.25,5.0,2.45,0.4500000000000002,49
5839,1000,Re_1000p000000,12.5,5.0,2.5,0.5,50
5840,1000,Re_1000p000000,12.75,5.0,2.55,0.5499999999999998,51
5841,1000,Re_1000p000000,13.0,5.0,2.6,0.6000000000000001,52
5842,1000,Re_1000p000000,13.25,5.0,2.65,0.6499999999999999,53
5843,1000,Re_1000p000000,13.5,5.0,2.7,0.7000000000000002,54
5844,1000,Re_1000p000000,13.75,5.0,2.75,0.75,55
5845,1000,Re_1000p000000,14.0,5.0,2.8,0.7999999999999998,56
5846,1000,Re_1000p000000,14.25,5.0,2.85,0.8500000000000001,57
5847,1000,Re_1000p000000,14.5,5.0,2.9,0.8999999999999999,58
5848,1000,Re_1000p000000,14.75,5.0,2.95,0.9500000000000002,59
5849,1000,Re_1000p000000,15.0,5.0,3.0,0.0,60
5850,1000,Re_1000p000000,15.25,5.0,3.05,0.04999999999999982,61
5851,1000,Re_1000p000000,15.5,5.0,3.1,0.10000000000000009,62
5852,1000,Re_1000p000000,15.75,5.0,3.15,0.1499999999999999,63
5853,1000,Re_1000p000000,16.0,5.0,3.2,0.20000000000000018,64
5854,1000,Re_1000p000000,16.25,5.0,3.25,0.25,65
5855,1000,Re_1000p000000,16.5,5.0,3.3,0.2999999999999998,66
5856,1000,Re_1000p000000,16.75,5.0,3.35,0.3500000000000001,67
5857,1000,Re_1000p000000,17.0,5.0,3.4,0.3999999999999999,68
5858,1000,Re_1000p000000,17.25,5.0,3.45,0.4500000000000002,69
5859,1000,Re_1000p000000,17.5,5.0,3.5,0.5,70
5860,1000,Re_1000p000000,17.75,5.0,3.55,0.5499999999999998,71
5861,1000,Re_1000p000000,18.0,5.0,3.6,0.6000000000000001,72
5862,1000,Re_1000p000000,18.25,5.0,3.65,0.6499999999999999,73
5863,1000,Re_1000p000000,18.5,5.0,3.7,0.7000000000000002,74
5864,1000,Re_1000p000000,18.75,5.0,3.75,0.75,75
5865,1000,Re_1000p000000,19.0,5.0,3.8,0.7999999999999998,76
5866,1000,Re_1000p000000,19.25,5.0,3.85,0.8500000000000001,77
5867,1000,Re_1000p000000,19.5,5.0,3.9,0.8999999999999999,78
5868,1000,Re_1000p000000,19.75,5.0,3.95,0.9500000000000002,79
5869,1000,Re_1000p000000,20.0,5.0,4.0,0.0,80
5870,1000,Re_1000p000000,20.25,5.0,4.05,0.04999999999999982,81
5871,1000,Re_1000p000000,20.5,5.0,4.1,0.09999999999999964,82
5872,1000,Re_1000p000000,20.75,5.0,4.15,0.15000000000000036,83
5873,1000,Re_1000p000000,21.0,5.0,4.2,0.20000000000000018,84
5874,1000,Re_1000p000000,21.25,5.0,4.25,0.25,85
5875,1000,Re_1000p000000,21.5,5.0,4.3,0.2999999999999998,86
5876,1000,Re_1000p000000,21.75,5.0,4.35,0.34999999999999964,87
5877,1000,Re_1000p000000,22.0,5.0,4.4,0.40000000000000036,88
5878,1000,Re_1000p000000,22.25,5.0,4.45,0.4500000000000002,89
5879,1000,Re_1000p000000,22.5,5.0,4.5,0.5,90
5880,1000,Re_1000p000000,22.75,5.0,4.55,0.5499999999999998,91
5881,1000,Re_1000p000000,23.0,5.0,4.6,0.5999999999999996,92
5882,1000,Re_1000p000000,23.25,5.0,4.65,0.6500000000000004,93
5883,1000,Re_1000p000000,23.5,5.0,4.7,0.7000000000000002,94
5884,1000,Re_1000p000000,23.75,5.0,4.75,0.75,95
5885,1000,Re_1000p000000,24.0,5.0,4.8,0.7999999999999998,96
5886,1000,Re_1000p000000,24.25,5.0,4.85,0.8499999999999996,97
5887,1000,Re_1000p000000,24.5,5.0,4.9,0.9000000000000004,98
5888,1000,Re_1000p000000,24.75,5.0,4.95,0.9500000000000002,99
5889,1000,Re_1000p000000,25.0,5.0,5.0,0.0,100
5890,1000,Re_1000p000000,25.25,5.0,5.05,0.04999999999999982,101
5891,1000,Re_1000p000000,25.5,5.0,5.1,0.09999999999999964,102
5892,1000,Re_1000p000000,25.75,5.0,5.15,0.15000000000000036,103
5893,1000,Re_1000p000000,26.0,5.0,5.2,0.20000000000000018,104
5894,1000,Re_1000p000000,26.25,5.0,5.25,0.25,105
5895,1000,Re_1000p000000,26.5,5.0,5.3,0.2999999999999998,106
5896,1000,Re_1000p000000,26.75,5.0,5.35,0.34999999999999964,107
5897,1000,Re_1000p000000,27.0,5.0,5.4,0.40000000000000036,108
5898,1000,Re_1000p000000,27.25,5.0,5.45,0.4500000000000002,109
5899,1000,Re_1000p000000,27.5,5.0,5.5,0.5,110
5900,1000,Re_1000p000000,27.75,5.0,5.55,0.5499999999999998,111
5901,1000,Re_1000p000000,28.0,5.0,5.6,0.5999999999999996,112
5902,1000,Re_1000p000000,28.25,5.0,5.65,0.6500000000000004,113
5903,1000,Re_1000p000000,28.5,5.0,5.7,0.7000000000000002,114
5904,1000,Re_1000p000000,28.75,5.0,5.75,0.75,115
5905,1000,Re_1000p000000,29.0,5.0,5.8,0.7999999999999998,116
5906,1000,Re_1000p000000,29.25,5.0,5.85,0.8499999999999996,117
5907,1000,Re_1000p000000,29.5,5.0,5.9,0.9000000000000004,118
5908,1000,Re_1000p000000,29.75,5.0,5.95,0.9500000000000002,119
5909,1000,Re_1000p000000,30.0,5.0,6.0,0.0,120
5910,1000,Re_1000p000000,30.25,5.0,6.05,0.04999999999999982,121
5911,1000,Re_1000p000000,30.5,5.0,6.1,0.09999999999999964,122
5912,1000,Re_1000p000000,30.75,5.0,6.15,0.15000000000000036,123
5913,1000,Re_1000p000000,31.0,5.0,6.2,0.20000000000000018,124
5914,1000,Re_1000p000000,31.25,5.0,6.25,0.25,125
5915,1000,Re_1000p000000,31.5,5.0,6.3,0.2999999999999998,126
5916,1000,Re_1000p000000,31.75,5.0,6.35,0.34999999999999964,127
5917,1000,Re_1000p000000,32.0,5.0,6.4,0.40000000000000036,128
5918,1000,Re_1000p000000,32.25,5.0,6.45,0.4500000000000002,129
5919,1000,Re_1000p000000,32.5,5.0,6.5,0.5,130
5920,1000,Re_1000p000000,32.75,5.0,6.55,0.5499999999999998,131
5921,1000,Re_1000p000000,33.0,5.0,6.6,0.5999999999999996,132
5922,1000,Re_1000p000000,33.25,5.0,6.65,0.6500000000000004,133
5923,1000,Re_1000p000000,33.5,5.0,6.7,0.7000000000000002,134
5924,1000,Re_1000p000000,33.75,5.0,6.75,0.75,135
5925,1000,Re_1000p000000,34.0,5.0,6.8,0.7999999999999998,136
5926,1000,Re_1000p000000,34.25,5.0,6.85,0.8499999999999996,137
5927,1000,Re_1000p000000,34.5,5.0,6.9,0.9000000000000004,138
5928,1000,Re_1000p000000,34.75,5.0,6.95,0.9500000000000002,139
5929,1000,Re_1000p000000,35.0,5.0,7.0,0.0,140
5930,1000,Re_1000p000000,35.25,5.0,7.05,0.04999999999999982,141
5931,1000,Re_1000p000000,35.5,5.0,7.1,0.09999999999999964,142
5932,1000,Re_1000p000000,35.75,5.0,7.15,0.15000000000000036,143
5933,1000,Re_1000p000000,36.0,5.0,7.2,0.20000000000000018,144
5934,1000,Re_1000p000000,36.25,5.0,7.25,0.25,145
5935,1000,Re_1000p000000,36.5,5.0,7.3,0.2999999999999998,146
5936,1000,Re_1000p000000,36.75,5.0,7.35,0.34999999999999964,147
5937,1000,Re_1000p000000,37.0,5.0,7.4,0.40000000000000036,148
5938,1000,Re_1000p000000,37.25,5.0,7.45,0.4500000000000002,149
5939,1000,Re_1000p000000,37.5,5.0,7.5,0.5,150
5940,1000,Re_1000p000000,37.75,5.0,7.55,0.5499999999999998,151
5941,1000,Re_1000p000000,38.0,5.0,7.6,0.5999999999999996,152
5942,1000,Re_1000p000000,38.25,5.0,7.65,0.6500000000000004,153
5943,1000,Re_1000p000000,38.5,5.0,7.7,0.7000000000000002,154
5944,1000,Re_1000p000000,38.75,5.0,7.75,0.75,155
5945,1000,Re_1000p000000,39.0,5.0,7.8,0.7999999999999998,156
5946,1000,Re_1000p000000,39.25,5.0,7.85,0.8499999999999996,157
5947,1000,Re_1000p000000,39.5,5.0,7.9,0.9000000000000004,158
5948,1000,Re_1000p000000,39.75,5.0,7.95,0.9500000000000002,159
5949,1000,Re_1000p000000,40.0,5.0,8.0,0.0,160
5950,1000,Re_1000p000000,40.25,5.0,8.05,0.05000000000000071,161
5951,1000,Re_1000p000000,40.5,5.0,8.1,0.09999999999999964,162
5952,1000,Re_1000p000000,40.75,5.0,8.15,0.15000000000000036,163
5953,1000,Re_1000p000000,41.0,5.0,8.2,0.1999999999999993,164
5954,1000,Re_1000p000000,41.25,5.0,8.25,0.25,165
5955,1000,Re_1000p000000,41.5,5.0,8.3,0.3000000000000007,166
5956,1000,Re_1000p000000,41.75,5.0,8.35,0.34999999999999964,167
5957,1000,Re_1000p000000,42.0,5.0,8.4,0.40000000000000036,168
5958,1000,Re_1000p000000,42.25,5.0,8.45,0.4499999999999993,169
5959,1000,Re_1000p000000,42.5,5.0,8.5,0.5,170
5960,1000,Re_1000p000000,42.75,5.0,8.55,0.5500000000000007,171
5961,1000,Re_1000p000000,43.0,5.0,8.6,0.5999999999999996,172
5962,1000,Re_1000p000000,43.25,5.0,8.65,0.6500000000000004,173
5963,1000,Re_1000p000000,43.5,5.0,8.7,0.6999999999999993,174
5964,1000,Re_1000p000000,43.75,5.0,8.75,0.75,175
5965,1000,Re_1000p000000,44.0,5.0,8.8,0.8000000000000007,176
5966,1000,Re_1000p000000,44.25,5.0,8.85,0.8499999999999996,177
5967,1000,Re_1000p000000,44.5,5.0,8.9,0.9000000000000004,178
5968,1000,Re_1000p000000,44.75,5.0,8.95,0.9499999999999993,179
5969,1000,Re_1000p000000,45.0,5.0,9.0,0.0,180
5970,1000,Re_1000p000000,45.25,5.0,9.05,0.05000000000000071,181
5971,1000,Re_1000p000000,45.5,5.0,9.1,0.09999999999999964,182
5972,1000,Re_1000p000000,45.75,5.0,9.15,0.15000000000000036,183
5973,1000,Re_1000p000000,46.0,5.0,9.2,0.1999999999999993,184
5974,1000,Re_1000p000000,46.25,5.0,9.25,0.25,185
5975,1000,Re_1000p000000,46.5,5.0,9.3,0.3000000000000007,186
5976,1000,Re_1000p000000,46.75,5.0,9.35,0.34999999999999964,187
5977,1000,Re_1000p000000,47.0,5.0,9.4,0.40000000000000036,188
5978,1000,Re_1000p000000,47.25,5.0,9.45,0.4499999999999993,189
5979,1000,Re_1000p000000,47.5,5.0,9.5,0.5,190
5980,1000,Re_1000p000000,47.75,5.0,9.55,0.5500000000000007,191
5981,1000,Re_1000p000000,48.0,5.0,9.6,0.5999999999999996,192
5982,1000,Re_1000p000000,48.25,5.0,9.65,0.6500000000000004,193
5983,1000,Re_1000p000000,48.5,5.0,9.7,0.6999999999999993,194
5984,1000,Re_1000p000000,48.75,5.0,9.75,0.75,195
5985,1000,Re_1000p000000,49.0,5.0,9.8,0.8000000000000007,196
5986,1000,Re_1000p000000,49.25,5.0,9.85,0.8499999999999996,197
5987,1000,Re_1000p000000,49.5,5.0,9.9,0.9000000000000004,198
5988,1000,Re_1000p000000,49.75,5.0,9.95,0.9499999999999993,199
5989,1000,Re_1000p000000,50.0,5.0,10.0,0.0,200
5990,1000,Re_1000p000000,50.25,5.0,10.05,0.05000000000000071,201
5991,1000,Re_1000p000000,50.5,5.0,10.1,0.09999999999999964,202
5992,1000,Re_1000p000000,50.75,5.0,10.15,0.15000000000000036,203
5993,1000,Re_1000p000000,51.0,5.0,10.2,0.1999999999999993,204
5994,1000,Re_1000p000000,51.25,5.0,10.25,0.25,205
5995,1000,Re_1000p000000,51.5,5.0,10.3,0.3000000000000007,206
5996,1000,Re_1000p000000,51.75,5.0,10.35,0.34999999999999964,207
5997,1000,Re_1000p000000,52.0,5.0,10.4,0.40000000000000036,208
5998,1000,Re_1000p000000,52.25,5.0,10.45,0.4499999999999993,209
5999,1000,Re_1000p000000,52.5,5.0,10.5,0.5,210
6000,1000,Re_1000p000000,52.75,5.0,10.55,0.5500000000000007,211
6001,1000,Re_1000p000000,53.0,5.0,10.6,0.5999999999999996,212
6002,1000,Re_1000p000000,53.25,5.0,10.65,0.6500000000000004,213
6003,1000,Re_1000p000000,53.5,5.0,10.7,0.6999999999999993,214
6004,1000,Re_1000p000000,53.75,5.0,10.75,0.75,215
6005,1000,Re_1000p000000,54.0,5.0,10.8,0.8000000000000007,216
6006,1000,Re_1000p000000,54.25,5.0,10.85,0.8499999999999996,217
6007,1000,Re_1000p000000,54.5,5.0,10.9,0.9000000000000004,218
6008,1000,Re_1000p000000,54.75,5.0,10.95,0.9499999999999993,219
6009,1000,Re_1000p000000,55.0,5.0,11.0,0.0,220
6010,1000,Re_1000p000000,55.25,5.0,11.05,0.05000000000000071,221
6011,1000,Re_1000p000000,55.5,5.0,11.1,0.09999999999999964,222
6012,1000,Re_1000p000000,55.75,5.0,11.15,0.15000000000000036,223
6013,1000,Re_1000p000000,56.0,5.0,11.2,0.1999999999999993,224
6014,1000,Re_1000p000000,56.25,5.0,11.25,0.25,225
6015,1000,Re_1000p000000,56.5,5.0,11.3,0.3000000000000007,226
6016,1000,Re_1000p000000,56.75,5.0,11.35,0.34999999999999964,227
6017,1000,Re_1000p000000,57.0,5.0,11.4,0.40000000000000036,228
6018,1000,Re_1000p000000,57.25,5.0,11.45,0.4499999999999993,229
6019,1000,Re_1000p000000,57.5,5.0,11.5,0.5,230
6020,1000,Re_1000p000000,57.75,5.0,11.55,0.5500000000000007,231
6021,1000,Re_1000p000000,58.0,5.0,11.6,0.5999999999999996,232
6022,1000,Re_1000p000000,58.25,5.0,11.65,0.6500000000000004,233
6023,1000,Re_1000p000000,58.5,5.0,11.7,0.6999999999999993,234
6024,1000,Re_1000p000000,58.75,5.0,11.75,0.75,235
6025,1000,Re_1000p000000,59.0,5.0,11.8,0.8000000000000007,236
6026,1000,Re_1000p000000,59.25,5.0,11.85,0.8499999999999996,237
6027,1000,Re_1000p000000,59.5,5.0,11.9,0.9000000000000004,238
6028,1000,Re_1000p000000,59.75,5.0,11.95,0.9499999999999993,239
6029,1000,Re_1000p000000,60.0,5.0,12.0,0.0,240
